time,pos_0,pos_1,pos_2,pos_3,pos_4,pos_5,vel_0,vel_1,vel_2,vel_3,vel_4,vel_5,acc_0,acc_1,acc_2,acc_3,acc_4,acc_5,torque_0,torque_1,torque_2,torque_3,torque_4,torque_5
0.000005871,0.000000052,0.005512925,0.005162335,0.047160119,0.000313337,0.000000000,-0.000000170,0.000004606,0.000002195,0.000004219,-0.000000000,-0.000000000,-0.000496217,0.015896760,0.007663757,0.015834309,0.000003410,-0.000102757,-0.000009555,-1.102605700,-1.032476783,-0.943204284,-0.006266744,-0.000000000
0.020065426,0.000182872,0.004878778,0.004607845,0.058445591,0.000467880,-0.000003044,0.013530652,-0.049732964,-0.000351842,0.640657008,0.005332376,0.001968936,189.515579224,-1169.977050781,2067.110351562,3380.920654297,-198.135406494,285.216186523,-0.042704239,-0.060202546,0.193450749,-0.526141644,-0.008141316,0.000276685
0.040181105,0.000182872,0.004878778,0.004607845,0.058445591,0.000467880,-0.000003044,0.013530652,-0.049732964,-0.000351842,0.640657008,0.005332376,0.001968936,189.515579224,-1169.977050781,2067.110351562,3380.920654297,-198.135406494,285.216186523,-0.042704239,-0.060202546,0.193450749,-0.526141644,-0.008141316,0.000276685
0.060243585,0.000136123,0.003417197,0.005824441,0.072338268,0.000525969,-0.000034820,-0.001438172,-0.063775010,0.037835922,0.737134218,0.006311188,-0.002978203,149.422195435,600.576599121,-614.767700195,-1703.520019531,59.996501923,144.145874023,-0.049475327,0.802345514,-0.400006831,-0.924521208,-0.006005687,0.000142180
0.080306427,0.000248975,0.003154838,0.006378866,0.079159692,0.000524432,0.000012786,0.000915939,-0.014202815,0.029415401,0.378929406,0.001088849,0.000093936,-227.679077148,560.903869629,-364.906677246,-2935.442871094,74.637207031,-118.401351929,-0.089257270,0.751486301,-0.476182252,-1.000165343,-0.005501670,-0.000179327
0.100409347,0.000231096,0.004098520,0.007013035,0.085870408,0.000595252,-0.000005273,-0.001015807,0.029812794,0.022113105,0.180765718,0.001735001,-0.000501612,34.591560364,90.308052063,75.366447449,-212.812042236,-21.213258743,17.450374603,-0.045822930,0.160489455,-0.489590168,-0.902777135,-0.006515226,0.000026269
0.120431387,0.000203094,0.005703438,0.008001844,0.090710036,0.000607475,0.000001674,-0.001094683,0.049640667,0.027767405,0.117187582,0.000302837,0.000132336,-7.493284225,240.429214478,26.645586014,-770.857116699,-6.672086716,5.422164440,-0.034188069,-0.293812096,-0.728427231,-0.959354699,-0.006318619,-0.000000506
0.140527424,0.000170134,0.006730689,0.008525667,0.092412353,0.000614919,0.000000263,-0.001748360,0.056811817,0.029153867,0.095637180,0.000336001,-0.000015809,-0.856713712,143.631820679,31.920040131,-369.050231934,-10.331534386,1.432319045,-0.025378363,-0.554871917,-0.842934191,-0.977336049,-0.006326365,0.000000081
0.160594208,0.000137123,0.007838768,0.009078251,0.093904942,0.000618125,0.000000486,-0.001898336,0.061411772,0.030603444,0.083467387,0.000206580,-0.000005084,-12.824830055,109.197044373,14.687300682,-232.908630371,-1.688547492,-8.944812775,-0.017327556,-0.815922022,-0.964224041,-0.999049544,-0.006281183,-0.000004167
0.180654137,0.000063131,0.010171571,0.010220012,0.096557379,0.000621934,0.000000133,-0.002116843,0.065289959,0.031881925,0.070327371,0.000081395,-0.000011927,-4.598590851,31.447229385,-32.262756348,-154.011657715,-0.092010707,-4.672289371,-0.000596716,-1.322245240,-1.206657767,-1.045852184,-0.006265509,-0.000001691
0.200715816,0.000026053,0.011349135,0.010791153,0.097673967,0.000622286,0.000000397,-0.002087869,0.065330312,0.031625908,0.062104877,0.000003649,0.000016054,-2.450421572,-2.408770323,-18.708423615,-54.524864197,-0.793343961,-3.169886827,0.007087033,-1.565508246,-1.323832154,-1.068800449,-0.006261254,-0.000002852
0.220822666,-0.000011051,0.012503633,0.011346446,0.098653242,0.000622581,0.000000301,-0.002058542,0.064043179,0.030771526,0.054499708,-0.000014663,0.000014304,-2.463313580,-39.937049866,-60.415767670,-107.931381226,-4.306694508,-8.240536690,0.014611845,-1.796952367,-1.434508324,-1.089972019,-0.006264298,-0.000002244
0.240925149,-0.000046577,0.013612156,0.011878487,0.099498741,0.000622293,0.000000275,-0.001988567,0.061515614,0.029449426,0.047028661,-0.000033337,0.000011869,-3.793089867,-77.895156860,-93.147750854,-113.088455200,-3.955408573,-11.441559792,0.021365710,-2.011707544,-1.538091898,-1.109972239,-0.006254321,-0.000002761
0.261039754,-0.000079951,0.014656070,0.012378276,0.100199394,0.000621636,0.000000311,-0.001869321,0.057942901,0.027651533,0.038951892,-0.000059990,0.000017768,-3.377023697,-96.561698914,-106.431602478,-106.994728088,-4.134548664,-11.826766968,0.027504148,-2.207019091,-1.632716298,-1.128353000,-0.006250181,-0.000002994
0.281137155,-0.000137689,0.016482720,0.013231657,0.101270229,0.000621009,-0.000000151,-0.001443894,0.047717109,0.022268277,0.029494110,-0.000014166,0.000008824,9.751693726,-186.723693848,-45.132659912,4.623197079,-7.176707268,-0.936975539,0.037677128,-2.526659966,-1.777050257,-1.153579354,-0.006265046,0.000001673
0.301228849,-0.000161897,0.017223084,0.013601382,0.101670593,0.000619411,0.000000059,-0.001403464,0.041351374,0.019979546,0.022037370,-0.000049998,-0.000006328,-4.765795708,-140.426162720,-173.672134399,-124.566719055,4.118677616,-11.727768898,0.040742017,-2.640239954,-1.844818592,-1.169761658,-0.006214500,-0.000003240
0.321342671,-0.000180697,0.017858565,0.013906946,0.101813391,0.000617637,0.000000672,-0.001096592,0.035321280,0.016845420,0.007869872,-0.000166470,0.000052628,-3.045257807,-56.474662781,-67.702621460,-77.961349487,-2.418725491,-6.828175068,0.043377269,-2.736121178,-1.892929912,-1.180026650,-0.006237519,-0.000005058
0.341458583,-0.000197520,0.018379040,0.014146701,0.101718239,0.000617004,0.000000440,-0.000927460,0.028879128,0.013292725,-0.005119628,-0.000120566,0.000034470,-2.135683060,-163.004562378,-168.038696289,-143.915054321,-12.043219566,-17.374692917,0.045747411,-2.809158564,-1.925798774,-1.185085177,-0.006259240,-0.000003929
0.361519824,-0.000209811,0.018773796,0.014325616,0.101414472,0.000615460,0.000000468,-0.000715286,0.021952782,0.009818233,-0.016710350,-0.000121588,0.000030974,-5.639137268,-166.899063110,-181.395462036,-96.895515442,-8.346446991,-19.534467697,0.046818364,-2.854482174,-1.947157621,-1.188121438,-0.006243621,-0.000005047
0.381617497,-0.000218135,0.019040862,0.014442077,0.100902423,0.000613655,0.000000560,-0.000488409,0.014883505,0.006340848,-0.028356878,-0.000149084,0.000039680,-1.151597857,-31.196805954,-36.378204346,-15.713679314,-1.690490007,-3.905100107,0.047185082,-2.872887611,-1.956284165,-1.189124227,-0.006244789,-0.000005353
0.401677608,-0.000221943,0.019189987,0.014453206,0.099524356,0.000612206,-0.000000239,0.000128055,0.000119277,-0.001554573,-0.036000170,-0.000023673,0.000014901,15.223759651,-249.467956543,-34.136558533,160.821426392,-13.551051140,-1.326412439,0.045839325,-2.828619719,-1.915309072,-1.174415946,-0.006286265,0.000002674
0.421776902,-0.000218526,0.019049563,0.014404710,0.098748177,0.000609129,0.000000273,0.000074403,-0.007281912,-0.003665477,-0.043438800,-0.000093393,-0.000004686,-13.744321823,-121.563331604,-248.774719238,-51.521640778,8.260799408,-20.457406998,0.042526312,-2.756196260,-1.903638721,-1.176934719,-0.006192455,-0.000006671
0.441814530,-0.000209151,0.018817777,0.014286552,0.097634174,0.000606119,0.000001336,0.000437866,-0.012757164,-0.006722962,-0.061939772,-0.000294235,0.000097376,-18.215448380,-105.514373779,-236.695739746,-173.134674072,-11.830498695,-30.318185806,0.039653346,-2.679898024,-1.868909359,-1.170940280,-0.006245189,-0.000009318
0.461872688,-0.000200034,0.018495699,0.014105767,0.096248552,0.000605266,0.000000914,0.000520701,-0.017893128,-0.010000060,-0.076624118,-0.000194223,0.000060529,-9.108978271,-116.693382263,-207.359970093,-41.700016022,-21.939846039,-30.076486588,0.037173379,-2.592852354,-1.820953488,-1.158275843,-0.006285500,-0.000007400
0.481979187,-0.000170373,0.017570529,0.013572956,0.093285568,0.000603123,-0.000000138,0.001061780,-0.028734721,-0.016087608,-0.076536626,-0.000031863,0.000024356,16.031627655,-206.251052856,17.144462585,363.329772949,-16.766994476,-1.630776048,0.030035863,-2.359870195,-1.680721641,-1.120572567,-0.006307713,0.000002763
0.502091109,-0.000153384,0.016953228,0.013298358,0.091825992,0.000599309,0.000000472,0.000793814,-0.033583246,-0.016529409,-0.081529878,-0.000110968,-0.000011752,-22.798761368,-21.972244263,-268.298339844,66.897026062,11.525063515,-28.469644547,0.024130600,-2.205611944,-1.636933804,-1.118138790,-0.006193270,-0.000009729
0.522242150,-0.000130955,0.016307842,0.012974955,0.090014964,0.000595360,0.000002024,0.001118067,-0.035695046,-0.018158624,-0.100613974,-0.000372512,0.000132569,-30.947639465,3.034160614,-236.759780884,-71.397102356,-12.754415512,-42.012012482,0.019220753,-2.066658974,-1.571440458,-1.105739474,-0.006255187,-0.000014172
0.542390602,-0.000112072,0.015635638,0.012614527,0.087954849,0.000594340,0.000001426,0.001075585,-0.037345842,-0.019955240,-0.113961302,-0.000245265,0.000085237,-15.712016106,-8.909359932,-186.929077148,105.649848938,-25.568840027,-38.972640991,0.015679954,-1.932573199,-1.498082161,-1.086667895,-0.006312925,-0.000010838
0.562485461,-0.000091405,0.014932375,0.012240932,0.085752353,0.000591395,0.000001415,0.001076170,-0.038953677,-0.020926679,-0.121956907,-0.000217625,0.000065361,-23.909313202,7.162051678,-190.487457275,228.859176636,-14.201814651,-42.518718719,0.011025692,-1.793620110,-1.427665710,-1.069185615,-0.006277297,-0.000013400
0.582556108,-0.000048030,0.013408499,0.011452541,0.082032993,0.000587202,0.000000567,0.000922400,-0.042870823,-0.021239307,-0.104044817,-0.000113483,-0.000033145,-28.774311066,95.623001099,-261.372711182,213.204284668,13.372831345,-35.996875763,0.001076137,-1.473765731,-1.279003620,-1.037938118,-0.006207711,-0.000012771
0.602629671,-0.000022687,0.012665434,0.011076010,0.079824843,0.000582162,0.000002810,0.001199621,-0.041108839,-0.021169240,-0.122620799,-0.000429888,0.000163590,-42.825248718,104.650390625,-207.587066650,51.393669128,-8.691683769,-51.945423126,-0.003949156,-1.339863539,-1.215388060,-1.025514126,-0.006260739,-0.000020924
0.622780508,-0.000004223,0.011961716,0.010689927,0.077407770,0.000580804,0.000002054,0.001072304,-0.039127558,-0.021363277,-0.133684754,-0.000298760,0.000118564,-23.589200974,93.411079407,-178.077102661,274.982177734,-28.479150772,-52.785850525,-0.006309152,-1.224732876,-1.148470163,-1.006410837,-0.006339530,-0.000014855
0.642838907,0.000013819,0.011286295,0.010321190,0.074907623,0.000577460,0.000001839,0.000914308,-0.037409220,-0.020700611,-0.138465360,-0.000239585,0.000071503,-0.398174882,1.212508440,-2.200998068,4.792866707,-0.168560147,-0.677068770,-0.009891782,-1.114773154,-1.091268301,-0.990779281,-0.006296688,-0.000018010
0.663031767,0.000050111,0.010039029,0.009576645,0.070284620,0.000572992,0.000000537,0.001269206,-0.034570631,-0.020286471,-0.114049919,-0.000108756,0.000083277,12.531132698,-57.037094116,153.493118286,824.396484375,-22.168453217,-3.403774977,-0.015059185,-0.910399318,-0.950635195,-0.948746085,-0.006362969,0.000001987
0.683126527,0.000060482,0.009427141,0.009311341,0.068291880,0.000568506,0.000000518,0.000398318,-0.032950602,-0.016744336,-0.111385971,-0.000116926,-0.000070697,-33.696140289,205.488845825,-288.559143066,384.893310547,14.364755630,-48.748245239,-0.018690683,-0.796761990,-0.942321897,-0.955571353,-0.006233216,-0.000015917
0.703212790,0.000078074,0.008920210,0.009042116,0.065949418,0.000562249,0.000003644,0.000638522,-0.027998075,-0.015309471,-0.129974604,-0.000461605,0.000180646,-72.203483582,214.481369019,-258.187225342,203.439941406,-3.279590845,-85.499603271,-0.022093754,-0.732319355,-0.911531925,-0.949113429,-0.006259917,-0.000030599
0.723358715,0.000086539,0.008500314,0.008782164,0.063431524,0.000560012,0.000002897,0.000528941,-0.023413733,-0.014355111,-0.139184877,-0.000363495,0.000166334,-32.887828827,161.206375122,-183.497817993,437.330108643,-26.247589111,-70.373367310,-0.021414286,-0.694846153,-0.879295290,-0.935612857,-0.006353708,-0.000020683
0.743514243,0.000092343,0.008144631,0.008559070,0.060879581,0.000556247,0.000002234,0.000233870,-0.019668233,-0.012659958,-0.141350269,-0.000266952,0.000074226,-41.895782471,162.899124146,-203.426818848,578.319213867,-13.212344170,-75.753135681,-0.022151753,-0.665871322,-0.860531688,-0.926953793,-0.006313154,-0.000023084
0.763590747,0.000105128,0.007612799,0.008137239,0.056339633,0.000550158,0.000000969,0.000670186,-0.014366885,-0.011012285,-0.108577058,-0.000159060,0.000124716,10.292435646,-51.456302643,186.821151733,990.778259277,-21.161050797,-6.233054161,-0.021970741,-0.628472090,-0.794366777,-0.898028076,-0.006369721,0.000001035
0.783742849,0.000100596,0.007373719,0.008055630,0.054476265,0.000545475,0.000000345,-0.000408842,-0.012114298,-0.006875857,-0.104310870,-0.000133164,-0.000103958,-30.375137329,225.090347290,-311.376739502,446.969451904,13.160802841,-53.933097839,-0.022422327,-0.594361603,-0.831830442,-0.914907873,-0.006249624,-0.000017402
0.803891756,0.000105786,0.007253084,0.007968847,0.052222934,0.000538432,0.000004125,-0.000174182,-0.006541095,-0.005303937,-0.124861456,-0.000467245,0.000173998,-33.448154449,88.139663696,-114.895324707,105.906234741,0.961726367,-40.718452454,-0.023813190,-0.613832533,-0.841435194,-0.916083217,-0.006252403,-0.000038910
0.824069616,0.000101960,0.007220525,0.007888396,0.049788650,0.000535206,0.000003594,-0.000165793,-0.001943766,-0.004395337,-0.134435564,-0.000410723,0.000205103,-42.646846771,164.938140869,-226.412628174,545.734436035,-22.682319641,-90.316108704,-0.020276815,-0.658738613,-0.846742630,-0.909192622,-0.006347633,-0.000026378
0.844347435,0.000094502,0.007242521,0.007841809,0.047328390,0.000531022,0.000002492,-0.000489643,0.001292502,-0.002892879,-0.136270493,-0.000297183,0.000078350,-49.917636871,167.732254028,-269.912048340,737.916625977,-13.007948875,-99.350196838,-0.018330384,-0.706375420,-0.864596546,-0.907490671,-0.006315591,-0.000026760
0.864413677,0.000087575,0.007315749,0.007822555,0.044829849,0.000525185,0.000002940,-0.000557822,0.004198915,-0.001482074,-0.138587058,-0.000353166,0.000106393,-17.811368942,48.154747009,-86.014503479,211.292327881,-1.310810566,-30.310707092,-0.016552242,-0.759608865,-0.889031112,-0.908690274,-0.006288464,-0.000030236
0.884476608,0.000074825,0.007568494,0.007757664,0.040467076,0.000518395,0.000001142,0.000054382,0.006314851,-0.001348503,-0.101414353,-0.000189510,0.000147083,11.071637154,-121.414535522,190.272567749,1120.956665039,-21.547843933,-9.481027603,-0.011565028,-0.868368864,-0.886099875,-0.890812874,-0.006368422,0.000000554
0.904686466,0.000058000,0.007663959,0.007842084,0.038725436,0.000513230,0.000000167,-0.001086196,0.006603209,0.002023451,-0.097626530,-0.000152684,-0.000128508,-32.561950684,216.866592407,-433.985351562,543.289550781,16.082773209,-69.604598999,-0.009931847,-0.889319777,-0.957613826,-0.915484667,-0.006246350,-0.000018626
0.924906305,0.000053917,0.007846323,0.007898711,0.036524314,0.000505536,0.000004385,-0.000776537,0.010304741,0.002523843,-0.121691525,-0.000482980,0.000166812,-106.962028503,205.949172974,-415.478851318,352.259796143,6.742773533,-136.220062256,-0.010231606,-0.960018694,-0.991727054,-0.921096683,-0.006238349,-0.000044769
0.945057966,0.000042260,0.008075829,0.007939686,0.034115430,0.000501632,0.000004009,-0.000615098,0.012586772,0.002345498,-0.132916793,-0.000445822,0.000228953,-50.459064484,112.438163757,-305.906768799,637.683471680,-21.234272003,-110.414695740,-0.005336206,-1.046992540,-1.015410066,-0.917374372,-0.006335851,-0.000030544
0.965208493,0.000022948,0.008522110,0.007969700,0.030014232,0.000496257,0.000001844,0.000043253,0.011211745,0.000545259,-0.097942121,-0.000088718,0.000295997,13.800907135,-57.533027649,72.357604980,280.901550293,-7.328323841,4.485945702,0.000802685,-1.175262213,-1.023002863,-0.903953850,-0.006380294,0.000011131
0.985375104,0.000002617,0.008674438,0.008082429,0.028241012,0.000489957,-0.000000613,-0.001369799,0.009893038,0.003076290,-0.098118335,-0.000109659,-0.000234975,-26.875797272,151.177276611,-426.799560547,491.707275391,25.087562561,-72.459266663,0.001653154,-1.199441910,-1.096786261,-0.926088631,-0.006206914,-0.000021641
1.005442326,0.000000308,0.008880932,0.008150972,0.025997177,0.000481417,0.000004543,-0.000796807,0.011663913,0.003093530,-0.123786099,-0.000542903,0.000150492,-118.879554749,157.926986694,-463.881866455,403.559143066,11.171171188,-151.690139771,0.000515861,-1.265802860,-1.127077460,-0.930576742,-0.006218285,-0.000050713
1.025490886,-0.000010962,0.009102384,0.008186596,0.023544922,0.000478002,0.000004111,-0.000541106,0.012126859,0.002125823,-0.135487348,-0.000468162,0.000247550,-1.457703590,1.980010509,-10.297089577,19.794025421,-0.763780832,-3.419969559,0.005503223,-1.340561509,-1.144398570,-0.926066160,-0.006344633,-0.000030277
1.045555095,-0.000024424,0.009301705,0.008221257,0.021036731,0.000473675,0.000002545,-0.000805823,0.011153243,0.001606519,-0.138988525,-0.000304376,0.000079501,-44.316547394,47.531040192,-334.372375488,714.177307129,-11.071722984,-101.104316711,0.007777142,-1.400045395,-1.168334126,-0.925798833,-0.006308860,-0.000028884
1.065626933,-0.000035649,0.009597298,0.008178640,0.016561329,0.000465435,0.000001372,0.000171439,0.005624362,-0.001508456,-0.105474867,-0.000223357,0.000178133,4.161210060,-88.230369568,58.434913635,424.991394043,-7.523409367,-5.021444798,0.010653058,-1.472451925,-1.149272799,-0.906181574,-0.006355193,-0.000000207
1.085686807,-0.000050607,0.009620797,0.008228656,0.014681431,0.000460453,0.000000003,-0.000954671,0.002681560,-0.000022912,-0.105169728,-0.000156956,-0.000137693,-10.007621765,48.568782806,-188.178421021,184.695892334,5.739333153,-27.052864075,0.011369175,-1.457232475,-1.205941916,-0.927619934,-0.006244318,-0.000018448
1.105759053,-0.000049848,0.009676379,0.008220901,0.012285881,0.000452791,0.000004319,-0.000559505,0.003298535,-0.001177960,-0.131966472,-0.000454782,0.000147374,-42.805709839,48.132320404,-192.599731445,158.900207520,4.247916698,-57.418617249,0.009215672,-1.483484983,-1.216980577,-0.927529275,-0.006225349,-0.000047690
1.125904642,-0.000054496,0.009723186,0.008173387,0.009678837,0.000448619,0.000004145,-0.000250800,0.002466445,-0.002590587,-0.143803224,-0.000436204,0.000234648,-21.882884979,14.350411415,-149.271514893,283.582855225,-6.345660210,-49.125064850,0.012146283,-1.515101194,-1.213036299,-0.918433368,-0.006317929,-0.000033153
1.146097647,-0.000063551,0.009731345,0.008092774,0.006769104,0.000443498,-0.000001575,-0.000588594,0.000563368,-0.005173520,-0.143071130,-0.000317700,-0.000354619,-0.009810001,0.006777273,-0.103051275,0.256010860,-0.000318782,-0.026761798,0.013570635,-1.528077602,-1.211944342,-0.910252273,-0.006286391,-0.000028670
1.166225636,-0.000066790,0.009570993,0.007871344,0.002694122,0.000439380,-0.000006691,-0.000104627,-0.004813692,-0.009854898,-0.113830023,0.000101833,-0.000414715,3.240742445,-2.460221767,-0.738081336,12.679633141,0.136399910,2.903865099,0.017283602,-1.484928608,-1.169913650,-0.898881853,-0.006319604,0.000045444
1.186364339,-0.000068322,0.009406675,0.007822806,0.000340571,0.000430089,-0.000000109,-0.001174702,-0.007707160,-0.006672881,-0.126000851,-0.000233421,-0.000320441,-106.077354431,148.120559692,-637.952148438,941.346862793,49.125274658,-105.590904236,0.009737032,-1.449461579,-1.187592387,-0.899500489,-0.006128955,-0.000040950
1.206521907,-0.000054543,0.009252698,0.007709283,-0.002250402,0.000423276,0.000007228,0.000166668,-0.008486942,-0.006546162,-0.143632054,-0.000588611,0.000409767,-116.650161743,79.819160461,-410.531250000,577.705749512,2.178348303,-155.590332031,0.007913152,-1.433864355,-1.169826031,-0.894526899,-0.006251543,-0.000057426
1.226672274,-0.000056160,0.009084430,0.007560049,-0.004957425,0.000421030,0.000003942,0.000176538,-0.009447142,-0.008042139,-0.150413871,-0.000359114,0.000245940,-30.385276794,32.720466614,-322.930053711,659.382690430,-20.205211639,-114.065582275,0.010898887,-1.416108847,-1.148383260,-0.884947896,-0.006342775,-0.000028473
1.246751267,-0.000056312,0.008885051,0.007403931,-0.007714500,0.000416426,0.000001989,-0.000128934,-0.010940541,-0.009034929,-0.152708545,-0.000232002,0.000008956,-18.358650208,14.329044342,-133.850723267,294.647705078,0.380009711,-42.873069763,0.009654826,-1.387079000,-1.130803585,-0.876732826,-0.006280258,-0.000030870
1.266812497,-0.000040149,0.008379063,0.006989873,-0.012626397,0.000408067,0.000001850,0.000885994,-0.016434085,-0.011563269,-0.118339166,-0.000226380,0.000210381,0.382665634,-190.283508301,132.261703491,999.009155273,-8.044662476,-16.511491776,0.006828741,-1.292538762,-1.035176992,-0.843630373,-0.006319441,-0.000002992
1.286895572,-0.000042826,0.008024952,0.006849329,-0.014717090,0.000404078,-0.000000162,-0.000188859,-0.018396648,-0.010336894,-0.116700582,-0.000153377,-0.000135395,-14.117257118,123.853515625,-404.780975342,459.121520996,9.842477798,-61.676609039,0.005939857,-1.204150200,-1.050106287,-0.854825377,-0.006260048,-0.000015794
1.306973512,-0.000031706,0.007715075,0.006664026,-0.017231725,0.000398419,0.000003478,-0.000015722,-0.016982531,-0.011095327,-0.138140574,-0.000264840,0.000046546,-92.545890808,120.107299805,-390.049530029,466.365631104,15.021455765,-133.274978638,0.001474847,-1.159076571,-1.025132298,-0.846504807,-0.006230873,-0.000048662
1.327138515,-0.000023358,0.007413793,0.006455922,-0.019855896,0.000393929,0.000004187,0.000362490,-0.016813152,-0.011580990,-0.144705355,-0.000293043,0.000206734,-25.257074356,24.894344330,-124.023414612,299.219421387,2.746750593,-50.413574219,0.001576036,-1.122897744,-0.989956260,-0.832137108,-0.006265461,-0.000037920
1.347283148,-0.000019226,0.007100202,0.006252200,-0.022455052,0.000389741,0.000002653,0.000198507,-0.017289577,-0.011607428,-0.144136518,-0.000245478,0.000083003,-18.546035767,26.134946823,-124.036705017,316.276458740,2.881465912,-44.961906433,0.001049666,-1.076158881,-0.963692009,-0.823076248,-0.006268104,-0.000030709
1.367346098,0.000002063,0.006439907,0.005782195,-0.026972104,0.000382627,0.000003384,0.001132950,-0.019441597,-0.012993688,-0.111839004,-0.000200270,0.000426036,8.269798279,-56.806400299,75.929252625,286.510894775,-1.069228888,2.142787695,-0.001756581,-0.962532520,-0.865263641,-0.793375432,-0.006298899,0.000005397
1.387508876,-0.000001514,0.006061473,0.005621104,-0.028937990,0.000379210,-0.000001184,-0.000187459,-0.019847305,-0.011476875,-0.108671583,-0.000144699,-0.000227356,0.836034179,59.482780457,-149.079086304,220.648620605,3.124727249,-26.230037689,-0.002481412,-0.880577445,-0.874720573,-0.799487948,-0.006266037,-0.000012405
1.407652905,0.000010152,0.005740103,0.005435583,-0.031212276,0.000375110,0.000002395,-0.000090538,-0.017599141,-0.011192448,-0.124656931,-0.000142032,-0.000086904,-41.511352539,60.017223358,-151.033554077,232.554809570,6.625073433,-61.094238281,-0.007375210,-0.838258922,-0.851608992,-0.791760921,-0.006243499,-0.000050681
1.427796505,0.000019531,0.005447717,0.005239676,-0.033531182,0.000370810,0.000004053,0.000362796,-0.016304661,-0.010908114,-0.127949163,-0.000170147,0.000181366,-70.502525330,88.909660339,-268.293640137,748.171630859,19.127079010,-128.940597534,-0.007280461,-0.807406545,-0.821388900,-0.779761434,-0.006237705,-0.000039383
1.447856154,0.000022913,0.005166139,0.005057175,-0.035786539,0.000366659,0.000002562,0.000198903,-0.015540167,-0.010361503,-0.125117540,-0.000191785,0.000087531,-40.666103363,85.071983337,-245.895828247,731.703918457,16.756652832,-101.276260376,-0.007122401,-0.771660924,-0.800522149,-0.772327304,-0.006242335,-0.000028361
1.468005605,0.000032449,0.004576961,0.004708369,-0.039107181,0.000361361,-0.000000161,-0.000086666,-0.015836207,-0.008979524,-0.091357425,-0.000147648,-0.000112723,-8.229525566,153.815460205,-299.647186279,434.141143799,7.036177635,-53.148769379,-0.008765312,-0.662278652,-0.756797850,-0.762479544,-0.006263003,-0.000012450
1.488157947,0.000039062,0.004343919,0.004565482,-0.041019142,0.000358583,0.000002095,-0.000171252,-0.012774092,-0.008635422,-0.104647942,-0.000074783,-0.000060970,-83.425155640,155.606567383,-319.159667969,545.320800781,13.969270706,-133.565475464,-0.011717751,-0.641046643,-0.742419839,-0.756260216,-0.006256169,-0.000041611
1.508341523,0.000045133,0.004148192,0.004423829,-0.042938106,0.000354908,0.000003332,0.000137818,-0.010929079,-0.007932983,-0.105731465,-0.000078759,0.000114915,-26.093662262,37.548965454,-87.467056274,276.792999268,9.097917557,-48.273658752,-0.011585001,-0.630951107,-0.723939180,-0.747229934,-0.006229705,-0.000037095
1.528403106,0.000046366,0.003973612,0.004300908,-0.044773720,0.000351011,0.000002268,0.000046817,-0.009607078,-0.007047566,-0.101840630,-0.000135907,0.000063455,-16.454788208,37.101879120,-83.158935547,271.465759277,8.927624702,-39.217556000,-0.010889879,-0.617692947,-0.714956343,-0.742884219,-0.006227599,-0.000027187
1.548477075,0.000054127,0.003685234,0.004055670,-0.047843877,0.000345742,0.000001684,0.000449255,-0.008369839,-0.006151954,-0.072555728,-0.000120145,0.000146301,-6.694362640,-22.829710007,44.876613617,293.148101807,4.302202225,-9.407409668,-0.011755724,-0.591954887,-0.672380090,-0.726656497,-0.006256798,-0.000007462
1.568628731,0.000049221,0.003541270,0.004000806,-0.049067594,0.000343179,-0.000000052,-0.000219578,-0.007242369,-0.004586458,-0.068230338,-0.000133050,-0.000077121,-1.484443903,55.848987579,-95.805885315,163.412124634,2.942019463,-17.859483719,-0.010476254,-0.565719068,-0.694003344,-0.735222340,-0.006257582,-0.000009279
1.588781715,0.000050524,0.003459252,0.003936639,-0.050472572,0.000341455,0.000001352,-0.000353515,-0.004433129,-0.004118609,-0.076794401,-0.000034779,-0.000082387,-25.724924088,52.521068573,-97.511154175,191.742538452,3.991535902,-43.499927521,-0.012062287,-0.571837485,-0.693613172,-0.732529938,-0.006265276,-0.000032955
1.608920177,0.000052119,0.003411108,0.003877165,-0.051850047,0.000338680,0.000002484,-0.000102342,-0.002728078,-0.003358259,-0.075857282,-0.000015345,0.000066054,-22.415075302,32.356014252,-67.297065735,238.402359009,8.766507149,-41.039566040,-0.011406622,-0.586690068,-0.690235019,-0.727872849,-0.006231843,-0.000030582
1.629066096,0.000049838,0.003382632,0.003834464,-0.053133756,0.000335430,0.000001755,-0.000142976,-0.001524356,-0.002527250,-0.071268335,-0.000084954,0.000046676,-13.167255402,29.772445679,-60.855850220,220.553909302,8.917139053,-31.201019287,-0.010085510,-0.598809659,-0.694225252,-0.726918936,-0.006223999,-0.000021485
1.649208371,0.000047036,0.003376416,0.003803441,-0.054349717,0.000332961,0.000001284,-0.000241132,-0.000281364,-0.001916773,-0.067415230,-0.000101905,0.000003376,-12.830925941,28.497072220,-58.445339203,203.693771362,6.093766212,-28.190502167,-0.009424607,-0.613192677,-0.700047553,-0.726489723,-0.006242425,-0.000020042
1.669350918,0.000045270,0.003407719,0.003746725,-0.056276526,0.000329231,0.000001217,0.000100418,0.000599443,-0.001058972,-0.044274595,-0.000075816,0.000104564,-4.836300373,-15.098503113,29.733953476,208.541076660,4.272096634,-7.082079411,-0.008433200,-0.642517269,-0.693815053,-0.720182538,-0.006250818,-0.000005524
1.689415257,0.000038402,0.003422622,0.003763000,-0.056995682,0.000327393,-0.000000054,-0.000331709,0.001308473,-0.000082764,-0.040181488,-0.000100335,-0.000048895,-0.339262426,36.147148132,-63.163269043,118.936805725,2.349587202,-11.733813286,-0.006830313,-0.646967828,-0.718547821,-0.727995932,-0.006256904,-0.000005633
1.709617445,0.000035759,0.003475121,0.003771899,-0.057808276,0.000326450,0.000000740,-0.000418655,0.002976792,0.000154671,-0.044327021,-0.000020291,-0.000063638,-15.184235573,29.339328766,-58.141777039,128.247482300,2.106835842,-26.434108734,-0.007219878,-0.671409905,-0.727769375,-0.728128076,-0.006268957,-0.000020808
1.729761319,0.000033692,0.003544358,0.003782995,-0.058576919,0.000324738,0.000001491,-0.000239430,0.003800724,0.000596572,-0.042330693,0.000002574,0.000035330,-13.906312943,16.618513107,-40.496276855,157.123367310,5.730666637,-25.549154282,-0.006257134,-0.699460864,-0.734690130,-0.727161288,-0.006243845,-0.000019170
1.749913262,0.000029393,0.003620418,0.003802537,-0.059264243,0.000322637,0.000001037,-0.000239479,0.004247030,0.001018869,-0.038240891,-0.000049290,0.000029906,-6.906527519,12.823788643,-32.238231659,127.388031006,5.483467579,-16.806207657,-0.004878150,-0.723858595,-0.745451689,-0.728446841,-0.006236854,-0.000012549
1.770055383,0.000023110,0.003785328,0.003840290,-0.060303412,0.000320274,0.000000653,-0.000075801,0.004300164,0.001296416,-0.023350876,-0.000055921,0.000056362,-2.679515839,-11.469821930,15.652707100,120.600265503,2.029335737,-3.751139402,-0.003466922,-0.767595768,-0.755598068,-0.727915585,-0.006260594,-0.000003074
1.790282577,0.000017150,0.003859673,0.003881249,-0.060668100,0.000319265,-0.000000032,-0.000301494,0.004397717,0.001717968,-0.020409308,-0.000058476,-0.000025649,0.006541846,16.284893036,-35.926128387,70.428932190,1.083817244,-6.303653717,-0.002185477,-0.781655312,-0.775285184,-0.733503044,-0.006263117,-0.000003002
1.810427451,0.000013807,0.003948904,0.003915123,-0.061074503,0.000318709,0.000000389,-0.000334278,0.004982262,0.001704123,-0.022142602,-0.000011769,-0.000034922,-8.594712257,12.821357727,-34.671108246,78.797737122,1.218974829,-15.222857475,-0.002100920,-0.805341840,-0.785190165,-0.734576404,-0.006268599,-0.000011287
1.830488021,0.000011108,0.004040183,0.003946946,-0.061441895,0.000317745,0.000000785,-0.000211174,0.005031326,0.001790664,-0.020262515,-0.000000797,0.000021854,-7.087813854,3.784470558,-20.981018066,87.357398987,3.118296385,-13.154722214,-0.001320956,-0.829079747,-0.792769253,-0.734872282,-0.006254776,-0.000009821
1.850551938,0.000007396,0.004127299,0.003980287,-0.061750319,0.000316621,0.000000494,-0.000193099,0.004840747,0.001848444,-0.017242664,-0.000030765,0.000018823,-2.140439987,1.284240842,-11.709778786,50.379173279,2.119276524,-5.769195080,-0.000359220,-0.848680794,-0.801765859,-0.736350536,-0.006251984,-0.000005513
1.870699163,0.000001663,0.004283872,0.004037374,-0.062147297,0.000315283,-0.000000004,-0.000076158,0.004229642,0.001417238,-0.009481490,-0.000060498,0.000045831,14.214869499,-19.194677353,21.060241699,63.395641327,-0.848802686,19.577695847,0.001131043,-0.879156590,-0.813516557,-0.738510072,-0.006268211,0.000006600
1.890854705,-0.000002452,0.004351083,0.004071196,-0.062301628,0.000315177,-0.000000390,-0.000263013,0.003857077,0.001519558,-0.008151541,-0.000030591,-0.000048589,1.889866352,5.242942333,-47.950176239,120.208419800,-3.651469469,-4.926821232,0.001367642,-0.891105235,-0.823117316,-0.740118325,-0.006279644,-0.000000556
1.910998425,-0.000003754,0.004414897,0.004099322,-0.062443372,0.000315076,0.000000212,-0.000183634,0.003554344,0.001498048,-0.007758991,0.000015117,-0.000018339,-0.392281145,-0.028403861,-1.067148209,2.866098404,0.012498796,-0.586815834,0.001217835,-0.903538644,-0.828417718,-0.741030514,-0.006272558,-0.000006345
1.931151506,-0.000005277,0.004471987,0.004122639,-0.062556483,0.000314490,0.000000359,-0.000084589,0.003148363,0.001347372,-0.006358237,0.000004630,0.000021057,-5.415868282,-9.558949471,-17.521221161,77.347145081,4.730384350,-11.091468811,0.001741211,-0.914033055,-0.832284808,-0.741606891,-0.006258549,-0.000003143
1.951214238,-0.000007303,0.004520329,0.004143088,-0.062640071,0.000313992,0.000000088,-0.000083936,0.002677348,0.001167040,-0.004744387,-0.000021470,0.000008748,0.668871582,-11.526000023,-10.927337646,55.433528900,2.915874243,-2.786560297,0.002156647,-0.921683013,-0.835826874,-0.742275476,-0.006261482,-0.000000406
1.971349565,-0.000009693,0.004590787,0.004173604,-0.062736407,0.000313794,0.000000015,-0.000050516,0.001700460,0.000769366,-0.002066102,-0.000008808,0.000003359,0.138172671,-14.850632668,-2.822104454,30.229824066,-0.344789743,-0.189449728,0.002356201,-0.930474102,-0.839863420,-0.743047416,-0.006270422,-0.000000007
1.991491632,-0.000010523,0.004612922,0.004184575,-0.062761411,0.000313695,-0.000000020,-0.000043077,0.001242646,0.000588399,-0.001426730,-0.000004997,-0.000000296,0.686750352,-10.932967186,-8.261941910,15.170461655,0.008871078,-0.271707594,0.002429366,-0.931960285,-0.841345787,-0.743475020,-0.006269097,0.000000079
2.011575390,-0.000010940,0.004627765,0.004191488,-0.062781781,0.000313622,-0.000000009,-0.000027155,0.000823542,0.000388489,-0.001142978,-0.000003053,-0.000000734,-0.040600117,-6.150291920,-3.316256523,5.042473793,0.061658960,-0.376509845,0.002391543,-0.932366312,-0.841502964,-0.743509233,-0.006268925,-0.000000151
2.031646254,-0.000011098,0.004635083,0.004195014,-0.062797286,0.000313563,0.000000010,-0.000008247,0.000405978,0.000202800,-0.000881063,-0.000002508,0.000001427,0.238275483,-10.937372208,-4.418782711,4.616463661,0.155256703,-0.127780735,0.002346312,-0.931314409,-0.840993762,-0.743416190,-0.006268627,0.000000019
2.051729785,-0.000011104,0.004635131,0.004195970,-0.062811963,0.000313559,0.000000216,0.000000066,0.000008098,0.000044669,-0.000813620,-0.000001078,0.000002805,0.307391018,-10.116456985,-6.320909977,3.104310751,-0.064738013,0.498369515,0.002259933,-0.928843856,-0.840000868,-0.743234754,-0.006269161,0.000000150
2.071868227,-0.000010356,0.004615692,0.004190925,-0.062847458,0.000313716,0.000001766,0.000028226,-0.000694631,-0.000232090,-0.001045233,0.000005440,0.000032011,-0.695183933,-8.388125420,-4.475709438,-5.884877205,0.306008488,1.710175037,0.001928416,-0.920585394,-0.836175084,-0.742532909,-0.006268181,0.000000191
2.092125756,-0.000010026,0.004596602,0.004187614,-0.062873468,0.000314004,0.000003500,0.000013574,-0.001041356,-0.000246015,-0.001298928,0.000012849,0.000034864,-0.990031958,-5.011116505,-15.360896111,23.125951767,-0.679895937,2.164036274,0.001761665,-0.914835334,-0.833624721,-0.741812706,-0.006271197,0.000000221
2.112219541,-0.000009497,0.004570683,0.004187187,-0.062904969,0.000314655,0.000007544,0.000000366,-0.001411683,-0.000112487,-0.001566622,0.000033907,0.000086962,-4.962520123,-1.212274075,-26.284456253,47.851325989,-1.420624971,6.893723965,0.001439148,-0.907862723,-0.830577731,-0.741046965,-0.006274240,0.000000355
2.132373068,-0.000008911,0.004538160,0.004191285,-0.062942624,0.000315668,0.000014318,-0.000004552,-0.001772388,0.000119659,-0.001873235,0.000060289,0.000178738,-2.621586561,1.084697366,-12.080407143,23.180381775,-0.433256805,3.988116741,0.001109798,-0.899799049,-0.827098906,-0.740196705,-0.006275061,0.000000774
2.152437862,-0.000008527,0.004499068,0.004202277,-0.062987521,0.000317151,0.000024192,-0.000022205,-0.002127757,0.000468711,-0.002201271,0.000089047,0.000284763,-9.600456238,7.803306580,-45.338466644,91.207031250,-1.332840919,15.417825699,0.000769995,-0.890761018,-0.823250532,-0.739211559,-0.006276621,0.000001211
2.172590529,-0.000006600,0.004412643,0.004224770,-0.063068300,0.000320002,0.000045406,0.000101097,-0.002333092,0.000400099,-0.002258346,0.000084168,0.000461865,-2.889987946,0.834053457,-1.269465923,-12.295464516,1.756769300,6.128396511,0.000113091,-0.872895956,-0.814518273,-0.738349617,-0.006258396,0.000001568
2.192738355,-0.000008415,0.004363935,0.004249761,-0.063137129,0.000322476,0.000057302,-0.000098199,-0.002599543,0.000981716,-0.002818716,0.000106138,0.000326253,-1.628143549,8.032255173,-31.145858765,72.216659546,-1.868671536,3.787147045,0.000179934,-0.863359332,-0.811108530,-0.736075103,-0.006285432,0.000001080
2.212884758,-0.000008876,0.004306746,0.004293981,-0.063205138,0.000326468,0.000078544,-0.000189366,-0.003063907,0.002074483,-0.003032540,0.000208830,0.000525747,-0.884953380,1.036976933,-3.720535517,8.296451569,-0.255260229,0.985257685,-0.000813723,-0.852102041,-0.806945145,-0.734814823,-0.006300379,0.000000622
2.233026211,-0.000009422,0.004243752,0.004355517,-0.063276425,0.000331088,0.000106847,-0.000168848,-0.003403166,0.003103736,-0.003365871,0.000294290,0.000862516,-6.411087990,7.764530659,-25.488336563,53.594345093,-0.676660478,8.818883896,-0.001346313,-0.840158761,-0.802507818,-0.733772397,-0.006291400,0.000002404
2.253233321,-0.000011619,0.004175481,0.004437261,-0.063356131,0.000336558,0.000140345,-0.000228650,-0.003687589,0.004184884,-0.003698369,0.000343733,0.001107056,-12.825099945,19.098600388,-60.615741730,127.982749939,-0.963364780,20.240594864,-0.001659918,-0.828134418,-0.797975004,-0.732462645,-0.006289944,0.000003684
2.273435229,-0.000013084,0.004052610,0.004595032,-0.063454345,0.000346316,0.000201800,0.000112162,-0.002934502,0.003733112,-0.002618755,0.000274945,0.001351991,-7.355245590,7.330698967,-2.627566576,-30.802061081,4.517532349,13.207200050,-0.002365353,-0.810848236,-0.788947940,-0.733479798,-0.006242219,0.000003078
2.293600843,-0.000021979,0.003991496,0.004706068,-0.063567549,0.000353446,0.000231458,-0.000454512,-0.003129780,0.005112100,-0.003641272,0.000306943,0.000871991,-2.221188307,22.981552124,-73.622406006,173.600692749,-4.653447628,6.592417240,-0.001450012,-0.802783847,-0.788039446,-0.729021490,-0.006316092,0.000002448
2.313775940,-0.000026964,0.003917181,0.004859181,-0.063663118,0.000363976,0.000280995,-0.000687848,-0.003873863,0.007627552,-0.003633742,0.000549485,0.001258068,-24.755716324,32.840728760,-105.568481445,235.778564453,-7.797954082,23.439884186,-0.003510030,-0.791350663,-0.785429478,-0.727768302,-0.006353346,-0.000000531
2.333927148,-0.000032053,0.003837297,0.005043824,-0.063754693,0.000375123,0.000342609,-0.000588988,-0.004254173,0.009649025,-0.003988679,0.000722784,0.001952934,-29.469583511,38.921752930,-118.025276184,244.064147949,-2.842229605,35.991382599,-0.004157510,-0.779430926,-0.782452822,-0.727245867,-0.006321754,0.000003228
2.354082623,-0.000041437,0.003753038,0.005263143,-0.063857011,0.000387322,0.000410202,-0.000707101,-0.004495017,0.011534769,-0.004352103,0.000777575,0.002340347,-25.545391083,43.030353546,-129.451171875,268.364288330,-1.420380592,37.885482788,-0.004138921,-0.768509746,-0.779485762,-0.726072192,-0.006312320,0.000006120
2.374234848,-0.000053255,0.003626493,0.005668857,-0.063924804,0.000408476,0.000526479,0.000007302,-0.002484979,0.009861718,-0.001713938,0.000583073,0.002579370,-40.696166992,45.247402191,-20.549613953,-180.117477417,24.487607956,62.109760284,-0.004698703,-0.761606872,-0.774527252,-0.730956554,-0.006224201,0.000003909
2.394398113,-0.000075453,0.003568931,0.005923022,-0.064079195,0.000422752,0.000578556,-0.001114967,-0.002706311,0.012124269,-0.003525523,0.000616577,0.001571855,-4.628775597,126.530494690,-405.658843994,943.645751953,-26.399736404,27.408739090,-0.002282364,-0.759522259,-0.778953373,-0.723618865,-0.006365665,0.000004463
2.414539849,-0.000089836,0.003488604,0.006247192,-0.064191632,0.000442959,0.000663580,-0.001562863,-0.004008993,0.016429277,-0.003261621,0.001047522,0.002153729,-22.942028046,31.619293213,-102.543281555,225.736221313,-7.935350895,18.422193527,-0.005845289,-0.750841975,-0.779983044,-0.722738326,-0.006435256,-0.000004081
2.434676193,-0.000104178,0.003400804,0.006616887,-0.064290352,0.000463500,0.000765909,-0.001331079,-0.004580964,0.019550268,-0.003754862,0.001331021,0.003289585,-114.412956238,155.758529663,-476.855285645,962.874328613,-12.316150665,123.203193665,-0.006570966,-0.741342306,-0.780147731,-0.723314464,-0.006370225,0.000002050
2.454867436,-0.000126713,0.003307637,0.007035550,-0.064405523,0.000485137,0.000873621,-0.001525821,-0.004888665,0.022238281,-0.004293806,0.001376358,0.003810154,-41.168685913,74.675392151,-227.667984009,461.500671387,-2.705203295,56.750717163,-0.005965578,-0.733824492,-0.780098438,-0.722555876,-0.006349039,0.000007655
2.475008278,-0.000152087,0.003205395,0.007758883,-0.064388759,0.000517554,0.001038137,0.000565470,-0.001600145,0.018283566,0.001994838,0.000744365,0.003106193,20.799146652,-4.434953213,86.234222412,-281.730621338,25.907213211,0.011067492,-0.003454406,-0.746192276,-0.772762179,-0.733109951,-0.006094267,0.000009992
2.495174993,-0.000205734,0.003148761,0.008221292,-0.064587012,0.000543669,0.001118155,-0.002611204,-0.001978329,0.021305721,-0.000897102,0.000784480,0.001658057,24.219881058,84.490058899,-271.163482666,599.206787109,-29.494289398,74.623695374,0.000195715,-0.746671498,-0.794233739,-0.721997082,-0.006508355,0.000048574
2.515267047,-0.000231182,0.003059325,0.008780682,-0.064733297,0.000579834,0.001253606,-0.003150165,-0.004167398,0.028190877,-0.002578719,0.001784856,0.003243168,-84.363052368,103.277969360,-344.134460449,735.864868164,-35.672763824,66.062583923,-0.008642052,-0.741619110,-0.799379647,-0.721181035,-0.006621359,-0.000008509
2.535413349,-0.000257995,0.002959774,0.009391816,-0.064839408,0.000612109,0.001402291,-0.002329793,-0.005121017,0.032569457,-0.003483342,0.002218000,0.005021118,-79.700782776,104.596420288,-329.581634521,654.708435059,-7.152337074,62.204322815,-0.008775055,-0.735015690,-0.801683366,-0.723074138,-0.006424609,-0.000008259
2.555478533,-0.000316754,0.002861213,0.010248889,-0.064722985,0.000648622,0.001577912,-0.001382669,-0.001294841,0.024917139,0.012841218,0.000872212,0.002810836,63.121379852,23.993772507,-1.013417244,-127.408462524,-15.446255684,-85.733291626,0.001260291,-0.744415164,-0.795402765,-0.734976709,-0.006393196,-0.000012953
2.575616980,-0.000379340,0.002816523,0.011099865,-0.065010525,0.000694258,0.001724318,-0.003258802,-0.001301309,0.030484885,-0.002216503,0.001412846,0.002836762,3.757273197,71.431068420,-243.064514160,553.016723633,-18.201305389,9.643062592,-0.000555707,-0.769102037,-0.823812962,-0.723475993,-0.006526866,0.000009707
2.595762657,-0.000425603,0.002719470,0.011859229,-0.065152191,0.000738631,0.001879129,-0.004214167,-0.004417494,0.038779952,-0.001467007,0.002267284,0.003782856,-89.355476379,128.965179443,-440.235565186,947.957336426,-35.496990204,49.882492065,-0.008214409,-0.764524639,-0.832963586,-0.723339319,-0.006646523,-0.000018836
2.615908375,-0.000472593,0.002603610,0.012689823,-0.065261401,0.000782500,0.002059711,-0.003636057,-0.005844550,0.044182088,-0.002707878,0.002744916,0.005828219,-93.066596985,137.781265259,-441.428802490,865.117370605,-15.857959747,80.615341187,-0.008976122,-0.757054448,-0.839116573,-0.726407886,-0.006514349,-0.000005803
2.636052510,-0.000538080,0.002474860,0.013593480,-0.065404557,0.000827984,0.002241334,-0.004065969,-0.006623476,0.048307072,-0.004010425,0.002774617,0.006521170,-66.225616455,140.296981812,-446.421173096,879.222229004,-11.433241844,80.535369873,-0.007006750,-0.753177464,-0.843544960,-0.726336181,-0.006479932,0.000007443
2.656221939,-0.000631522,0.002345124,0.015179668,-0.065263994,0.000904485,0.002535508,-0.001202105,-0.000523904,0.038833361,0.003534100,0.001963442,0.006705760,-43.691387177,51.516624451,-46.822460175,-227.927413940,17.538188934,46.342578888,-0.007997880,-0.787157595,-0.854543209,-0.748383343,-0.006240570,0.000001223
2.676281846,-0.000734133,0.002291946,0.016072419,-0.065583624,0.000952212,0.002651270,-0.005079968,-0.001508960,0.043602154,-0.002246164,0.002113665,0.003487334,15.722622871,143.361618042,-496.771484375,1117.694702148,-35.206466675,15.861679077,0.001793265,-0.805509448,-0.877320826,-0.727589905,-0.006633392,0.000015600
2.696342633,-0.000808505,0.002163301,0.017132364,-0.065755300,0.001012158,0.002841640,-0.006373384,-0.005817390,0.054234024,-0.000781706,0.003070187,0.004560224,-117.014366150,175.851257324,-609.776550293,1303.431640625,-45.818428040,49.234294891,-0.009266644,-0.800191939,-0.889885724,-0.727646768,-0.006762206,-0.000032623
2.716488880,-0.000885105,0.002009060,0.018275749,-0.065880299,0.001072225,0.003060004,-0.005535544,-0.007759017,0.060857292,-0.002399385,0.003589779,0.007058877,-116.116333008,188.160003662,-610.140136719,1183.950561523,-26.889574051,88.026939392,-0.009792765,-0.790460527,-0.898594558,-0.732162237,-0.006631023,-0.000013406
2.736632743,-0.000988270,0.001837524,0.019505221,-0.066052832,0.001135164,0.003275322,-0.006224010,-0.008818395,0.065755963,-0.004249711,0.003671709,0.007733460,-80.603736877,194.902542114,-627.625854492,1226.615112305,-24.154569626,90.529510498,-0.006981653,-0.785635889,-0.904276013,-0.732141852,-0.006609984,0.000005037
2.756777280,-0.001135658,0.001661703,0.021642979,-0.065836318,0.001239135,0.003622237,-0.002072439,-0.000855758,0.052328683,0.005219343,0.002564504,0.008018433,-52.678768158,68.992858887,-72.314849854,-290.997222900,13.888812065,50.771400452,-0.008842500,-0.829872668,-0.918831944,-0.761542439,-0.006303237,-0.000000974
2.776913911,-0.001286546,0.001590511,0.022823585,-0.066240691,0.001303823,0.003752012,-0.007486009,-0.002091529,0.057817735,-0.002191441,0.002922735,0.003831982,28.674861908,185.600738525,-650.041992188,1455.519897461,-46.798160553,13.863861084,0.004543520,-0.854111254,-0.946883142,-0.734094024,-0.006781618,0.000020940
2.797055776,-0.001397543,0.001418588,0.024217075,-0.066450998,0.001380260,0.003971186,-0.009085246,-0.007760964,0.071140349,0.000222202,0.003927279,0.005050635,-143.576675415,226.023132324,-792.239807129,1691.870239258,-54.220100403,38.220947266,-0.010562967,-0.846124530,-0.963143468,-0.733822346,-0.006869916,-0.000052145
2.817206144,-0.001515022,0.001212065,0.025711270,-0.066596746,0.001458532,0.004219124,-0.008019465,-0.010362471,0.079379961,-0.001870022,0.004431244,0.007972500,-134.863372803,246.680358887,-806.064636230,1561.110717773,-42.138645172,87.192291260,-0.010417937,-0.831858039,-0.974271059,-0.739808202,-0.006778094,-0.000023180
2.837357469,-0.001667715,0.000985660,0.027301284,-0.066797294,0.001541811,0.004458653,-0.009044713,-0.011661192,0.085063837,-0.004292901,0.004634935,0.008579521,-89.847236633,250.836273193,-812.015319824,1579.648925781,-41.532951355,88.690750122,-0.006905606,-0.824775338,-0.980461836,-0.740065873,-0.006783377,-0.000000537
2.857418713,-0.001886824,0.000747909,0.030047802,-0.066493206,0.001676553,0.004842409,-0.003264878,-0.001513062,0.067265861,0.007116865,0.003159204,0.009030879,-150.018630981,233.564712524,-274.256500244,-894.814453125,10.721950531,133.450622559,-0.009696823,-0.878967643,-0.998618782,-0.777455509,-0.006415891,-0.000003158
2.877488270,-0.002098620,0.000655558,0.031538460,-0.066981375,0.001761071,0.004977143,-0.010582547,-0.002839771,0.073196046,-0.001802539,0.003924860,0.003834218,111.011482239,589.159057617,-2071.943359375,4625.365722656,-147.933731079,18.359319687,0.007488635,-0.910068333,-1.031278610,-0.742880404,-0.006955061,0.000024860
2.897572277,-0.002254748,0.000437590,0.033288144,-0.067224145,0.001853024,0.005213557,-0.012304606,-0.009793052,0.089064717,0.002096042,0.004775927,0.005199041,-211.707778931,350.069030762,-1234.037109375,2638.005126953,-71.764533997,20.058235168,-0.012264259,-0.899774194,-1.051902771,-0.742155373,-0.006932706,-0.000077833
2.917721555,-0.002426106,0.000176431,0.035156030,-0.067382418,0.001950790,0.005475386,-0.011100577,-0.013023514,0.098941199,-0.000420897,0.005179364,0.008361432,-373.767578125,805.768066406,-2642.105468750,5122.770996094,-158.481628418,193.180267334,-0.010487624,-0.881211102,-1.066334724,-0.749770582,-0.006954240,-0.000034536
2.937885932,-0.002641642,-0.000106963,0.037130974,-0.067604005,0.002056996,0.005723923,-0.012639681,-0.014564281,0.105516464,-0.003496829,0.005626377,0.008787371,-245.236816406,799.189392090,-2596.619140625,5052.704101562,-162.443450928,186.419509888,-0.006705238,-0.872297645,-1.073301554,-0.750291765,-0.006999474,-0.000011763
2.958031623,-0.002987108,-0.000188898,0.040091883,-0.067531213,0.002210640,0.005997492,-0.013601140,-0.003213354,0.085309848,-0.000596083,0.004854832,0.003458482,130.507400513,669.108581543,-2380.234130859,5343.509277344,-161.527984619,-19.800056458,0.010167612,-0.980604231,-1.118811846,-0.753138423,-0.007098486,0.000021343
2.978176551,-0.003185474,-0.000446594,0.042136770,-0.067793198,0.002313291,0.006238522,-0.015221091,-0.011470721,0.103618726,0.004647722,0.005387281,0.005021539,-533.901977539,918.977844238,-3262.047851562,6993.427246094,-155.089736938,-28.706096649,-0.013466410,-0.966087222,-1.143579602,-0.752010465,-0.006936158,-0.000103469
2.998325186,-0.003411755,-0.000757616,0.044318508,-0.067958198,0.002428147,0.006499406,-0.014112766,-0.015413660,0.115162298,0.001430382,0.005705743,0.008241971,-300.252197266,763.167907715,-2514.251220703,4891.848144531,-165.509078979,117.430480957,-0.009537399,-0.942057192,-1.160404205,-0.760916412,-0.007126200,-0.000044355
3.018462079,-0.003687246,-0.001092524,0.046613067,-0.068188570,0.002554296,0.006743267,-0.016112605,-0.017192252,0.122446597,-0.002264421,0.006442521,0.008489647,-256.656219482,932.209472656,-3041.113769531,5923.504882812,-211.475860596,124.747123718,-0.006285410,-0.930411339,-1.167099237,-0.761820853,-0.007192167,-0.000026734
3.038625623,-0.003974713,-0.001458105,0.049033519,-0.068424076,0.002684015,0.006986575,-0.017478613,-0.018729143,0.128773123,-0.001194869,0.006805180,0.008211417,-241.565948486,786.820617676,-2572.417724609,5054.709472656,-160.374435425,26.069276810,-0.008575702,-0.919588804,-1.177322030,-0.761553764,-0.007152367,-0.000052999
3.058703652,-0.004405899,-0.001850390,0.053177733,-0.067884065,0.002890865,0.007374236,-0.006995240,-0.003224975,0.101537980,0.012085685,0.004218313,0.009590749,-50.334144592,152.677536011,-220.089385986,-400.387176514,-40.615001678,44.402488708,-0.010354255,-0.996141195,-1.209718108,-0.818219543,-0.006867674,-0.000002722
3.078789661,-0.004783371,-0.001982445,0.055352207,-0.068520702,0.003024859,0.007486533,-0.019472254,-0.004216848,0.107405096,0.000704791,0.006740584,0.002561493,65.900665283,351.378692627,-1238.625610352,2762.097656250,-73.795394897,-30.950231552,0.012466355,-1.047000527,-1.248062968,-0.768217623,-0.007315605,0.000015106
3.098930305,-0.005060513,-0.002291237,0.057885829,-0.068799339,0.003142175,0.007713520,-0.020337468,-0.013519366,0.127910390,0.009696745,0.006317194,0.004336344,-228.292373657,432.165222168,-1533.328613281,3306.549560547,-46.827308655,-70.421211243,-0.016603265,-1.034498811,-1.280470610,-0.765906632,-0.006864998,-0.000147486
3.119087857,-0.005394429,-0.002663247,0.060581192,-0.068948321,0.003286442,0.007944365,-0.019873351,-0.018102808,0.141433492,0.006577236,0.006555827,0.007067844,-134.938552856,474.577728271,-1562.388793945,3063.013183594,-110.420959473,2.016236544,-0.007933402,-1.008470297,-1.305378914,-0.777308226,-0.007416460,-0.000066653
3.139210046,-0.005928023,-0.003019032,0.065164298,-0.068236634,0.003521803,0.008287450,-0.008510369,-0.001768484,0.113031410,0.015610315,0.004435360,0.009037201,-41.802566528,169.448379517,-252.477859497,-427.548095703,-69.356277466,29.200603485,-0.008849711,-1.103567362,-1.334742785,-0.841850519,-0.007147457,-0.000005817
3.159274864,-0.006384403,-0.003140589,0.067583181,-0.068885386,0.003675041,0.008372298,-0.023862783,-0.003269001,0.119380072,0.004426504,0.008099860,0.001343807,59.026371002,361.203216553,-1291.076171875,2900.251953125,-59.836151123,-59.709613800,0.014836377,-1.162310839,-1.375899911,-0.786106229,-0.007385819,-0.000002480
3.179333564,-0.006718108,-0.003467751,0.070412293,-0.069145493,0.003796744,0.008572487,-0.023811264,-0.013879422,0.142004892,0.015504736,0.006638625,0.003371168,-229.063613892,466.998229980,-1671.639282227,3626.709960938,-30.019412994,-115.617584229,-0.016830601,-1.148257017,-1.414528608,-0.783189058,-0.006751276,-0.000178940
3.199479268,-0.007136938,-0.003872097,0.073423006,-0.069260910,0.003961516,0.008762363,-0.024349753,-0.019361600,0.157212839,0.011766748,0.007035878,0.005524521,-115.691040039,521.419738770,-1729.095703125,3411.517578125,-124.434684753,-48.526302338,-0.004488581,-1.118846536,-1.444085956,-0.796335936,-0.007628442,-0.000085928
3.219538394,-0.007599787,-0.004301076,0.076559477,-0.069446720,0.004138395,0.008934089,-0.027265940,-0.021576039,0.166188255,0.006544713,0.008496417,0.005295096,-119.767005920,520.794677734,-1715.083007812,3373.498291016,-120.464149475,-79.367050171,-0.006559691,-1.108656287,-1.455113649,-0.799037755,-0.007594276,-0.000103364
3.239599084,-0.008298798,-0.004739298,0.081927374,-0.068528935,0.004410549,0.009198532,-0.011789452,-0.002690355,0.132146299,0.021354459,0.004766306,0.007450242,-7.169948101,214.736236572,-357.434356689,-361.402404785,-108.348831177,5.986726761,-0.004502092,-1.216790318,-1.502184272,-0.873306572,-0.007614606,0.000000024
3.259660683,-0.008864733,-0.004871379,0.084700719,-0.069212496,0.004591070,0.009243229,-0.030481964,-0.003507332,0.137287676,0.007837443,0.010027567,-0.000418734,31.133310318,412.134307861,-1474.149902344,3290.496093750,-39.477325439,-103.845382690,0.013780007,-1.289660215,-1.541984558,-0.810457647,-0.007368241,-0.000040485
3.279720690,-0.009289460,-0.005233287,0.087929539,-0.069467098,0.004721719,0.009388555,-0.028795315,-0.015000085,0.161275938,0.022350758,0.007089094,0.001773982,-224.700775146,550.728576660,-1980.368774414,4332.752441406,-15.797451019,-192.537704468,-0.015708182,-1.277340531,-1.586345792,-0.805228531,-0.006678066,-0.000213766
3.299831977,-0.009836536,-0.005687229,0.091362327,-0.069537804,0.004915569,0.009503330,-0.031331982,-0.021348171,0.178112835,0.019247232,0.007982875,0.002697947,-100.776466370,607.517272949,-2026.930053711,4040.212890625,-135.474395752,-145.080886841,-0.001227839,-1.244629025,-1.622794628,-0.820529222,-0.007836760,-0.000129081
3.320003120,-0.010410769,-0.006163538,0.094919033,-0.069673508,0.005114861,0.009602522,-0.033892073,-0.023649348,0.187555581,0.013433410,0.009405381,0.002396345,-130.885726929,617.251831055,-2043.320068359,4043.073486328,-128.305114746,-187.184600830,-0.006794243,-1.234512568,-1.636759043,-0.824653983,-0.007699680,-0.000162247
3.340155623,-0.011309926,-0.006649277,0.101015769,-0.068531893,0.005430906,0.009742284,-0.015462187,-0.002836176,0.150155619,0.027312402,0.005028583,0.005031084,29.110712051,267.508514404,-480.611907959,-282.244445801,-158.010086060,-31.430355072,0.001162086,-1.357599378,-1.695047975,-0.909229100,-0.008193891,-0.000000330
3.360215517,-0.011994568,-0.006782425,0.104126424,-0.069224350,0.005635486,0.009729570,-0.037788015,-0.003230585,0.154262006,0.012671440,0.012027523,-0.002666828,-12.916664124,455.422790527,-1639.830566406,3663.284179688,-3.125436306,-161.352996826,0.009886472,-1.444393158,-1.732067347,-0.839305937,-0.007163436,-0.000095404
3.380358082,-0.012531753,-0.007170848,0.107737727,-0.069449320,0.005776980,0.009790565,-0.034493562,-0.015606417,0.179436207,0.030960588,0.007552390,-0.000640743,-189.453338623,618.356140137,-2234.128662109,4936.249023438,-0.461957872,-285.680480957,-0.011309634,-1.433440447,-1.782484055,-0.832016826,-0.006690092,-0.000247532
3.400418424,-0.013222393,-0.007669161,0.111581378,-0.069457330,0.005998577,0.009802706,-0.039482724,-0.022943096,0.197952271,0.028803796,0.009123405,-0.001158793,-102.451301575,716.294006348,-2411.201904297,4869.296875000,-129.529953003,-290.045257568,0.000389810,-1.397302866,-1.826012850,-0.849148214,-0.007884312,-0.000199612
3.420568711,-0.013924508,-0.008187940,0.115544245,-0.069516763,0.006218942,0.009799528,-0.041192323,-0.025349280,0.207818195,0.022457879,0.010194729,-0.001498440,-124.257614136,690.419799805,-2298.238769531,4583.409179688,-122.803329468,-314.368560791,-0.005566728,-1.386836290,-1.843771458,-0.855138779,-0.007786124,-0.000229319
3.440653564,-0.015051330,-0.008676630,0.122267269,-0.068190649,0.006597260,0.009773600,-0.019602733,-0.005088894,0.173203051,0.027276384,0.006740319,0.002877858,209.142257690,180.167770386,-162.689239502,-923.684204102,-281.451232910,-7.213484287,0.026845431,-1.540829659,-1.878970623,-0.950803280,-0.009877988,0.000102851
3.460728522,-0.015845966,-0.008814084,0.125676498,-0.068710260,0.006804036,0.009679935,-0.045812622,-0.003191037,0.169605896,0.025075693,0.014920706,-0.005533390,-92.439285278,467.154937744,-1685.302001953,3740.554687500,105.514434814,-244.663818359,-0.003020433,-1.626387000,-1.937823534,-0.878044605,-0.006211784,-0.000178447
3.480873778,-0.016533889,-0.009231037,0.129663557,-0.068933889,0.006957604,0.009621268,-0.041584902,-0.015694385,0.194959000,0.043276742,0.008243068,-0.004326244,-116.445327759,701.472778320,-2534.498291016,5631.181640625,43.616065979,-412.611816406,0.000141762,-1.614573240,-2.003889561,-0.864520133,-0.006717034,-0.000275354
3.501021246,-0.017368913,-0.009772222,0.133902237,-0.068894416,0.007198822,0.009505697,-0.048366640,-0.024181856,0.215747207,0.040372349,0.009968665,-0.006056205,-127.486259460,806.803649902,-2748.880859375,5639.709472656,-86.913002014,-474.005187988,-0.002315632,-1.577359080,-2.053575516,-0.881862044,-0.007616626,-0.000305965
3.521240484,-0.018228574,-0.010338503,0.138261631,-0.068876192,0.007446580,0.009366160,-0.049698189,-0.027137162,0.226911053,0.033011440,0.010993789,-0.006579973,-101.683044434,773.347167969,-2594.057617188,5239.667968750,-118.649085999,-470.790344238,-0.001322033,-1.564360380,-2.074597836,-0.889408290,-0.007967567,-0.000303672
3.541303606,-0.019555939,-0.010401349,0.144708678,-0.067908317,0.007826215,0.009147473,-0.050838728,-0.001878220,0.179469183,0.023332829,0.014957639,-0.007695860,-150.131607056,546.807128906,-2018.535278320,4555.522460938,102.183158875,-306.319793701,-0.009610564,-1.829437256,-2.150099993,-0.907579422,-0.006117475,-0.000236567
3.561368268,-0.020376088,-0.010828289,0.148905575,-0.068052351,0.008006861,0.008972629,-0.047842614,-0.016190663,0.206463680,0.048513267,0.009353399,-0.007456460,-75.625648499,753.381347656,-2762.725585938,6252.962890625,32.961048126,-541.536804199,0.008880003,-1.816608667,-2.207048893,-0.895278871,-0.007088852,-0.000316039
3.581526849,-0.021321813,-0.011397375,0.153373718,-0.067888476,0.008256093,0.008730534,-0.054874945,-0.025309512,0.227085084,0.050056208,0.010987237,-0.010312722,-133.358383179,838.290283203,-2883.687255859,5979.691406250,-44.840362549,-637.190185547,-0.003420640,-1.770850539,-2.261390448,-0.916028380,-0.007371729,-0.000397676
3.601678192,-0.022322558,-0.012001866,0.157982111,-0.067795314,0.008521646,0.008453980,-0.057213672,-0.028604720,0.238449529,0.042283464,0.012029826,-0.011612608,-84.185791016,858.209533691,-2900.581054688,5917.638183594,-89.491355896,-647.367797852,0.003225790,-1.751342297,-2.285147667,-0.923534274,-0.007943131,-0.000375450
3.621822180,-0.023384647,-0.012641335,0.162729859,-0.067708135,0.008793070,0.008139472,-0.060837977,-0.030748129,0.246514738,0.042373247,0.013357703,-0.013060826,-88.442794800,845.417175293,-2863.042968750,5899.747558594,-56.270793915,-658.803894043,0.000065137,-1.743224025,-2.303683043,-0.925331235,-0.007703228,-0.000389682
3.641974096,-0.025109507,-0.013310988,0.170860738,-0.065711759,0.009252982,0.007606147,-0.032425113,-0.004294037,0.199351057,0.051709529,0.006361725,-0.008891981,220.719955444,433.360137939,-912.414428711,220.428939819,-281.286254883,-240.437210083,0.043415755,-1.894163370,-2.409947395,-1.042554975,-0.010787135,-0.000009462
3.662143945,-0.026125552,-0.013434815,0.174837202,-0.066312395,0.009479816,0.007320778,-0.060087182,-0.002035709,0.198056638,0.031793941,0.015955944,-0.012033083,-238.742034912,603.634033203,-2212.174072266,4958.346191406,176.867767334,-411.337280273,-0.032413427,-2.026714802,-2.425034046,-0.954663992,-0.005127978,-0.000340413
3.682207965,-0.027209355,-0.013882216,0.179428220,-0.066420570,0.009709142,0.006930218,-0.060816661,-0.016441036,0.224924773,0.059762206,0.011816452,-0.013934709,-5.010259151,820.277465820,-3019.485351562,6950.952148438,68.323226929,-776.677001953,0.021824898,-2.023506165,-2.481406689,-0.936639726,-0.007439165,-0.000405583
3.702272039,-0.028340979,-0.014479913,0.184301421,-0.066109076,0.009967974,0.006461627,-0.065907881,-0.025928183,0.245989799,0.066399768,0.012195561,-0.018106181,-139.068359375,926.826843262,-3218.954101562,6822.877929688,30.090715408,-956.718078613,-0.007711379,-1.979435802,-2.544754028,-0.959753036,-0.006946270,-0.000560431
3.722423170,-0.029585825,-0.015108783,0.189303979,-0.065836810,0.010266572,0.005940764,-0.070386104,-0.029060099,0.257221073,0.059117749,0.013914435,-0.020620516,-62.353099823,947.904174805,-3217.510009766,6661.982421875,-28.667146683,-940.996887207,0.005833554,-1.962327003,-2.577482700,-0.970914721,-0.007838710,-0.000513628
3.742628635,-0.031633921,-0.015727367,0.197876856,-0.063498199,0.010775750,0.005083749,-0.039980389,-0.002466387,0.210404336,0.062705517,0.007342200,-0.015733302,299.213867188,478.089874268,-1045.908569336,438.064910889,-305.359558105,-342.126861572,0.068039998,-2.133563519,-2.692610741,-1.094844580,-0.011899790,-0.000021826
3.762715887,-0.032734606,-0.015814554,0.202055275,-0.063993834,0.010986957,0.004668451,-0.066150233,0.000179140,0.208125845,0.041400149,0.016096987,-0.016080495,-309.516479492,642.466064453,-2379.070312500,5370.855957031,247.569885254,-514.156127930,-0.053522546,-2.280602455,-2.701010227,-1.003256083,-0.004145768,-0.000425411
3.782869115,-0.034052085,-0.016244009,0.206866696,-0.064005263,0.011255834,0.004065960,-0.072613046,-0.014919495,0.235113695,0.070989728,0.014248860,-0.020272352,22.206632614,832.154541016,-3097.712890625,7240.252441406,122.982215881,-998.194274902,0.029880045,-2.283644199,-2.756461143,-0.982569933,-0.007453100,-0.000519118
3.803003558,-0.035352312,-0.016844533,0.211991578,-0.063557610,0.011520923,0.003368537,-0.075359225,-0.025339643,0.257129937,0.080953509,0.013229903,-0.025771027,-118.548141479,984.997192383,-3469.325927734,7513.867187500,102.046173096,-1280.942504883,-0.004887435,-2.238605022,-2.825261593,-1.005690575,-0.006707168,-0.000706288
3.823150544,-0.036807034,-0.017490827,0.217257977,-0.063117281,0.011840041,0.002605747,-0.082068846,-0.029289115,0.269229889,0.074509412,0.015539552,-0.029453736,-64.011940002,987.710205078,-3391.593994141,7143.568847656,50.180789948,-1223.447021484,0.004729995,-2.217961788,-2.863427162,-1.019157171,-0.007444187,-0.000666996
3.843190315,-0.039241564,-0.018123448,0.226282761,-0.060383633,0.012402460,0.001365972,-0.049124476,-0.002166496,0.221192211,0.074641407,0.008572924,-0.023761258,370.632446289,522.368530273,-1175.740356445,633.474975586,-305.993041992,-469.748504639,0.096506752,-2.393621922,-2.995591879,-1.152518749,-0.012992016,-0.000050748
3.863301002,-0.040425289,-0.018184392,0.230622932,-0.060761053,0.012596031,0.000800403,-0.071755186,0.001644680,0.216650575,0.050215222,0.015817646,-0.020789208,-341.025604248,658.087097168,-2447.406005859,5532.909667969,297.975677490,-604.811950684,-0.072249934,-2.555145025,-2.995254278,-1.058066010,-0.003359443,-0.000493744
3.883445091,-0.041981936,-0.018602990,0.235612258,-0.060702790,0.012899256,-0.000039080,-0.085333183,-0.013971995,0.243353277,0.080383465,0.016838847,-0.027297836,16.803295135,2004.318237305,-7571.153320312,18000.531250000,478.323608398,-3018.537109375,0.027568132,-2.565102100,-3.044455051,-1.032261014,-0.007010282,-0.000674699
3.903530330,-0.043486137,-0.019211838,0.240933284,-0.060116619,0.013179639,-0.001002259,-0.086136363,-0.025247036,0.265922308,0.094216757,0.014759745,-0.034572300,-68.790649414,1001.116333008,-3572.778808594,7906.745117188,171.224258423,-1619.091552734,0.005183143,-2.517061710,-3.116823673,-1.055413008,-0.006731693,-0.000861216
3.923966010,-0.046212286,-0.019825257,0.250086993,-0.057017289,0.013785027,-0.002586068,-0.056234349,-0.001220591,0.223629400,0.083463438,0.009466652,-0.031070489,413.483947754,525.200073242,-1211.706298828,743.812255859,-296.439025879,-560.174865723,0.127550423,-2.664858818,-3.273896217,-1.206216812,-0.014104642,-0.000078968
3.944130909,-0.047454525,-0.019882400,0.254505903,-0.057369068,0.013959303,-0.003292682,-0.075831525,0.001991217,0.220051870,0.055328913,0.015371819,-0.025052899,-377.373657227,692.218811035,-2617.351562500,5999.680664062,351.792938232,-712.304138184,-0.088378727,-2.828532934,-3.256946087,-1.104556084,-0.002670756,-0.000553387
3.964213533,-0.049199760,-0.020320384,0.259585142,-0.057244215,0.014284642,-0.004348810,-0.095582947,-0.014896194,0.247600660,0.086887419,0.018771198,-0.033610828,-27.064599991,884.431640625,-3396.613037109,8203.352539062,285.913848877,-1608.328002930,0.019025221,-2.832379818,-3.296737671,-1.076529622,-0.006370274,-0.000834261
3.984362143,-0.050890867,-0.020962251,0.264998615,-0.056538407,0.014583891,-0.005554051,-0.095794193,-0.026878582,0.270337462,0.103114285,0.016374959,-0.042687487,-24.055658340,978.721252441,-3528.949462891,7929.185058594,222.229080200,-1884.910522461,0.017094117,-2.772939920,-3.368205309,-1.100630879,-0.006870052,-0.001002169
4.004506255,-0.052709192,-0.021668384,0.270560443,-0.055788193,0.014917970,-0.006830631,-0.102798611,-0.031872731,0.282806963,0.098979607,0.018151959,-0.048046652,-71.910987854,1030.126220703,-3611.580810547,7843.646972656,222.179443359,-1859.492309570,-0.001716459,-2.736502647,-3.409390926,-1.117185950,-0.006468635,-0.000994432
4.024657551,-0.055941898,-0.022418518,0.280102253,-0.052386582,0.015581850,-0.008890809,-0.068655752,-0.004728090,0.233475506,0.094885714,0.011526595,-0.040806327,482.626800537,553.495605469,-1282.987670898,853.281494141,-258.317596436,-721.070434570,0.163090453,-2.889872074,-3.562067032,-1.262478232,-0.015160317,-0.000126435
4.044804012,-0.057290912,-0.022498554,0.284634829,-0.052590873,0.015741792,-0.009795349,-0.082159877,0.000660780,0.226494059,0.063741036,0.015020287,-0.031335671,-348.242919922,693.685058594,-2593.882080078,5913.542480469,387.993255615,-828.817932129,-0.098423190,-3.058299780,-3.540671587,-1.161395550,-0.002383607,-0.000608615
4.064963731,-0.059249237,-0.022944752,0.289808631,-0.052415714,0.016079986,-0.011133707,-0.107781038,-0.015408301,0.252437323,0.092890315,0.020619107,-0.041935138,-85.756072998,858.863708496,-3328.676025391,8158.262695312,378.771972656,-1923.333374023,-0.005241650,-3.070521116,-3.568854094,-1.127138734,-0.005224254,-0.001047552
4.085116107,-0.061215077,-0.023607323,0.295331329,-0.051607415,0.016410096,-0.012670497,-0.110106066,-0.027845068,0.275525570,0.112317882,0.018936062,-0.053686935,10.958117485,986.741333008,-3595.503662109,8272.260742188,309.200164795,-2334.736816406,0.025724949,-3.008742809,-3.637896061,-1.148514390,-0.006844702,-0.001207744
4.105176392,-0.063258290,-0.024337312,0.301001102,-0.050668299,0.016752787,-0.014281104,-0.115311630,-0.033051278,0.288213372,0.111385196,0.019726729,-0.060024846,-49.724079132,1016.026672363,-3586.536376953,7940.960449219,311.569824219,-2239.697753906,-0.000563049,-2.966261148,-3.682452917,-1.167510033,-0.006184615,-0.001195178
4.125245780,-0.065434232,-0.025085088,0.306753427,-0.049737111,0.017121786,-0.015951101,-0.121862829,-0.034792427,0.294892132,0.108523652,0.021404598,-0.062651053,-50.970169067,2418.343505859,-8456.495117188,18647.972656250,757.375061035,-5179.035156250,0.006012610,-2.949398994,-3.707577467,-1.175364137,-0.006469192,-0.001143062
4.145307175,-0.068427607,-0.025174102,0.315296620,-0.046886232,0.017615151,-0.017980253,-0.088436171,0.001583800,0.229419351,0.072102301,0.014703345,-0.038158849,-783.789062500,1756.309692383,-6530.955566406,14932.595703125,1071.286865234,-2416.808349609,-0.102339782,-3.293138027,-3.823983431,-1.217798471,-0.002360580,-0.000655613
4.165378648,-0.070567027,-0.025589231,0.320495397,-0.046606347,0.017952271,-0.019622354,-0.118406311,-0.013983410,0.254380554,0.099412240,0.021795113,-0.050725598,-369.039337158,2084.583740234,-8173.269042969,20376.968750000,1184.633422852,-5751.258300781,-0.037031252,-3.317554712,-3.842358828,-1.179484129,-0.003891430,-0.001277913
4.185440071,-0.072808072,-0.026229721,0.326045305,-0.045639560,0.018310571,-0.021512853,-0.124550991,-0.026790321,0.277479619,0.121502854,0.021451982,-0.065476239,60.920299530,2422.425781250,-8923.193359375,20989.208984375,1007.747131348,-7063.995117188,0.027773617,-3.259245396,-3.910812616,-1.199869275,-0.006570513,-0.001441005
4.205523675,-0.075087599,-0.026941346,0.331741422,-0.044477295,0.018664379,-0.023479279,-0.128186837,-0.032175645,0.290142357,0.123423494,0.021419477,-0.072811060,-1.201119781,62.306076050,-221.460403442,499.614410400,25.118829727,-167.611129761,0.005523053,-3.216742754,-3.960066795,-1.221074581,-0.006067011,-0.001400846
4.225606399,-0.079282656,-0.027693581,0.341534585,-0.040168904,0.019424386,-0.026619945,-0.094650455,-0.004681630,0.240391731,0.120241590,0.015584016,-0.063157670,1506.458984375,1463.073364258,-3371.100341797,2306.105224609,-444.285919189,-2803.412597656,0.241780832,-3.364251137,-4.148891926,-1.379713416,-0.017328499,-0.000262314
4.245692637,-0.080873221,-0.027724884,0.346127272,-0.040037267,0.019564712,-0.027980974,-0.095712245,0.003072516,0.230773106,0.081525117,0.014667016,-0.045810048,-640.832214355,1709.581176758,-6326.395996094,14497.210937500,1135.210205078,-2744.233154297,-0.097790293,-3.549193621,-4.116640091,-1.277081847,-0.002608956,-0.000705629
4.265855476,-0.083177373,-0.028098062,0.351318389,-0.039633829,0.019891847,-0.029957477,-0.128245384,-0.012073412,0.254980892,0.105780907,0.022481378,-0.060350504,-505.681762695,1999.180908203,-7937.297851562,20117.806640625,1405.213867188,-6780.891113281,-0.072526030,-3.586193562,-4.124747276,-1.234746814,-0.002496634,-0.001525559
4.286004757,-0.085701182,-0.028710436,0.356868118,-0.038501967,0.020274080,-0.032240901,-0.139693469,-0.025552953,0.278429717,0.129909515,0.023855975,-0.078482017,23.804759979,2358.676513672,-8809.251953125,21198.984375000,1276.411621094,-8502.683593750,0.018464658,-3.531542301,-4.190130234,-1.253264427,-0.005861238,-0.001718096
4.306162528,-0.088258326,-0.029404793,0.362569541,-0.037103646,0.020647164,-0.034609575,-0.143147722,-0.031486720,0.291421235,0.134930938,0.023506688,-0.087201945,23.467142105,2462.715820312,-8826.634765625,20303.255859375,1260.510986328,-8125.305664062,0.013258776,-3.486733198,-4.242876530,-1.276329398,-0.005950858,-0.001638434
4.326209345,-0.092970394,-0.030137308,0.372387737,-0.032274019,0.021452615,-0.038372327,-0.108876370,-0.004449823,0.241785586,0.133889720,0.017638402,-0.075927265,1559.376342773,1399.258789062,-3190.112548828,2049.058593750,-304.697784424,-3276.121337891,0.283391565,-3.628921270,-4.450352669,-1.441424370,-0.018300461,-0.000352394
4.346271757,-0.094716400,-0.030140594,0.376959741,-0.031926405,0.021593545,-0.039993431,-0.104108848,0.004365270,0.230720595,0.091177553,0.014920210,-0.054277599,-500.965026855,1715.157592773,-6299.881835938,14398.125976562,1238.118774414,-3207.507080078,-0.084601521,-3.819436550,-4.415633678,-1.339735746,-0.003130597,-0.000751964
4.366333947,-0.097170167,-0.030465929,0.382094502,-0.031384800,0.021905208,-0.042324957,-0.137229130,-0.010011177,0.253580600,0.111142695,0.022762174,-0.070581183,-630.852600098,1984.087280273,-7966.573242188,20477.220703125,1673.021606445,-8240.552734375,-0.106622003,-3.870156765,-4.412952900,-1.293474913,-0.001252149,-0.001773077
4.386395557,-0.099953033,-0.031035447,0.387572289,-0.030072089,0.022302492,-0.045014109,-0.153762341,-0.023788303,0.276469946,0.136544138,0.025725696,-0.092042819,-43.917785645,2062.944580078,-7812.272460938,19182.324218750,1412.156860352,-9212.005859375,0.000881025,-3.822737217,-4.474022865,-1.310510874,-0.004932441,-0.002008651
4.406454845,-0.102788232,-0.031695146,0.393195778,-0.028431706,0.022695428,-0.047793534,-0.158074230,-0.030094119,0.289054543,0.144427061,0.025493713,-0.102036275,71.763938904,2188.661865234,-7909.092773438,18505.060546875,1390.792724609,-8871.065429688,0.019841447,-3.778512239,-4.529421806,-1.335097671,-0.005806143,-0.001879607
4.426536428,-0.106812030,-0.031682458,0.401596934,-0.024304850,0.023264656,-0.051100913,-0.109227560,0.005117496,0.225437656,0.097732060,0.014890363,-0.060711671,-381.878509521,1508.122436523,-5557.907226562,12686.907226562,1188.452392578,-3125.195556641,-0.076503262,-4.102020741,-4.682279110,-1.395518899,-0.003390889,-0.000776473
4.446619632,-0.109362483,-0.031987060,0.406601071,-0.023672804,0.023561118,-0.053725436,-0.143007219,-0.009405429,0.248067990,0.113284692,0.022704287,-0.078581981,-687.180175781,1818.745117188,-7421.354003906,19317.447265625,1769.130371094,-8943.123046875,-0.134708002,-4.153676987,-4.665522575,-1.345236421,-0.000253420,-0.001974237
4.466702734,-0.112330742,-0.032552272,0.411950737,-0.022248255,0.023964161,-0.056761153,-0.163947105,-0.024102205,0.271229655,0.139349163,0.026861601,-0.103300199,-132.632827759,2034.013427734,-7839.666992188,19602.277343750,1674.033081055,-10914.066406250,-0.020581532,-4.101419926,-4.716641903,-1.359529376,-0.003945662,-0.002268818
4.486785959,-0.115392134,-0.033225819,0.417452753,-0.020443739,0.024373844,-0.059896190,-0.170234695,-0.031329315,0.284087479,0.149727851,0.027065899,-0.114795782,81.942176819,2120.082763672,-7744.666992188,18393.416015625,1599.003173828,-10247.497070312,0.020699333,-4.045257568,-4.768538475,-1.384322286,-0.005512808,-0.002101057
4.506855597,-0.121024206,-0.033985723,0.426949024,-0.014790425,0.025257159,-0.064831533,-0.134011060,-0.006517891,0.235433176,0.154190049,0.020955339,-0.099863745,1547.603149414,1163.776000977,-2569.501708984,1199.441772461,-81.295692444,-3955.971923828,0.363599449,-4.151409626,-4.994311333,-1.554179311,-0.020004576,-0.000528318
4.526994454,-0.123075627,-0.034004521,0.431345969,-0.014085930,0.025408788,-0.066962123,-0.120513439,0.003046891,0.223183617,0.105564237,0.015800921,-0.070629969,-219.289001465,1534.702636719,-5576.234863281,12659.625000000,1308.945068359,-3874.285888672,-0.046897326,-4.330192566,-4.952238083,-1.454392076,-0.004398552,-0.000855958
4.547147528,-0.125778392,-0.034311805,0.436242878,-0.013328393,0.025689242,-0.069996119,-0.152057096,-0.010190526,0.244218871,0.116397277,0.022744061,-0.090700157,-792.876586914,1913.317016602,-7826.719238281,20577.841796875,2144.805664062,-11451.213867188,-0.160849929,-4.386629105,-4.923794746,-1.400921106,0.000547156,-0.002243442
4.567202515,-0.128982291,-0.034873176,0.441463411,-0.011757971,0.026094628,-0.073492341,-0.177127942,-0.024637565,0.266586363,0.142630041,0.027952297,-0.118777074,-231.060546875,1842.479492188,-7171.408203125,18268.080078125,1852.056884766,-12188.756835938,-0.054383673,-4.337301254,-4.964770317,-1.412196040,-0.002664781,-0.002599094
4.587349018,-0.132338986,-0.035543896,0.446822286,-0.009731828,0.026525304,-0.077089675,-0.186209992,-0.031873152,0.278768688,0.156215131,0.028877843,-0.131667510,77.569595337,2016.633544922,-7393.284667969,17835.765625000,1845.482299805,-11997.862304688,0.014648932,-4.278087139,-5.015097618,-1.437804699,-0.005050580,-0.002382413
4.607408792,-0.138529211,-0.036318790,0.456089854,-0.003636535,0.027460307,-0.082739815,-0.148935929,-0.007548539,0.230732352,0.165212706,0.022802280,-0.114379846,1753.305786133,1181.486450195,-2513.938476562,797.885437012,5.299845219,-4926.346679688,0.411564201,-4.369480133,-5.251152039,-1.608707070,-0.021081043,-0.000637009
4.627467768,-0.140770316,-0.036338121,0.460364580,-0.002701033,0.027623285,-0.085173979,-0.130757272,0.002716909,0.217869699,0.114404030,0.016517229,-0.080606252,-71.179367065,1457.999633789,-5213.786132812,11741.997070312,1353.760253906,-4324.051269531,-0.018607486,-4.544904232,-5.209630966,-1.511856198,-0.005332320,-0.000918292
4.647551414,-0.143606752,-0.036613643,0.465088695,-0.001775897,0.027888674,-0.088613622,-0.159885496,-0.009191331,0.237313002,0.120084845,0.022584476,-0.102577120,-704.672485352,1578.243530273,-6462.157226562,17139.078125000,2025.733032227,-11465.621093750,-0.181817144,-4.610938072,-5.171811581,-1.456593513,0.001105321,-0.002495883
4.667612496,-0.147003263,-0.037133861,0.470112145,-0.000034758,0.028289292,-0.092565969,-0.187994406,-0.023216678,0.258617908,0.145995036,0.028448788,-0.134020835,-305.811187744,1587.084960938,-6239.940429688,16184.766601562,1927.037475586,-13026.926757812,-0.089809760,-4.571365833,-5.204035759,-1.465104580,-0.001452300,-0.002922346
4.687696270,-0.150621936,-0.037771039,0.475275129,0.002209962,0.028733684,-0.096632816,-0.200507998,-0.030717781,0.270486236,0.162608981,0.030196857,-0.148512572,30.577507019,1827.113037109,-6742.055175781,16553.015625000,2027.524169922,-13492.216796875,-0.001667413,-4.514421940,-5.252651691,-1.490116000,-0.004314036,-0.002676124
4.707839280,-0.154317871,-0.038439862,0.480494708,0.004603869,0.029179234,-0.100761257,-0.205608636,-0.033068955,0.275212735,0.168566138,0.030235883,-0.152046770,121.419921875,1799.888427734,-6415.661132812,15259.149414062,1945.445800781,-12440.541992188,0.018265206,-4.479912281,-5.288971901,-1.507207394,-0.005085079,-0.002513591
4.727993373,-0.161212161,-0.039181117,0.489505589,0.011203693,0.030178990,-0.107338272,-0.168287531,-0.007202487,0.225245416,0.178808719,0.025174208,-0.132945791,1811.836303711,1077.247070312,-2167.331787109,209.011703491,92.055412292,-5886.770019531,0.466902614,-4.590629578,-5.528046131,-1.668293476,-0.022313945,-0.000816859
4.748147580,-0.163716331,-0.039177611,0.493649989,0.012435110,0.030362278,-0.110172831,-0.144998088,0.003702279,0.212134421,0.126543298,0.017785201,-0.094042167,112.004379272,1509.411743164,-5276.858398438,11764.961914062,1545.117431641,-5495.893066406,0.022090709,-4.768862724,-5.491671562,-1.575533390,-0.006574163,-0.001020244
4.768300449,-0.166738302,-0.039393913,0.498189032,0.013600986,0.030614993,-0.114143506,-0.170591801,-0.006738437,0.230062962,0.126780286,0.022608614,-0.118323497,-673.290649414,1439.934204102,-5876.683593750,15726.808593750,2151.830078125,-13109.773437500,-0.198585838,-4.851381779,-5.447331905,-1.519369125,0.001528605,-0.002816520
4.788465532,-0.170367301,-0.039840709,0.502995729,0.015591391,0.031008983,-0.118690938,-0.201186284,-0.020136727,0.250052989,0.152366057,0.028837025,-0.153959125,-439.241516113,1567.332519531,-6223.477539062,16471.810546875,2357.118652344,-16673.705078125,-0.132797986,-4.829983711,-5.472546577,-1.525645614,-0.000049293,-0.003334998
4.808541663,-0.174299300,-0.040410154,0.507937193,0.018141177,0.031468503,-0.123365730,-0.217738166,-0.027793799,0.261258036,0.172534004,0.031521939,-0.170442268,-40.119865417,1532.156616211,-5691.427246094,14246.363281250,2122.945800781,-14736.263671875,-0.028698713,-4.783580780,-5.522126198,-1.550660729,-0.003263284,-0.003056848
4.828686005,-0.181701168,-0.041064966,0.516526580,0.025292603,0.032526623,-0.130646959,-0.181650385,-0.005918402,0.215853631,0.191604719,0.026812674,-0.147571042,1803.441894531,925.794433594,-1771.528686523,-394.095947266,133.206451416,-6057.872070312,0.520619094,-4.865575314,-5.791037560,-1.723913312,-0.023424508,-0.000881460
4.848833675,-0.184383079,-0.041039240,0.520479620,0.026791792,0.032726444,-0.133787513,-0.154610440,0.004658153,0.202975869,0.137090072,0.018636128,-0.103550427,209.994766235,1176.237426758,-4073.962890625,8943.457031250,1316.348022461,-5004.333984375,0.060700543,-5.038739681,-5.758122444,-1.635200024,-0.007646715,-0.001074635
4.869010724,-0.187522039,-0.041216448,0.524788082,0.028157931,0.032969747,-0.138195828,-0.177353770,-0.005261471,0.219845861,0.131918415,0.022469375,-0.130652577,-655.277465820,1322.062988281,-5437.342285156,14630.114257812,2258.968261719,-14802.921875000,-0.207057744,-5.127768993,-5.705508232,-1.577835917,0.001730797,-0.003089288
4.889164053,-0.191298679,-0.041623961,0.529344320,0.030329799,0.033355165,-0.143241197,-0.209650144,-0.018745899,0.238920137,0.156339154,0.028822167,-0.170442477,-508.685241699,1343.385498047,-5442.357910156,14650.267578125,2431.079833984,-18103.261718750,-0.169069558,-5.113402843,-5.720077038,-1.580926776,0.001093112,-0.003687780
4.909373787,-0.199011818,-0.042237714,0.537440658,0.037612565,0.034444414,-0.151169196,-0.192215264,-0.006813671,0.204926938,0.197772220,0.028517652,-0.161383867,1807.725463867,814.337951660,-1538.470336914,-666.062377930,210.411743164,-6835.080566406,0.543608665,-5.138926983,-6.004396439,-1.764715552,-0.023556324,-0.001012209
4.929432625,-0.201855198,-0.042250261,0.541198671,0.039314575,0.034668989,-0.154542461,-0.163132176,0.002381579,0.193303466,0.144303977,0.019824676,-0.111576542,352.488891602,1247.681518555,-4328.978515625,9416.792968750,1518.588500977,-5910.071777344,0.099548534,-5.285490990,-5.976451874,-1.682650685,-0.008630519,-0.001084772
4.949503285,-0.205084264,-0.042454660,0.545278251,0.040835429,0.034912694,-0.159284323,-0.182484508,-0.007308243,0.209285229,0.135100231,0.022577217,-0.140016243,-620.772827148,1258.308105469,-5213.594238281,14038.404296875,2381.886718750,-16569.914062500,-0.199078545,-5.363672733,-5.916034698,-1.626044750,0.001451156,-0.003274841
4.969647819,-0.208946913,-0.042885087,0.549582779,0.043121897,0.035292212,-0.164707467,-0.214676574,-0.020643832,0.227167547,0.157631770,0.028669816,-0.182926521,-522.746826172,1147.418945312,-4729.071289062,12858.435546875,2394.984375000,-18757.351562500,-0.189414904,-5.343808174,-5.917768955,-1.626253247,0.001662580,-0.003948331
4.989791647,-0.213226959,-0.043463532,0.554020703,0.045999274,0.035764650,-0.170272887,-0.237046495,-0.029435374,0.237464219,0.181063384,0.032580599,-0.202635586,-187.261138916,1240.360473633,-4752.729492188,12237.428710938,2418.970214844,-18355.451171875,-0.080262400,-5.287056923,-5.952849388,-1.647228956,-0.001537072,-0.003622386
5.009859515,-0.221520871,-0.044274751,0.561796367,0.053709231,0.036925778,-0.178936303,-0.206983611,-0.012049302,0.196295142,0.206192166,0.030231958,-0.175665006,1819.437866211,741.488037109,-1291.300292969,-1167.430664062,191.221130371,-7193.971191406,0.600150645,-5.301772118,-6.214263916,-1.813141823,-0.024947871,-0.001114207
5.029920909,-0.224568233,-0.044363461,0.565366149,0.055567373,0.037173752,-0.182657838,-0.174257815,-0.002089118,0.184041098,0.149673164,0.021101132,-0.122956835,482.195556641,1183.751953125,-3990.389404297,8446.446289062,1516.753295898,-6709.425781250,0.144302219,-5.440200329,-6.178575993,-1.731116891,-0.009919243,-0.001204182
5.050064716,-0.227932096,-0.044614531,0.569212019,0.057210453,0.037417307,-0.187849700,-0.190126836,-0.010506651,0.198597863,0.136408582,0.022846837,-0.153685838,-520.717346191,1077.301025391,-4419.080078125,11914.637695312,2275.969970703,-17022.775390625,-0.192728877,-5.517119884,-6.105043411,-1.672250748,0.001154011,-0.003541391
5.070206295,-0.231927380,-0.045076970,0.573261380,0.059607882,0.037791569,-0.193778172,-0.222309709,-0.023082979,0.215304211,0.158606231,0.028653225,-0.199861452,-556.586608887,1003.363708496,-4165.693847656,11523.057617188,2469.363037109,-20423.580078125,-0.216121644,-5.498048782,-6.092717648,-1.668421745,0.002348930,-0.004281884
5.090276302,-0.236384928,-0.045686759,0.577440023,0.062635973,0.038271911,-0.199851647,-0.246943995,-0.031711012,0.225008935,0.184835702,0.033049576,-0.221146300,-253.813308716,1093.435302734,-4208.370605469,11033.007812500,2530.439941406,-20295.667968750,-0.109025434,-5.437870979,-6.121106148,-1.687625527,-0.000755491,-0.003937644
5.110335512,-0.245117381,-0.046590749,0.584787905,0.070618190,0.039487839,-0.209264308,-0.219425395,-0.015187636,0.185878783,0.213548303,0.031928316,-0.190945581,1829.990478516,672.003112793,-1074.266723633,-1500.857299805,201.185440063,-7789.484863281,0.635778308,-5.427120686,-6.382581711,-1.850314975,-0.025717711,-0.001231718
5.130394431,-0.248353139,-0.046732724,0.588165402,0.072660834,0.039762784,-0.213308007,-0.184440419,-0.005216168,0.174408868,0.156562373,0.022512242,-0.133506477,606.612121582,1157.272583008,-3792.433837891,7873.156250000,1572.218505859,-7529.219238281,0.183697224,-5.554596901,-6.347970963,-1.771840096,-0.011022704,-0.001283742
5.150456903,-0.251842380,-0.047011565,0.591785252,0.074469797,0.040013120,-0.218942001,-0.197170600,-0.012587111,0.188159481,0.140275583,0.023336176,-0.166603804,-395.488555908,848.791442871,-3431.290039062,9269.453125000,1988.319458008,-15987.000000000,-0.182668418,-5.632363319,-6.267882347,-1.713163018,0.000742122,-0.003802107
5.170540561,-0.255946547,-0.047482986,0.595585048,0.077020533,0.040388100,-0.225353315,-0.228556454,-0.024193181,0.203603357,0.162031665,0.028739830,-0.216307998,-521.795593262,805.106384277,-3349.175781250,9412.977539062,2311.857177734,-20392.568359375,-0.233393103,-5.619782448,-6.247644424,-1.707381845,0.002688663,-0.004602440
5.190616676,-0.260539651,-0.048098277,0.599514067,0.080208518,0.040876448,-0.231905907,-0.254564077,-0.032469671,0.212732524,0.189997777,0.033423100,-0.238772660,-262.708984375,817.889221191,-3153.936279297,8420.000000000,2221.780029297,-18925.900390625,-0.134204477,-5.564152241,-6.272572041,-1.724756241,-0.000160257,-0.004228236
5.210675518,-0.269641489,-0.049051534,0.606472731,0.088461824,0.042142007,-0.242060423,-0.230325967,-0.017140869,0.176406860,0.221563682,0.033552151,-0.206006065,1844.594238281,617.650512695,-905.261962891,-1759.246826172,212.969131470,-8555.838867188,0.661615014,-5.539954662,-6.536507607,-1.883942842,-0.026229508,-0.001363605
5.230756382,-0.273052692,-0.049230114,0.609681726,0.090700291,0.042446189,-0.246424779,-0.193907946,-0.007389510,0.165973559,0.164389938,0.024028327,-0.144072235,243.729125977,385.848846436,-1231.069702148,2506.830078125,553.344238281,-2870.000000000,0.218285292,-5.661032200,-6.505779266,-1.809493780,-0.011965161,-0.001371552
5.250898458,-0.276663274,-0.049525250,0.613105536,0.092691362,0.042709131,-0.252498925,-0.203940436,-0.013961963,0.179131627,0.145571619,0.024074437,-0.179495215,-391.818756104,881.032470703,-3510.148193359,9492.329101562,2274.946777344,-19654.105468750,-0.170436531,-5.743137836,-6.422317028,-1.751641750,0.000297977,-0.004062225
5.271042996,-0.280872673,-0.050000574,0.616697073,0.095399432,0.043089408,-0.259412497,-0.234602764,-0.024899559,0.193725616,0.166843697,0.029081265,-0.232960373,-596.164245605,786.505615234,-3290.244873047,9414.919921875,2625.846923828,-24714.466796875,-0.249613002,-5.739696503,-6.395726681,-1.743524551,0.003026063,-0.004937378
5.291189595,-0.285597682,-0.050621163,0.620422959,0.098754108,0.043590169,-0.266474009,-0.261989653,-0.033114083,0.202655002,0.196464390,0.034040201,-0.257224649,-129.819290161,299.549896240,-1163.383422852,3172.976562500,951.246643066,-8641.178710938,-0.160022616,-5.690660000,-6.418582916,-1.759198189,0.000467827,-0.004546925
5.311265705,-0.295059174,-0.051626060,0.627070904,0.107320510,0.044912446,-0.277402669,-0.240910321,-0.019103250,0.168834701,0.230810523,0.035319496,-0.221752852,656.067932129,201.137161255,-270.387664795,-698.801269531,77.723815918,-3299.462890625,0.685813367,-5.655630589,-6.688079834,-1.916891575,-0.026691921,-0.001497286
5.331329326,-0.298641711,-0.051843151,0.630146027,0.109759271,0.045249883,-0.282088369,-0.203167915,-0.009632102,0.159288913,0.172941372,0.025728989,-0.154881835,255.895614624,346.185333252,-1077.635375977,2143.512939453,516.572998047,-2898.239990234,0.253452420,-5.772415638,-6.662387371,-1.846210480,-0.012897290,-0.001455931
5.351391125,-0.302368969,-0.052159060,0.633407354,0.111934550,0.045531869,-0.288591713,-0.210417747,-0.015530037,0.171754494,0.151472986,0.025071453,-0.192281365,-11.172384262,27.610988617,-108.412338257,292.186737061,77.554542542,-721.297485352,-0.151713803,-5.860334396,-6.576992035,-1.789437890,-0.000304590,-0.004311434
5.371537688,-0.306664258,-0.052641898,0.636816680,0.114799194,0.045923673,-0.295968473,-0.239512622,-0.025754943,0.185119763,0.171937779,0.029609080,-0.248874664,-210.677062988,248.148605347,-1045.336914062,3031.967041016,951.437866211,-9601.724609375,-0.253057152,-5.867457867,-6.546495438,-1.779852033,0.002988768,-0.005238146
5.391598473,-0.311482340,-0.053271987,0.640364766,0.118292436,0.046437997,-0.303497016,-0.267291546,-0.033916038,0.193677291,0.202178866,0.034665797,-0.274215400,-150.166946411,275.517089844,-1083.256469727,3012.141357422,1008.478271484,-9786.765625000,-0.177635431,-5.827003479,-6.567495346,-1.793225527,0.000840697,-0.004828515
5.411752693,-0.321012765,-0.054280307,0.646636248,0.126961842,0.047755934,-0.314399958,-0.246637881,-0.021231797,0.162167624,0.233097285,0.033302441,-0.175937608,452.954559326,79.286605835,5.973166943,-942.101989746,-14.318462372,-2002.910278320,0.641311049,-5.803997040,-6.805970669,-1.945202470,-0.025996005,-0.001144269
5.431906061,-0.324775070,-0.054566190,0.649614096,0.129596800,0.048152555,-0.319933236,-0.212758690,-0.012971302,0.152720317,0.185755342,0.027558247,-0.162669346,179.843765259,237.302978516,-738.842468262,1477.027832031,333.313323975,-4005.644775391,0.247123301,-5.900399208,-6.806427002,-1.876586080,-0.013186944,-0.002749743
5.452076807,-0.328669339,-0.054953754,0.652784050,0.131945089,0.048474681,-0.327139586,-0.219447866,-0.019394431,0.166611701,0.160634026,0.027608933,-0.221604690,-117.991577148,317.139068604,-1231.030273438,3309.085449219,907.600158691,-10289.894531250,-0.139952064,-5.980134010,-6.729733944,-1.823024035,-0.000806647,-0.005083675
5.472209400,-0.333099544,-0.055495948,0.656076729,0.134977832,0.048890948,-0.334982961,-0.247021705,-0.029364681,0.179773524,0.178445369,0.031461809,-0.272521436,-221.429580688,249.032211304,-1050.549804688,3069.009765625,1062.886352539,-11125.882812500,-0.248072788,-5.989263535,-6.694690228,-1.813585281,0.002835284,-0.005425804
5.492367755,-0.338037908,-0.056181297,0.659497738,0.138631880,0.049430188,-0.342923552,-0.274025857,-0.037276972,0.187608749,0.208746552,0.036058683,-0.290841341,-8.792211533,14.591684341,-57.727054596,162.361557007,60.513916016,-604.394165039,-0.178287119,-5.951996326,-6.712817192,-1.826044440,0.000827527,-0.004944390
5.512512445,-0.347066760,-0.057067238,0.665094376,0.147234738,0.050751667,-0.355184406,-0.238497376,-0.017804239,0.138391688,0.256143510,0.035635460,-0.311064065,31.063726425,3.916242123,3.462808609,-74.005287170,-36.895843506,736.694458008,0.414306819,-5.979559422,-6.890028000,-1.942933321,-0.022877980,0.004750486
5.532599242,-0.351041406,-0.057531547,0.668206573,0.149609804,0.051151156,-0.359582603,-0.223651141,-0.019499656,0.149361819,0.196808219,0.034794807,-0.114043415,8.510601997,35.975006104,-122.747512817,289.102111816,45.299530029,163.184417725,0.096691877,-6.030650139,-6.933310509,-1.876514912,-0.009113421,0.000901264
5.553080031,-0.355269134,-0.058085557,0.671384096,0.152264088,0.051514048,-0.367359489,-0.236814797,-0.029171094,0.169743195,0.168691859,0.033425119,-0.195194438,-127.365196228,305.478515625,-1183.926879883,3224.623291016,1037.118164062,-11198.041015625,-0.158486053,-6.078701496,-6.859681129,-1.847565055,0.000546731,-0.005602841
5.573223671,-0.359988958,-0.058768369,0.674626470,0.155672833,0.051984530,-0.376221001,-0.262746334,-0.037983876,0.180022672,0.191040307,0.034815971,-0.296407849,-122.317466736,143.770950317,-599.569030762,1755.207763672,760.495971680,-9389.685546875,-0.218246058,-6.072718143,-6.823869705,-1.846178174,0.002508105,-0.006769709
5.593284260,-0.366837889,-0.059746757,0.678771138,0.161715895,0.053018413,-0.387812227,-0.284023017,-0.036230333,0.157783717,0.286707759,0.054168366,-0.380139261,127.475875854,208.961883545,-650.573181152,1364.433349609,103.994003296,6694.716796875,0.148114249,-6.001749039,-6.932779312,-1.903633833,-0.012692400,0.003708501
5.613346731,-0.373764157,-0.060539827,0.683365703,0.167455018,0.053842373,-0.394656509,-0.220111266,-0.022772789,0.145701244,0.188516036,0.030366089,-0.179354444,293.683746338,332.171539307,-1004.255859375,1939.260742188,503.358825684,-3211.618896484,0.305792958,-6.070902824,-7.070879459,-1.933870792,-0.014372481,-0.001512537
5.633401288,-0.377723336,-0.061076209,0.686328173,0.169950321,0.054203283,-0.402258188,-0.223091453,-0.028547965,0.158362597,0.160560042,0.029037090,-0.222400114,-83.520271301,267.225860596,-1020.793457031,2728.758056641,869.731872559,-9950.341796875,-0.109033033,-6.152166367,-6.974085331,-1.878893018,-0.001719567,-0.004969330
5.653501074,-0.382181674,-0.061765131,0.689415991,0.173067793,0.054656278,-0.410886645,-0.248797297,-0.038003162,0.169992119,0.179529250,0.032682430,-0.290231556,-207.036834717,188.811340332,-820.014709473,2476.783203125,973.100341797,-12042.282226562,-0.251467049,-6.163909435,-6.925670624,-1.863596916,0.002622994,-0.006104945
5.673565742,-0.387160540,-0.062614866,0.692666590,0.176773041,0.055236571,-0.419644654,-0.276454479,-0.046539664,0.178514346,0.211055517,0.037864540,-0.319643229,-414.446624756,502.082855225,-2050.315429688,6026.690429688,2405.936279297,-28480.117187500,-0.202754587,-6.124199390,-6.936190128,-1.870491982,0.001174983,-0.005600792
5.693627541,-0.392496109,-0.063580796,0.696053028,0.180845141,0.055908490,-0.428401113,-0.295895100,-0.052635629,0.185076684,0.233166650,0.042200010,-0.323246747,-56.611671448,229.990753174,-835.055419922,2250.921875000,861.149414062,-10085.440429688,-0.089031294,-6.069938660,-6.970107079,-1.884997010,-0.002087210,-0.005145442
5.713689714,-0.402905047,-0.065266952,0.702096343,0.190438718,0.057487708,-0.442082793,-0.266505808,-0.038528744,0.152888402,0.260806203,0.042094845,-0.276954979,724.681884766,169.599700928,-160.025878906,-993.778869629,72.855949402,-4620.811035156,0.795268536,-5.976281643,-7.225336075,-2.035334826,-0.029099345,-0.002033334
5.733844415,-0.406873226,-0.065854222,0.704936147,0.193298891,0.057955228,-0.447926164,-0.224099040,-0.030093914,0.147000805,0.192972928,0.032218959,-0.194021776,342.048339844,346.169769287,-995.815246582,1837.713623047,483.906341553,-3855.584960938,0.369416296,-6.070537090,-7.205246925,-1.966113687,-0.016117373,-0.001830156
5.753999671,-0.410842210,-0.066502318,0.707906663,0.195808828,0.058338527,-0.455988973,-0.223852590,-0.035024576,0.159693211,0.159543008,0.030188818,-0.238495588,-61.841751099,262.453155518,-962.498229980,2547.481689453,837.768981934,-10391.273437500,-0.088528380,-6.167263985,-7.095367908,-1.905590177,-0.002401302,-0.005253355
5.774189018,-0.415297866,-0.067296393,0.711004734,0.198930308,0.058814924,-0.465103775,-0.248819053,-0.044079237,0.171240225,0.178465262,0.033803258,-0.307284772,-209.147003174,177.710937500,-762.299682617,2351.329101562,948.842468262,-12591.553710938,-0.259664208,-6.192427158,-7.038178444,-1.885496140,0.002674547,-0.006400488
5.794266583,-0.420290053,-0.068259306,0.714289486,0.202651992,0.059427056,-0.474358678,-0.277274936,-0.052896276,0.180586085,0.211784542,0.039427791,-0.337448984,-440.792602539,468.527740479,-1911.744873047,5797.245117188,2296.734863281,-29369.310546875,-0.221263736,-6.161001682,-7.047404766,-1.889527202,0.001496560,-0.005907494
5.814405428,-0.430552900,-0.070104659,0.720308721,0.212222114,0.061026487,-0.488543242,-0.266068816,-0.043851834,0.152773663,0.266194284,0.043240424,-0.287979335,670.090515137,147.090896606,-124.842636108,-975.921142578,82.804573059,-4682.897460938,0.739643633,-6.031453133,-7.322610855,-2.050443649,-0.027586401,-0.002061073
5.834547804,-0.434579223,-0.070822783,0.723210871,0.215150088,0.061541751,-0.494610459,-0.226972818,-0.037034005,0.149773672,0.197810784,0.034476083,-0.200270772,325.227203369,353.973541260,-1021.703735352,1936.715698242,465.072052002,-3960.049804688,0.358777970,-6.109767914,-7.317150593,-1.984462380,-0.015953217,-0.001891230
5.854700101,-0.438599527,-0.071602099,0.726242721,0.217730746,0.061973508,-0.503005862,-0.226497814,-0.042457603,0.163776487,0.161476433,0.032648157,-0.247615144,-47.535034180,240.724807739,-867.494934082,2290.345947266,744.723022461,-9982.298828125,-0.076123506,-6.203405857,-7.206215382,-1.925887942,-0.002844284,-0.005484576
5.874846463,-0.443077236,-0.072524808,0.729403377,0.220897436,0.062492110,-0.512484014,-0.250020057,-0.051381275,0.175233737,0.179740131,0.035981074,-0.319577724,-198.949859619,177.190261841,-749.396606445,2322.903564453,934.828918457,-13341.183593750,-0.245628670,-6.230400085,-7.145655155,-1.904427290,0.002196783,-0.006658084
5.894988560,-0.452769965,-0.074430868,0.735296249,0.229954809,0.064005375,-0.527137876,-0.255436480,-0.046931773,0.150280431,0.259307623,0.041967954,-0.298735440,550.652099609,107.541252136,-74.656051636,-883.310852051,107.540901184,-4760.072753906,0.635227740,-6.100403309,-7.392663956,-2.055419922,-0.024730196,-0.002211811
5.915150281,-0.456740499,-0.075261451,0.738241374,0.232790560,0.064543515,-0.533304214,-0.223534971,-0.042898279,0.151258230,0.194391876,0.035253830,-0.204522401,261.111907959,345.884460449,-1028.356933594,2075.230224609,445.958282471,-3801.849853516,0.299118578,-6.158987999,-7.399159431,-1.991366625,-0.014483681,-0.001876948
5.935213563,-0.460761219,-0.076173581,0.741335750,0.235353231,0.065012902,-0.541905701,-0.226228908,-0.049908072,0.167713672,0.158910960,0.034489963,-0.252281278,-73.049102783,259.334960938,-944.620178223,2550.048583984,799.352172852,-11218.599609375,-0.097561464,-6.240268230,-7.287477016,-1.935788870,-0.002358742,-0.005614754
5.955275362,-0.465244710,-0.077236719,0.744566917,0.238534883,0.065571852,-0.551625073,-0.250172317,-0.059286673,0.179585204,0.179273784,0.038019419,-0.327251524,-194.150329590,170.108825684,-721.512268066,2270.275146484,893.577697754,-13507.400390625,-0.243052915,-6.257871151,-7.226544857,-1.915682077,0.002050112,-0.006846994
5.975373388,-0.470224917,-0.078482158,0.748021960,0.242260367,0.066262409,-0.561445773,-0.276603013,-0.068575755,0.190012068,0.212215364,0.043406550,-0.358848751,-23.822439194,28.519046783,-113.886726379,350.561035156,127.186851501,-1856.582153320,-0.200850680,-6.220389843,-7.235122681,-1.917060614,0.000732576,-0.006271658
5.995435092,-0.480424434,-0.080901369,0.754366636,0.252115935,0.067975588,-0.576497674,-0.264791399,-0.059407294,0.160211056,0.279908776,0.046023745,-0.305515766,802.425842285,160.487472534,-100.699378967,-1312.096191406,99.433387756,-6098.568359375,0.743379891,-6.042247295,-7.509602547,-2.086889029,-0.027653709,-0.002222524
6.015516317,-0.484431535,-0.081931964,0.757500827,0.255024821,0.068561904,-0.582913995,-0.225756422,-0.053724777,0.160946891,0.200840399,0.037760608,-0.211975068,854.576904297,1032.186523438,-2930.685302734,5657.095703125,1072.585571289,-10925.917968750,0.375694662,-6.101552486,-7.516691208,-2.016666412,-0.016737012,-0.002027406
6.035665054,-0.488403648,-0.083014190,0.760757446,0.257540345,0.069063053,-0.591782212,-0.223726109,-0.059590161,0.177412048,0.155064702,0.036139637,-0.261300623,-95.230407715,721.969055176,-2484.197021484,6494.091308594,1960.187866211,-29864.048828125,-0.055549778,-6.195517063,-7.387338161,-1.955069661,-0.003649333,-0.005795474
6.055812996,-0.492802322,-0.084236398,0.764152169,0.260608912,0.069646247,-0.601794958,-0.245669886,-0.068285905,0.189031690,0.172692642,0.039309938,-0.337111503,-457.212097168,445.365509033,-1802.093627930,5643.847167969,2117.776123047,-34018.437500000,-0.234332204,-6.225159645,-7.311724663,-1.927353382,0.001694511,-0.007036471
6.075956735,-0.497700095,-0.085648678,0.767799318,0.264202535,0.070365667,-0.611925364,-0.272142202,-0.077844165,0.200596794,0.205545530,0.044915140,-0.369535118,-434.980133057,525.646850586,-2050.399902344,6401.969726562,2133.796142578,-33166.355468750,-0.209763601,-6.194148064,-7.313374519,-1.923317671,0.000856843,-0.006481196
6.096098116,-0.507790923,-0.088399120,0.774498701,0.274174064,0.072135136,-0.627443254,-0.262443900,-0.068176351,0.168685719,0.288433552,0.047420450,-0.315022647,1672.103759766,320.939819336,-147.711914062,-2931.183837891,216.034729004,-13404.494140625,0.731571198,-5.996529579,-7.594299793,-2.101670265,-0.027382705,-0.002308774
6.116204712,-0.511769414,-0.089613318,0.777868807,0.277031749,0.072763249,-0.634049475,-0.224097982,-0.063385963,0.172580421,0.201697379,0.039704084,-0.218154728,681.308471680,915.554687500,-2578.299316406,5098.973632812,810.468811035,-9150.000000000,0.373431981,-6.048943043,-7.614212513,-2.028106213,-0.016915124,-0.002110315
6.136278813,-0.515707195,-0.090871893,0.781354308,0.279500782,0.073307566,-0.643167913,-0.221741885,-0.069614194,0.190923184,0.150528297,0.038383212,-0.268584639,-82.412918091,744.013488770,-2488.585205078,6502.209472656,1849.766845703,-30158.675781250,-0.049185656,-6.148560524,-7.474819660,-1.965704799,-0.003941069,-0.005968455
6.156480417,-0.520053387,-0.092265211,0.784978509,0.282522559,0.073933206,-0.653424680,-0.242709935,-0.077953592,0.202275157,0.168962598,0.041471895,-0.345875174,-116.491607666,126.098937988,-491.504180908,1541.897827148,545.317749023,-9351.833984375,-0.222206593,-6.183681488,-7.395496845,-1.935890079,0.001280191,-0.007211094
6.176622893,-0.524881065,-0.093858056,0.788891375,0.286016226,0.074694760,-0.663799882,-0.268285692,-0.087800473,0.215084255,0.200941905,0.047100909,-0.378231168,-421.745788574,571.935668945,-2162.636474609,6784.264160156,2035.240356445,-33813.539062500,-0.202055022,-6.157429695,-7.397004128,-1.928256869,0.000561388,-0.006639959
6.196705348,-0.534820259,-0.096949488,0.796056569,0.296158552,0.076524518,-0.679684401,-0.258505404,-0.076994471,0.179690555,0.298951596,0.048758030,-0.322500259,1657.363037109,304.435211182,-89.570259094,-3118.838867188,215.135513306,-13793.470703125,0.724028707,-5.944799423,-7.688361645,-2.116959572,-0.027217263,-0.002376224
6.216771237,-0.538732529,-0.098350465,0.799714208,0.298945874,0.077193476,-0.686415732,-0.220367014,-0.073168263,0.186945766,0.201923281,0.041528389,-0.222614169,813.995605469,1208.718994141,-3377.763671875,6796.553710938,886.643798828,-11221.141601562,0.374389708,-5.991829395,-7.723790169,-2.039740562,-0.017197970,-0.002168022
6.236936439,-0.542594373,-0.099786408,0.803471565,0.301342487,0.077777758,-0.695703804,-0.217458650,-0.079760589,0.206991613,0.144187674,0.040451776,-0.273306519,-62.358654022,698.684143066,-2279.789062500,5932.598144531,1586.072875977,-27589.560546875,-0.041367508,-6.100035191,-7.571828842,-1.976213932,-0.004248337,-0.006084639
6.257088119,-0.546853065,-0.101359516,0.807382643,0.304256856,0.078441970,-0.706179023,-0.237871930,-0.088052534,0.218485668,0.162598670,0.043511461,-0.352298766,-134.646163940,157.340957642,-596.382385254,1876.337646484,612.903015137,-11165.173828125,-0.217642143,-6.143260956,-7.485723019,-1.941556573,0.001132581,-0.007376635
6.277249806,-0.551585019,-0.103143714,0.811611891,0.307621986,0.079245843,-0.716754436,-0.262955129,-0.098399468,0.232551754,0.194283351,0.049271695,-0.385638237,-414.255950928,615.834228516,-2277.892089844,7193.124023438,1936.285278320,-34438.968750000,-0.195685387,-6.121228695,-7.486801147,-1.931023359,0.000358018,-0.006795768
6.297327070,-0.561324835,-0.106601298,0.819333255,0.317922115,0.081134170,-0.732930064,-0.253285557,-0.086406291,0.192732677,0.310363740,0.049998056,-0.328474283,1593.055419922,278.930297852,-39.881099701,-3203.842285156,206.700286865,-13708.007812500,0.713285863,-5.891407013,-7.791177750,-2.131208658,-0.026942415,-0.002428452
6.317387908,-0.565151513,-0.108209364,0.823334455,0.320599109,0.081844084,-0.739768505,-0.215578929,-0.084007189,0.204237595,0.200547099,0.043375798,-0.226103008,20.481340408,33.985885620,-94.562568665,194.063568115,20.501913071,-293.194915771,0.370748520,-5.931415081,-7.842556953,-2.049321175,-0.017330810,-0.002231200
6.337527397,-0.568924010,-0.109842829,0.827410936,0.322910279,0.082468592,-0.749204755,-0.212427303,-0.091119103,0.225948989,0.136447281,0.042581286,-0.277287602,-2.294265985,28.959751129,-92.696281433,240.893325806,60.871295929,-1125.549072266,-0.036485571,-6.047401905,-7.674187660,-1.984873652,-0.004407763,-0.006194832
6.357666380,-0.573080897,-0.111615613,0.831650853,0.325710744,0.083173417,-0.759834766,-0.232183054,-0.099251673,0.237040773,0.155741021,0.045588169,-0.357407719,-9.735540390,12.481880188,-46.097099304,145.094100952,43.617725372,-844.680908203,-0.208145767,-6.095464230,-7.582864285,-1.946024179,0.000891598,-0.007500105
6.377826062,-0.577696562,-0.113613747,0.836245477,0.328907251,0.084019639,-0.770553470,-0.256496817,-0.110211968,0.252616525,0.185784861,0.051450539,-0.390779644,-385.473388672,640.698913574,-2318.309570312,7350.836914062,1758.488403320,-33406.328125000,-0.185889363,-6.076033115,-7.582453251,-1.931623220,0.000107106,-0.006906392
6.397958054,-0.586666882,-0.117200658,0.844080806,0.339158446,0.085826330,-0.785219491,-0.237992421,-0.088260122,0.187390342,0.343117595,0.043653391,-0.181801721,437.342102051,90.707649231,-57.912693024,-806.301940918,-341.433166504,11717.699218750,0.526420832,-5.880982876,-7.843374729,-2.110435724,-0.024652638,0.006016151
6.418099589,-0.590448320,-0.119134448,0.848732293,0.340998888,0.086630225,-0.792539299,-0.212762848,-0.098384231,0.229448929,0.182030842,0.047987390,-0.138271153,184.263275146,633.604614258,-1845.986450195,4297.881835938,137.108551025,-6069.880371094,0.242775604,-5.889678478,-7.944474697,-2.019654989,-0.015191214,-0.003252957
6.438246170,-0.594287217,-0.121033974,0.853201747,0.343449056,0.087316580,-0.803266048,-0.215341374,-0.107921086,0.254285097,0.126412243,0.048661318,-0.299631923,-3.440133095,18.274738312,-59.705486298,164.673095703,47.707149506,-1183.704711914,-0.066154346,-6.000996590,-7.734068394,-1.979958892,-0.003123359,-0.008701830
6.458308208,-0.598495841,-0.123087831,0.857867122,0.346413732,0.088090219,-0.814389527,-0.234639481,-0.114867650,0.260870278,0.163674086,0.050068181,-0.396270275,-404.071868896,621.214660645,-2243.576171875,7173.174316406,2122.775634766,-44477.562500000,-0.176008895,-6.026867867,-7.669396877,-1.945258379,0.000408042,-0.008145220
6.478364491,-0.606517136,-0.126751482,0.865674734,0.355140924,0.089774504,-0.828374505,-0.243253112,-0.103706717,0.213949054,0.339468598,0.049401440,-0.200004578,17.778350830,3.831270933,-3.173475981,-28.909376144,-10.953657150,-199.175552368,0.472912520,-5.828779221,-7.896325111,-2.100812674,-0.022602789,-0.002099827
6.498422657,-0.610934258,-0.129146501,0.871177912,0.358436823,0.090739727,-0.837527037,-0.200571552,-0.104523443,0.237042218,0.182313576,0.045628719,-0.224075034,650.412292480,1485.042236328,-4148.341308594,9059.362304688,664.116088867,-11084.949218750,0.309239894,-5.804100037,-8.044457436,-2.050087690,-0.015972460,-0.002234891
6.518561606,-0.614492655,-0.131168321,0.875858665,0.360478580,0.091431014,-0.847117364,-0.200250447,-0.113571480,0.262270004,0.114455782,0.046088852,-0.278691739,-45.177234650,299.489227295,-948.606262207,2559.818359375,594.800781250,-12102.937500000,-0.057204276,-5.925285816,-7.840064526,-1.985627890,-0.003701874,-0.006371452
6.538702209,-0.618440866,-0.133356854,0.880764127,0.362978309,0.092212223,-0.857924879,-0.220419958,-0.122341640,0.273986608,0.139266178,0.049445700,-0.362494946,-458.573791504,643.639465332,-2306.397949219,7472.421386719,1870.979125977,-40410.054687500,-0.200779289,-5.968797207,-7.744236946,-1.939450741,0.000871979,-0.007702294
6.558841845,-0.622827411,-0.135805339,0.886104584,0.365820706,0.093138747,-0.868791938,-0.243687063,-0.135116711,0.293769866,0.167167664,0.055636492,-0.396131039,-368.925354004,733.686035156,-2566.571533203,8351.761718750,1614.090942383,-34348.109375000,-0.165708542,-5.943364143,-7.741177082,-1.920344949,-0.000255288,-0.007055735
6.578913168,-0.631806612,-0.140503824,0.895734012,0.376591653,0.095176123,-0.885375679,-0.232731014,-0.117797874,0.236779913,0.349380940,0.052707639,-0.337119550,579.234008789,99.297271729,-1.912711501,-1309.924926758,66.976875305,-5314.327636719,0.675874949,-5.638476372,-8.094655991,-2.159548759,-0.025945051,-0.002509742
6.598995690,-0.635286093,-0.142813236,0.900915563,0.378796667,0.095993131,-0.892340541,-0.196272761,-0.121035412,0.264878273,0.188333601,0.048217453,-0.229696423,595.431396484,1346.920898438,-3667.554199219,7927.604980469,453.431823730,-9477.835937500,0.347291291,-5.648066044,-8.188618660,-2.062952280,-0.017259067,-0.002374499
6.619072897,-0.638715625,-0.145094454,0.906037450,0.380864739,0.096716933,-0.901976347,-0.193171710,-0.128715202,0.288889945,0.110613413,0.047992982,-0.281524837,-68.841178894,844.872131348,-2549.924072266,6640.422851562,1557.547729492,-33086.417968750,-0.033383075,-5.782743931,-7.954761028,-1.997630715,-0.004283326,-0.006368130
6.639232253,-0.642505407,-0.147528216,0.911385894,0.383230507,0.097529382,-0.912792385,-0.211679026,-0.135948613,0.298460454,0.132577032,0.050952781,-0.363292992,-413.516387939,691.231201172,-2340.641601562,7396.849121094,1704.911865234,-38835.023437500,-0.184835881,-5.833808899,-7.852593899,-1.942930698,0.000490736,-0.007695705
6.659415279,-0.646716297,-0.150223106,0.917195678,0.385805130,0.098487832,-0.923669159,-0.233982533,-0.148794398,0.319761872,0.153092623,0.057274632,-0.395900548,-382.590148926,850.856323242,-2867.692626953,9301.182617188,1623.976684570,-36557.429687500,-0.157092601,-5.817800522,-7.838726997,-1.916322589,-0.000390096,-0.007077964
6.679564173,-0.651230633,-0.153123617,0.923322856,0.389019877,0.099544041,-0.934472144,-0.250341982,-0.160848618,0.339615345,0.181123197,0.062610544,-0.397082746,-43.842266083,236.064941406,-773.497131348,2492.060546875,426.911743164,-9361.437500000,-0.055746235,-5.770361900,-7.852291107,-1.919312000,-0.003117081,-0.006501150
6.699646731,-0.660021901,-0.158534020,0.934220970,0.400735110,0.101687014,-0.951235175,-0.224869654,-0.134544551,0.265816778,0.384191930,0.054225955,-0.340098381,1639.429443359,365.305694580,-191.256408691,-3563.284912109,114.533119202,-14757.148437500,0.709909379,-5.429158688,-8.271686554,-2.184354067,-0.027062681,-0.002634490
6.719730488,-0.663309038,-0.161173359,0.940059900,0.402810812,0.102538675,-0.958223879,-0.185810819,-0.138813600,0.300145835,0.185668498,0.049889363,-0.231655359,216.031463623,521.626770020,-1381.343261719,2941.536376953,131.989334106,-3388.215576172,0.353556246,-5.441397667,-8.374652863,-2.079627752,-0.017697319,-0.002444848
6.739881132,-0.666536629,-0.163720667,0.945707917,0.404823035,0.103286460,-0.967847109,-0.181994334,-0.144436195,0.320713580,0.100948788,0.049351830,-0.281558901,-67.881347656,869.069335938,-2500.949707031,6234.263183594,1531.766601562,-33898.820312500,-0.033708114,-5.601569176,-8.101463318,-2.010324955,-0.004111261,-0.006343496
6.760031763,-0.670123637,-0.166423783,0.951623440,0.406869382,0.104132161,-0.978645742,-0.200445041,-0.150691748,0.329200149,0.117531076,0.052499767,-0.362178892,-170.112777710,312.573577881,-1009.412780762,3138.361816406,641.109558105,-15525.558593750,-0.185070992,-5.668158531,-7.990686417,-1.940945864,0.000676020,-0.007701515
6.780195099,-0.674129367,-0.169389129,0.958009720,0.409066737,0.105127342,-0.989487469,-0.222536653,-0.163987830,0.352246702,0.131580755,0.059191748,-0.394349962,-334.252197266,784.375244141,-2570.815673828,8435.296875000,1335.165893555,-31909.447265625,-0.151202783,-5.668228149,-7.959640503,-1.906621456,-0.000244668,-0.007091944
6.800251452,-0.682334185,-0.174994200,0.969396353,0.419847757,0.107235841,-1.006026387,-0.212052032,-0.139765039,0.276796222,0.376782805,0.053512834,-0.336690605,39.833034515,8.454158783,-4.600625515,-85.674247742,3.562431335,-383.271850586,0.625989377,-5.340921402,-8.357533455,-2.165126801,-0.024486626,-0.002531403
6.820313438,-0.685471356,-0.177835554,0.975648403,0.421452284,0.108118296,-1.012909651,-0.177235469,-0.149549007,0.322173923,0.162735403,0.051239446,-0.226638213,702.113220215,1949.359375000,-5195.263183594,11714.037109375,439.589935303,-12225.775390625,0.313030183,-5.341508389,-8.473515511,-2.057794333,-0.016364342,-0.002428926
6.840459314,-0.688575506,-0.180584252,0.981658936,0.423360616,0.108897172,-1.022452831,-0.174884856,-0.156328052,0.342887819,0.089120559,0.051005431,-0.277592540,-77.448234558,714.724304199,-2082.916992188,5510.014648438,1364.927490234,-31130.308593750,-0.036452770,-5.502008915,-8.183309555,-1.994308710,-0.003524098,-0.006323747
6.860620267,-0.692027032,-0.183531567,0.988026261,0.425217450,0.109780811,-1.033160925,-0.192811266,-0.163912833,0.353374809,0.109337702,0.054289781,-0.358588636,-401.554534912,802.274169922,-2578.354736328,8301.296875000,1491.125244141,-38264.707031250,-0.167943954,-5.558294296,-8.086173058,-1.922144294,0.000609459,-0.007688685
6.880677309,-0.698377252,-0.188399658,0.997991800,0.432776541,0.111494571,-1.046428204,-0.208123669,-0.146243036,0.286841393,0.374763340,0.053687338,-0.141092286,679.507629395,810.135620117,-2031.748535156,4090.234863281,-996.948181152,11299.651367188,0.323020786,-5.345238209,-8.344884872,-2.049768209,-0.018827327,0.002189938
6.900747379,-0.702431917,-0.192193255,1.006109953,0.435942650,0.112664498,-1.056326151,-0.166992694,-0.156525970,0.334769458,0.134251744,0.051169533,-0.221940249,196.424896240,692.053588867,-1858.615844727,4403.538085938,157.922622681,-4148.223144531,0.246449664,-5.262167931,-8.542176247,-2.034285307,-0.014182315,-0.002327813
6.920832093,-0.705420256,-0.195086986,1.012338161,0.437628746,0.113460355,-1.065743327,-0.168164417,-0.164866820,0.356325716,0.072722986,0.051803067,-0.271840870,-52.669349670,237.572906494,-714.089233398,2054.774169922,511.197875977,-11697.766601562,-0.059409976,-5.421610355,-8.232023239,-1.971880674,-0.002347676,-0.006242208
6.940977421,-0.708766282,-0.198225841,1.019011021,0.439252198,0.114372686,-1.076328039,-0.186759010,-0.174264193,0.369624019,0.098203510,0.055572733,-0.353513956,-9.755101204,19.475915909,-62.957733154,212.691009521,34.468830109,-923.441955566,-0.159966618,-5.464223862,-8.144383430,-1.897856951,0.000822281,-0.007656697
6.961129835,-0.712485373,-0.201666772,1.026214123,0.441152632,0.115425259,-1.086943865,-0.206476495,-0.190680787,0.398565739,0.112415828,0.062245373,-0.385376751,-317.016967773,868.835876465,-2828.844482422,10004.959960938,1375.731201172,-35817.597656250,-0.109619819,-5.450649261,-8.109819412,-1.868225455,-0.000474718,-0.007012729
6.981200488,-0.720003068,-0.208176374,1.039076567,0.452497095,0.117572859,-1.103125811,-0.193018943,-0.162161857,0.310737640,0.416223168,0.053491950,-0.329959154,1568.203979492,442.007751465,-494.857727051,-2717.153076172,69.699775696,-15156.913085938,0.592984378,-5.045578003,-8.598673820,-2.158568859,-0.023339935,-0.002502197
7.001282457,-0.722814143,-0.211531729,1.046203017,0.453851610,0.118487202,-1.109826088,-0.159167781,-0.177909911,0.371051282,0.149894536,0.052810092,-0.219643041,622.700561523,1937.747192383,-5023.018066406,11525.895507812,349.837371826,-11554.074218750,0.281239986,-5.026463032,-8.719946861,-2.051436663,-0.015146335,-0.002425480
7.021468230,-0.725615978,-0.214721456,1.052905321,0.455887675,0.119289480,-1.119149327,-0.157956347,-0.181999266,0.384404123,0.086909622,0.052161776,-0.270041496,-100.104431152,615.248901367,-1714.864013672,4437.480468750,1252.328491211,-29806.800781250,-0.046961285,-5.192928314,-8.389244080,-1.990086913,-0.002443664,-0.006189368
7.041617066,-0.728763998,-0.218151703,1.060096622,0.457362980,0.120215915,-1.129589438,-0.175874189,-0.190040782,0.397238255,0.093967393,0.056086082,-0.348970801,-132.596649170,297.851470947,-904.218566895,2919.430419922,435.580902100,-12244.189453125,-0.159312904,-5.241605282,-8.295702934,-1.902052402,0.001019991,-0.007564619
7.061783971,-0.732285380,-0.221844569,1.067747355,0.459066838,0.121278942,-1.140038490,-0.195467502,-0.205131128,0.424653381,0.098745450,0.062807627,-0.379326046,-316.607910156,871.225952148,-2721.212646484,9561.916015625,1304.935913086,-34947.875000000,-0.108706810,-5.244208813,-8.230440140,-1.865683198,-0.000084652,-0.006910118
7.081860292,-0.739410162,-0.228771403,1.081364751,0.470252901,0.123429015,-1.155946016,-0.182512447,-0.171882138,0.327544868,0.424528986,0.053093813,-0.324688703,197.616653442,68.996208191,-95.656013489,-277.188476562,3.042082310,-1927.312133789,0.564120471,-4.832456112,-8.738879204,-2.152335405,-0.022408666,-0.002476806
7.101932303,-0.742048442,-0.232354105,1.088907599,0.471277893,0.124350987,-1.162505507,-0.149555847,-0.190807611,0.395380855,0.129724950,0.053238437,-0.214599386,79.516372681,258.627716064,-657.924255371,1523.799804688,44.584110260,-1531.249877930,0.259586692,-4.818424225,-8.843311310,-2.042801142,-0.014152687,-0.002397592
7.122017923,-0.744692445,-0.235732824,1.095931053,0.473248303,0.125158772,-1.171642900,-0.149097428,-0.192972958,0.403344661,0.079630971,0.052276857,-0.264277786,-128.864791870,644.156799316,-1757.469360352,4564.025878906,1372.457031250,-33383.234375000,-0.051668443,-4.994457245,-8.492460251,-1.978998899,-0.001732628,-0.006068612
7.142175839,-0.747676194,-0.239379779,1.103517890,0.474415064,0.126100585,-1.181832671,-0.166671395,-0.201716006,0.418286622,0.079758234,0.056583405,-0.340870798,-346.912384033,831.433898926,-2459.407226562,8072.236328125,1090.921630859,-32178.738281250,-0.148237735,-5.043041229,-8.401825905,-1.883484244,0.001226104,-0.007419126
7.162384689,-0.751015007,-0.243280008,1.111538291,0.475892365,0.127170756,-1.192031622,-0.185274780,-0.217026532,0.446209759,0.083489545,0.063163020,-0.369737267,-326.503295898,927.353759766,-2850.660644531,10393.727539062,1384.051513672,-38105.777343750,-0.093518257,-5.055014133,-8.318103790,-1.845429420,0.000152991,-0.006756755
7.182456016,-0.757740617,-0.250599772,1.125862360,0.487043738,0.129311353,-1.207584739,-0.171670541,-0.181332797,0.343812287,0.437484354,0.052403133,-0.317740917,182.555587769,75.237945557,-119.598098755,-171.971298218,-3.001147032,-1789.839477539,0.538873255,-4.622219086,-8.871367455,-2.136574030,-0.021419561,-0.002456192
7.202526841,-0.760198295,-0.254405469,1.133793116,0.487907678,0.130231202,-1.213971019,-0.139527336,-0.203662172,0.418682605,0.116984442,0.053184878,-0.208585709,79.634780884,264.324829102,-659.913208008,1539.477905273,46.073719025,-1585.657470703,0.238330990,-4.609150410,-8.962656975,-2.031201601,-0.012973441,-0.002351177
7.222601915,-0.762679338,-0.257974923,1.141123414,0.489945024,0.131037548,-1.222878933,-0.139970988,-0.203813195,0.420844227,0.081229940,0.051928334,-0.257296056,-51.568866730,206.805587769,-553.926086426,1431.455322266,453.164947510,-11265.619140625,-0.057809569,-4.787670135,-8.605255127,-1.966487765,-0.000898521,-0.005917716
7.242755227,-0.765498817,-0.261843354,1.149092913,0.490886033,0.131987989,-1.232792497,-0.157480016,-0.213707656,0.438800752,0.069687366,0.056762844,-0.331384540,-163.639892578,403.478637695,-1164.766113281,3875.450439453,484.650329590,-14881.714843750,-0.140948087,-4.835307121,-8.516102791,-1.865091324,0.001657035,-0.007252717
7.262904119,-0.768659890,-0.265945107,1.157441258,0.492258132,0.133057892,-1.242709875,-0.175329655,-0.228641763,0.465538830,0.074487500,0.063088126,-0.359233916,-259.612304688,745.442871094,-2256.204101562,8508.509765625,1131.365844727,-31898.771484375,-0.080059409,-4.854692936,-8.415372849,-1.826886773,0.000531075,-0.006583096
7.282961397,-0.774986982,-0.273641229,1.172389865,0.503416657,0.135176778,-1.257797241,-0.160728082,-0.190350980,0.358167738,0.449464560,0.051413011,-0.308615208,174.953323364,85.269386292,-149.210922241,-75.148666382,-9.461118698,-1695.730102539,0.514273524,-4.397715092,-9.016299248,-2.120432615,-0.020386156,-0.002401136
7.303043858,-0.777262032,-0.277649879,1.180632591,0.504162312,0.136083260,-1.263975739,-0.129395127,-0.215652630,0.438390255,0.104729399,0.052580025,-0.201122299,528.801696777,1755.819702148,-4292.439941406,9968.379882812,327.233032227,-10849.996093750,0.216104656,-4.389045238,-9.083710670,-2.020488977,-0.011600304,-0.002279427
7.323189213,-0.779581428,-0.281397402,1.188214183,0.506238103,0.136881083,-1.272614956,-0.130934715,-0.213703439,0.434558064,0.083261184,0.051111374,-0.249059692,-60.681457520,196.361175537,-518.008422852,1325.611450195,428.245147705,-10901.583007812,-0.065679125,-4.567398548,-8.724116325,-1.951610446,0.000061584,-0.005748123
7.343413652,-0.782242715,-0.285476565,1.196506262,0.506921113,0.137832657,-1.282227397,-0.148632124,-0.225226596,0.456338465,0.056962825,0.056592345,-0.320649385,-414.310424805,1007.155395508,-2847.250488281,9650.504882812,1145.974609375,-36248.992187500,-0.136141360,-4.616729736,-8.626280785,-1.844015956,0.002305807,-0.007066507
7.363643453,-0.785237491,-0.289769620,1.205119729,0.508185923,0.138895825,-1.291850209,-0.166009545,-0.239658177,0.481246889,0.065671071,0.062640399,-0.348040521,-225.809906006,633.482666016,-1897.101806641,7464.519042969,1000.277221680,-28760.439453125,-0.068727948,-4.642968178,-8.506367683,-1.804197311,0.001086535,-0.006404983
7.383788190,-0.791199386,-0.297849238,1.220626354,0.519285321,0.140988380,-1.306481123,-0.150731221,-0.199685708,0.371070027,0.460170686,0.050381124,-0.299635947,1236.620605469,695.907775879,-1296.228759766,188.445724487,-112.196357727,-11867.391601562,0.490808994,-4.158127308,-9.151702881,-2.097632885,-0.019265076,-0.002359424
7.403934827,-0.793308139,-0.302064091,1.229137540,0.519962907,0.141876563,-1.312456846,-0.120176770,-0.227956042,0.455959707,0.094126798,0.051744692,-0.193945616,508.384246826,1651.214599609,-3947.110107422,9081.750976562,347.176300049,-10753.957031250,0.194526345,-4.153587818,-9.190274239,-2.005385876,-0.010073618,-0.002201112
7.424078389,-0.795482934,-0.305999488,1.236945033,0.522105098,0.142663896,-1.320818305,-0.122850873,-0.223931029,0.446326494,0.088404238,0.050135106,-0.240910426,-163.221923828,450.553039551,-1170.465576172,2997.189941406,943.490722656,-24631.970703125,-0.072495565,-4.325602055,-8.837716103,-1.931809425,0.001067608,-0.005573030
7.444250402,-0.797999501,-0.310286701,1.245499849,0.522640526,0.143610597,-1.330086589,-0.140490711,-0.236752525,0.471010000,0.048829857,0.056097999,-0.309290260,-153.921524048,370.733337402,-1023.598754883,3531.309570312,409.282653809,-13253.871093750,-0.127392933,-4.373290539,-8.731693268,-1.822970033,0.002926356,-0.006835367
7.464311351,-0.800831437,-0.314758092,1.254302740,0.523907900,0.144658402,-1.339337468,-0.156879529,-0.249839336,0.492435634,0.063596882,0.061624084,-0.335037768,-221.413070679,657.113403320,-1928.206542969,7833.737304688,1056.456176758,-31052.275390625,-0.052765280,-4.400396347,-8.602569580,-1.783618331,0.001498062,-0.006156514
7.484484899,-0.806402683,-0.323166490,1.270185113,0.534972548,0.146699637,-1.353320122,-0.139874175,-0.207614824,0.379751593,0.467198819,0.048733015,-0.286778659,482.205261230,314.909149170,-608.739501953,362.532592773,-63.704349518,-4474.694824219,0.465790480,-3.887027264,-9.291864395,-2.075283766,-0.018079553,-0.002265442
7.504630690,-0.808333755,-0.327541053,1.278834224,0.535624802,0.147552490,-1.359043002,-0.110345162,-0.237907365,0.466758996,0.084205329,0.050021380,-0.184514821,431.334136963,1358.627685547,-3160.044677734,7030.218750000,339.361907959,-9539.431640625,0.168629453,-3.893229485,-9.289342880,-1.991516113,-0.008301128,-0.002097281
7.524811757,-0.810359776,-0.331627756,1.286768198,0.537764132,0.148318782,-1.367062211,-0.114540748,-0.231863201,0.451909572,0.091863774,0.048509080,-0.230794698,-196.551788330,468.432373047,-1192.851074219,3061.312255859,898.098693848,-24016.931640625,-0.082779586,-4.057575226,-8.949440956,-1.909505725,0.002211444,-0.005369756
7.544958477,-0.812733710,-0.336080790,1.295469046,0.538126230,0.149248645,-1.375938654,-0.132459924,-0.246119574,0.479658723,0.037964664,0.055005200,-0.295881927,-380.339965820,860.324768066,-2322.765380859,8207.073242188,964.896118164,-31462.066406250,-0.122057177,-4.110269070,-8.822802544,-1.799625039,0.003765064,-0.006563859
7.565120643,-0.817818701,-0.344323337,1.310855031,0.547792435,0.151154533,-1.389493704,-0.129726857,-0.203249291,0.366847694,0.432166636,0.046075664,-0.279436171,29.467721939,24.142990112,-48.787536621,53.741241455,-4.297402382,-309.428649902,0.394131780,-3.677410603,-9.367370605,-2.037887573,-0.015329780,-0.002269900
7.585267452,-0.819642365,-0.348664641,1.319295883,0.547862411,0.151974037,-1.394923210,-0.104099825,-0.237215370,0.458339751,0.043356091,0.048273146,-0.175728202,391.179168701,1225.441528320,-2820.445312500,6388.378417969,408.128143311,-9355.944335938,0.136876434,-3.714571476,-9.287095070,-1.953399301,-0.006154460,-0.001893391
7.605423788,-0.821588516,-0.352763385,1.327107430,0.549548507,0.152724996,-1.402601600,-0.109936863,-0.231945410,0.443492413,0.071408391,0.047198784,-0.219690412,-90.467834473,184.236740112,-480.582183838,1460.577026367,358.215148926,-9645.064453125,-0.082008041,-3.874654770,-8.953134537,-1.857795238,0.003165525,-0.005149852
7.625579712,-0.823872745,-0.357269078,1.335740924,0.549602926,0.153637543,-1.411122799,-0.127331167,-0.249290884,0.476654947,0.018659031,0.053930722,-0.283024818,-365.660278320,764.756042480,-2083.682128906,8150.126464844,958.869689941,-31314.667968750,-0.103360876,-3.929629326,-8.809249878,-1.751731992,0.004302792,-0.006334151
7.645662279,-0.826433778,-0.361955017,1.344592810,0.550755978,0.154635474,-1.419618607,-0.141707361,-0.261855930,0.495309353,0.056153368,0.058511898,-0.307631642,-136.462936401,452.749816895,-1320.916625977,6261.711425781,812.336242676,-24655.832031250,-0.019981230,-3.950514078,-8.682166100,-1.712222219,0.002438244,-0.005690917
7.665721694,-0.829098642,-0.366924793,1.353918076,0.552445590,0.155689657,-1.427916646,-0.147527903,-0.276146829,0.518181860,0.094898984,0.061112270,-0.304599285,1.856349945,20.363164902,-56.403144836,258.517333984,25.376949310,-799.390197754,0.063175932,-3.896869183,-8.690767288,-1.693528414,-0.000199320,-0.005173468
7.685803021,-0.833956838,-0.376229614,1.370762587,0.565008521,0.157607242,-1.440681815,-0.119260855,-0.230324954,0.404638499,0.518760204,0.044955593,-0.261615425,1079.330444336,934.986145020,-1847.135986328,2212.565917969,-226.538970947,-9665.414062500,0.424330384,-3.263184309,-9.569499016,-2.028766155,-0.015860604,-0.002215812
7.705959596,-0.835544586,-0.380964398,1.379642606,0.566618741,0.158363447,-1.445862770,-0.091406904,-0.260358274,0.486181587,0.116908386,0.045109659,-0.167705700,406.299346924,1152.701049805,-2471.872070312,4071.537109375,422.520538330,-9769.731445312,0.115289979,-3.274650812,-9.519983292,-1.986856103,-0.004658194,-0.001843396
7.726130394,-0.837288797,-0.385392517,1.387818336,0.569213867,0.159070328,-1.453081250,-0.098864436,-0.249268323,0.461164623,0.128804132,0.044286970,-0.208445951,-317.216766357,701.316955566,-1646.200195312,3683.454833984,932.295410156,-25439.083984375,-0.110514618,-3.406941891,-9.248544693,-1.889825821,0.004589380,-0.004835364
7.746287815,-0.839399159,-0.390124202,1.396606684,0.569808841,0.159936622,-1.461050391,-0.117535442,-0.262444049,0.486783475,0.044096775,0.051262688,-0.265252441,-410.229431152,809.211303711,-2031.834960938,6772.938964844,977.765686035,-30963.794921875,-0.117829837,-3.480074406,-9.070319176,-1.787057757,0.005605222,-0.005866284
7.766363509,-0.843889356,-0.398793638,1.412072778,0.579137146,0.161703438,-1.473202467,-0.112976231,-0.213750109,0.369368583,0.421986014,0.042387314,-0.250821739,1079.869384766,1121.418945312,-2261.640625000,3300.048828125,-237.180496216,-10465.905273438,0.352160454,-3.031157732,-9.635111809,-1.988532066,-0.012782578,-0.002100449
7.786505424,-0.845432818,-0.403253853,1.420268655,0.579418063,0.162417173,-1.478037953,-0.088559456,-0.246441647,0.451424390,0.034630559,0.042820118,-0.156293631,131.199188232,305.421752930,-653.083251953,1050.063354492,168.304244995,-3119.560791016,0.099601001,-3.111824989,-9.446839333,-1.925837517,-0.002624251,-0.001596738
7.806651296,-0.847138226,-0.407517970,1.427968979,0.580757439,0.163100839,-1.484863400,-0.096565440,-0.239370361,0.432792097,0.066089921,0.042582881,-0.195257157,-117.725669861,233.774322510,-572.386413574,1740.745727539,335.739410400,-9105.465820312,-0.093136609,-3.256370544,-9.154928207,-1.801462293,0.005435591,-0.004613773
7.826737299,-0.849186242,-0.412142605,1.436342597,0.580685735,0.163933575,-1.492431998,-0.113936633,-0.256974697,0.464930028,0.003265745,0.049360562,-0.250907034,-133.130798340,214.400772095,-570.159912109,2436.715087891,353.828552246,-10968.394531250,-0.086861610,-3.342897415,-8.941714287,-1.702482939,0.006187329,-0.005612324
7.846879442,-0.851475298,-0.416939557,1.444918275,0.581654191,0.164842784,-1.499949098,-0.126507044,-0.267607242,0.478830159,0.049441151,0.053129971,-0.272657633,-40.870525360,185.276947021,-514.664794922,2651.191406250,333.441314697,-10150.723632812,0.003707284,-3.366870642,-8.818608284,-1.650378227,0.003810849,-0.005059784
7.867025362,-0.855784893,-0.426123500,1.460781813,0.591988146,0.166572809,-1.511264920,-0.105338611,-0.228122354,0.381573468,0.466305703,0.040554591,-0.232968658,461.637969971,442.050384521,-882.308288574,1608.498779297,-113.948204041,-3800.160156250,0.374107957,-2.764494419,-9.620465279,-1.919377327,-0.012438620,-0.001972777
7.887188778,-0.857168436,-0.430831075,1.469106674,0.593477190,0.167225391,-1.515863657,-0.079964310,-0.260967523,0.460534662,0.093388043,0.039682079,-0.147392780,9.904972076,18.658779144,-38.404521942,42.536739349,13.716014862,-244.107406616,0.087526754,-2.807094574,-9.485992432,-1.900268912,-0.001021596,-0.001554521
7.907343904,-0.858743072,-0.435349971,1.476969123,0.595749021,0.167865679,-1.522279382,-0.089352511,-0.252648741,0.439801306,0.122831360,0.039927103,-0.184830740,-124.060203552,243.237335205,-567.766418457,1605.807861328,303.683197021,-7989.141601562,-0.105422676,-2.900603771,-9.287672043,-1.790272951,0.006712252,-0.004364554
7.927509762,-0.860672534,-0.440159023,1.485349059,0.596621394,0.168649003,-1.529348969,-0.107197970,-0.267656565,0.466335952,0.051176280,0.046551682,-0.235320568,-333.676544189,502.011566162,-1269.533447266,4897.086425781,888.983581543,-26071.269531250,-0.088521406,-2.975011349,-9.091526031,-1.712424874,0.007169240,-0.005196457
7.947660695,-0.862831771,-0.445101440,1.493869781,0.598141432,0.169504821,-1.536358476,-0.119268298,-0.275383830,0.475051075,0.082196578,0.049999125,-0.254430383,-32.537033081,191.901779175,-490.512115479,2224.300048828,302.909393311,-8923.533203125,0.002498674,-2.990278721,-8.990177155,-1.659475446,0.004621302,-0.004697274
7.967742900,-0.866863012,-0.454449981,1.509457946,0.608628333,0.171123222,-1.546889544,-0.097849578,-0.232186198,0.374920875,0.460024416,0.037860226,-0.216892630,1026.942260742,1115.924438477,-2188.851074219,3940.019775391,-272.578399658,-8099.060058594,0.342882842,-2.387818813,-9.772473335,-1.906304717,-0.010746527,-0.001862073
7.987889281,-0.868138134,-0.459144771,1.517417312,0.610394835,0.171707258,-1.551152110,-0.073929541,-0.261468709,0.442922682,0.099782765,0.036043115,-0.136908382,249.599334717,388.017120361,-761.974304199,-283.402465820,412.551025391,-6373.851074219,0.063225880,-2.457402229,-9.580260277,-1.896362305,0.000942277,-0.001375543
8.008037497,-0.869629681,-0.463684797,1.524996161,0.612416327,0.172300115,-1.557077646,-0.084704772,-0.252939373,0.422073960,0.115909584,0.037038397,-0.170847252,-354.794433594,690.986206055,-1560.998046875,4245.798828125,786.352966309,-19431.121093750,-0.112244569,-2.545679331,-9.395668030,-1.769359350,0.007999357,-0.004039887
8.028196132,-0.871477544,-0.468454689,1.532944441,0.613309026,0.173025683,-1.563611507,-0.102488823,-0.266061276,0.443598270,0.048138227,0.043312311,-0.217418820,-281.094207764,365.163787842,-920.512268066,3498.143066406,803.055664062,-21922.730468750,-0.080138698,-2.642325401,-9.157765388,-1.693569541,0.008134171,-0.004777951
8.048377966,-0.873532116,-0.473367184,1.541050434,0.614644110,0.173818842,-1.570075631,-0.113440774,-0.273419261,0.451310575,0.074578926,0.046400804,-0.234834284,-51.456504822,453.120086670,-1127.889282227,5188.654785156,737.429565430,-20545.402343750,0.011766600,-2.663714409,-9.050220490,-1.630701423,0.005462862,-0.004340256
8.068437248,-0.877321661,-0.482680827,1.555893660,0.624531507,0.175311998,-1.579777837,-0.091297559,-0.232433066,0.358255684,0.436521739,0.034919314,-0.199847236,1051.594238281,1193.820556641,-2305.103027344,4572.552734375,-284.858428955,-7844.322265625,0.321249127,-2.062066555,-9.796410561,-1.855286837,-0.008971607,-0.001753413
8.088583999,-0.878504157,-0.487323821,1.563368440,0.626566172,0.175825521,-1.583700061,-0.068778552,-0.259563178,0.418030798,0.107110456,0.032296598,-0.126141056,218.015319824,223.543334961,-424.385070801,-1251.368774414,437.446655273,-5756.103027344,0.047411274,-2.144658327,-9.572904587,-1.859838486,0.002847273,-0.001218461
8.108745897,-0.879924238,-0.491876274,1.570593238,0.628491580,0.176366299,-1.589129210,-0.080686226,-0.252846003,0.400796086,0.115963981,0.034015581,-0.156687647,-377.652404785,694.976196289,-1533.606933594,4352.883300781,806.133911133,-18004.707031250,-0.112427153,-2.214683056,-9.423310280,-1.728035569,0.009262698,-0.003715966
8.128893935,-0.881697774,-0.496611655,1.578072309,0.629680395,0.177029401,-1.595119119,-0.098188832,-0.264548212,0.418352932,0.061137624,0.039831087,-0.199379817,-277.057891846,300.001708984,-770.844543457,3051.228759766,889.425903320,-22048.433593750,-0.068639152,-2.316597462,-9.178503990,-1.662977219,0.009032295,-0.004360361
8.149058073,-0.883652270,-0.501505136,1.585737348,0.631146967,0.177753344,-1.601026654,-0.107884079,-0.272080630,0.426215947,0.083706193,0.042503420,-0.214945227,-19.763042450,424.611389160,-1031.894653320,4887.917968750,754.972717285,-19200.576171875,0.020804211,-2.332146883,-9.087880135,-1.600494742,0.006323760,-0.003971423
8.169268550,-0.887211442,-0.510796547,1.599773407,0.640940607,0.179110765,-1.609868765,-0.085074268,-0.233237505,0.340321660,0.422130644,0.031734437,-0.182125077,1065.965820312,1249.896118164,-2355.681152344,4894.830078125,-284.531158447,-7422.079589844,0.298805058,-1.717863202,-9.818197250,-1.812482834,-0.007174981,-0.001622969
8.189449992,-0.888313711,-0.515387297,1.606736541,0.643369555,0.179552361,-1.613464236,-0.064343877,-0.257422924,0.391050398,0.123301625,0.028510332,-0.115295202,194.272338867,109.968803406,-202.401855469,-2219.525390625,519.506530762,-5718.600097656,0.028729077,-1.813617349,-9.572596550,-1.828312159,0.004769946,-0.001080204
8.209618138,-0.889679492,-0.519939303,1.613550067,0.645326912,0.180037752,-1.618409872,-0.077579156,-0.252203912,0.376780987,0.121706501,0.030914223,-0.143032953,-392.964965820,679.512817383,-1459.378051758,4169.721679688,835.740173340,-16343.337890625,-0.113808632,-1.869396329,-9.454621315,-1.694577932,0.010544401,-0.003399754
8.229757499,-0.891393602,-0.524618387,1.620494246,0.646892309,0.180635512,-1.623852372,-0.094712168,-0.261688977,0.389106035,0.079718783,0.036191367,-0.181698948,-235.828338623,227.044647217,-596.885742188,2315.435791016,893.455566406,-19659.771484375,-0.057749145,-1.975378633,-9.212083817,-1.638927341,0.009863514,-0.003940189
8.249904144,-0.893260479,-0.529460967,1.627629519,0.648550987,0.181284711,-1.629194617,-0.103028439,-0.269068599,0.396407187,0.095535964,0.038357068,-0.194933861,15.117220879,374.459625244,-891.072692871,4214.024902344,751.299377441,-16829.535156250,0.028131869,-1.989391804,-9.134059906,-1.577888727,0.007213989,-0.003583186
8.270051782,-0.896618426,-0.538661897,1.640661716,0.658202887,0.182499379,-1.637164950,-0.079676270,-0.232412994,0.317204207,0.403376400,0.028390346,-0.164108634,1017.321289062,1205.882202148,-2212.014404297,4685.187988281,-258.325561523,-6529.806152344,0.277318299,-1.371439099,-9.826711655,-1.773115277,-0.005359900,-0.001480317
8.290214584,-0.897652805,-0.543154120,1.646999478,0.661022246,0.182868123,-1.640401006,-0.060559530,-0.252451837,0.357151538,0.141198263,0.024615332,-0.104110695,160.352233887,22.777639389,-47.013496399,-2765.415039062,555.866577148,-5044.875488281,0.014422973,-1.473325491,-9.573596954,-1.798105240,0.006456471,-0.000930406
8.310300165,-0.898967803,-0.547652602,1.653269172,0.663017809,0.183290839,-1.644829631,-0.074674182,-0.248835951,0.345906466,0.126109555,0.027503887,-0.128231183,-399.388275146,642.859436035,-1346.349975586,3772.223632812,882.692504883,-14600.875976562,-0.113210820,-1.521232247,-9.476295471,-1.665786862,0.011745903,-0.003041130
8.330447876,-0.900623381,-0.552223206,1.659555078,0.664919913,0.183816507,-1.649696589,-0.091314964,-0.255757362,0.352619052,0.097486854,0.032195911,-0.162878409,-203.620208740,187.447357178,-505.588073730,1830.856567383,944.294921875,-17953.888671875,-0.048023451,-1.629281163,-9.242919922,-1.616334915,0.010671241,-0.003507217
8.350506160,-0.903834820,-0.560958087,1.671085238,0.673250020,0.184904084,-1.656981707,-0.076347835,-0.220509976,0.278877944,0.355679303,0.025521509,-0.150723502,928.738403320,1059.090209961,-1876.652099609,3909.876464844,-212.949218750,-5651.150390625,0.257614672,-1.081067324,-9.789892197,-1.740898967,-0.003772588,-0.001368585
8.370591326,-0.904829204,-0.565194309,1.676634312,0.675724447,0.185213864,-1.659877777,-0.058295701,-0.238359213,0.313433051,0.121995427,0.021401804,-0.093981065,151.693161011,-44.618354797,80.361152649,-2999.499023438,621.241210938,-4478.542968750,0.009442449,-1.211429834,-9.503701210,-1.754136801,0.007621129,-0.000764962
8.390746743,-0.906110644,-0.569481313,1.682200670,0.677342057,0.185580820,-1.663863778,-0.072747007,-0.237004980,0.306746185,0.105733238,0.024498045,-0.114837058,-384.480224609,540.667358398,-1111.776489258,3448.197021484,901.766540527,-12710.434570312,-0.106474496,-1.276656389,-9.396133423,-1.618939996,0.012620615,-0.002731385
8.410914285,-0.907727003,-0.573845029,1.687790275,0.679146647,0.186044827,-1.668276668,-0.089072123,-0.244249448,0.313802183,0.092309810,0.028849451,-0.147060931,-162.116302490,94.793090820,-305.513519287,1545.469482422,882.141113281,-14573.908203125,-0.037585385,-1.400248051,-9.165719032,-1.569318175,0.011406256,-0.003190038
8.431062532,-0.909457982,-0.578403175,1.693608880,0.680989206,0.186544687,-1.672596097,-0.095522016,-0.253186703,0.323078811,0.106047474,0.030233927,-0.157837063,61.219337463,226.256042480,-571.597839355,3290.496826172,820.846069336,-13414.109375000,0.039880950,-1.428619027,-9.100737572,-1.514255285,0.009072310,-0.002905563
8.451218376,-0.912523627,-0.587196827,1.704322338,0.690284729,0.187493414,-1.679002881,-0.071863629,-0.225679860,0.263304651,0.366825819,0.022148918,-0.131818533,970.629272461,1049.039672852,-1825.740112305,4146.287597656,-204.602233887,-5170.925292969,0.249179751,-0.809963107,-9.719239235,-1.685445547,-0.002223137,-0.001214003
8.471290758,-0.913469076,-0.591451406,1.709408164,0.693795860,0.187735662,-1.681602716,-0.055614892,-0.239507824,0.287761897,0.177429408,0.017915087,-0.084126331,106.988456726,-81.001091003,104.265510559,-2965.885009766,659.350219727,-4013.694824219,-0.001768731,-0.906237602,-9.499026299,-1.723126054,0.009168083,-0.000701593
8.491438771,-0.914716780,-0.595777392,1.714521885,0.696215689,0.188039482,-1.685115576,-0.070719793,-0.239000246,0.281398803,0.149813071,0.021169012,-0.102245927,-21.472824097,28.493564606,-58.705707550,159.682861328,55.492961884,-640.401794434,-0.104480363,-0.939375699,-9.451093674,-1.610652566,0.013659401,-0.002397875
8.511588964,-0.916284621,-0.600121796,1.719531298,0.698874295,0.188430101,-1.688974738,-0.086285293,-0.243012652,0.281179309,0.140108511,0.024840929,-0.129569158,-139.817321777,119.608169556,-380.748077393,1168.024902344,1030.210205078,-13999.593750000,-0.032098699,-1.040300131,-9.268346786,-1.573460102,0.012161099,-0.002757197
8.531742800,-0.917945147,-0.604621291,1.724670410,0.701360345,0.188845292,-1.692731619,-0.091656491,-0.249953449,0.285372108,0.141179845,0.025644885,-0.137854308,72.434036255,176.456100464,-462.106475830,2045.671997070,739.504455566,-9749.699218750,0.037698377,-1.062233686,-9.215264320,-1.526736140,0.010090269,-0.002493708
8.551934956,-0.920872867,-0.613271534,1.733948588,0.710681617,0.189646706,-1.698284864,-0.068320505,-0.223411784,0.227297261,0.345406115,0.018683422,-0.114141665,1032.084960938,1080.287841797,-1822.357910156,3681.196777344,-188.142608643,-4870.558593750,0.227960616,-0.446388692,-9.728552818,-1.672027230,-0.000545852,-0.001048722
8.572080082,-0.921787381,-0.617392242,1.738200545,0.714339554,0.189823195,-1.700538635,-0.053892307,-0.231970906,0.241097212,0.186728239,0.014467435,-0.073223606,35.917453766,-27.885881424,24.780229568,-1456.156005859,357.407958984,-1704.513305664,-0.014371553,-0.542461753,-9.503123283,-1.701836944,0.010502062,-0.000584747
8.592136395,-0.923017263,-0.621582210,1.742470980,0.716791093,0.190061107,-1.703567147,-0.069594540,-0.231569916,0.234887585,0.150387436,0.017740460,-0.088352025,-356.508209229,425.412292480,-859.328125000,2072.749755859,1021.010314941,-9364.242187500,-0.102919236,-0.586609602,-9.438656807,-1.593728185,0.014617227,-0.002048937
8.612342233,-0.924553335,-0.625754356,1.746578217,0.719569504,0.190378517,-1.706875086,-0.084431849,-0.233228251,0.230592191,0.148301139,0.020825289,-0.111700289,-3.799932241,4.506858349,-13.576153755,35.059364319,40.807880402,-447.820556641,-0.024681255,-0.686582863,-9.266752243,-1.554382443,0.012813346,-0.002355417
8.632480276,-0.926162481,-0.630059481,1.750772238,0.722185731,0.190709859,-1.710083485,-0.088856094,-0.239270896,0.233057871,0.147670671,0.021127069,-0.118119739,86.372253418,123.277473450,-345.790161133,1481.443115234,754.793884277,-7840.514160156,0.038981505,-0.722218633,-9.201756477,-1.509973764,0.011024715,-0.002111880
8.652548399,-0.928985715,-0.638387263,1.758303523,0.731072962,0.191369399,-1.714800954,-0.065551639,-0.217090756,0.184507370,0.316039890,0.015315924,-0.096881121,886.021423340,829.737731934,-1323.505371094,2611.333007812,-135.270751953,-3581.264404297,0.214956909,-0.121255890,-9.609792709,-1.633126974,0.000865074,-0.000890972
8.672630680,-0.929875255,-0.642326593,1.761678576,0.734853268,0.191484123,-1.716703296,-0.052492626,-0.221558407,0.191646993,0.195785359,0.011197797,-0.062364947,49.895313263,-28.744888306,26.428932190,-2461.603759766,761.133422852,-2785.631347656,-0.018810991,-0.204705790,-9.415264130,-1.659407973,0.011467526,-0.000479974
8.692780817,-0.931082904,-0.646329343,1.765073538,0.737542629,0.191655114,-1.719243050,-0.068223499,-0.221395597,0.186699495,0.161257952,0.014231005,-0.074384384,-373.305664062,385.345520020,-755.336486816,1707.773437500,1214.467163086,-8688.612304688,-0.096434213,-0.256244332,-9.361342430,-1.567318320,0.015284942,-0.001697801
8.712930753,-0.932582915,-0.650305271,1.768302083,0.740588963,0.191896811,-1.722018123,-0.082426973,-0.222067192,0.181208327,0.164783731,0.016761025,-0.093842044,-81.482315063,108.982543945,-332.667755127,813.480895996,1242.766967773,-10673.492187500,-0.019389689,-0.356441677,-9.224675179,-1.530925393,0.013496774,-0.001968919
8.733074718,-0.934144914,-0.654389977,1.771570921,0.743569672,0.192146510,-1.724696040,-0.086256273,-0.227085829,0.181708738,0.167228013,0.016672011,-0.099082105,134.743804932,112.142005920,-364.275360107,1483.713256836,1077.748779297,-8698.439453125,0.040150408,-0.398809642,-9.176605225,-1.494844079,0.011875816,-0.001753783
8.753137096,-0.936871648,-0.662357926,1.777382731,0.752392054,0.192667976,-1.728605032,-0.062997304,-0.209890455,0.142117932,0.295545310,0.012019032,-0.080190957,853.654235840,688.367370605,-1038.324218750,1851.410400391,-106.197914124,-2867.868652344,0.202978820,0.186685771,-9.496178627,-1.603790760,0.002171042,-0.000730556
8.773239757,-0.937742293,-0.666109443,1.779902220,0.756338298,0.192724496,-1.730176210,-0.051449176,-0.210665658,0.143210068,0.208069697,0.008155162,-0.051895462,25.666160583,12.858702660,-34.476551056,-2114.562988281,867.995605469,-2390.644531250,-0.023529124,0.116694763,-9.341573715,-1.624181032,0.012374352,-0.000387960
8.793404448,-0.938936174,-0.669906378,1.782409787,0.759363949,0.192831546,-1.732259512,-0.067303523,-0.210266650,0.137917414,0.177225918,0.010881086,-0.061333545,-375.277343750,320.085571289,-635.097656250,1186.284912109,1389.177124023,-7606.927246094,-0.090249732,0.053233493,-9.298291206,-1.549089074,0.015901783,-0.001370385
8.813477831,-0.940405786,-0.673672616,1.784739733,0.762713969,0.193001419,-1.734523177,-0.080735482,-0.210141554,0.130726293,0.183253691,0.012851300,-0.076988801,-1.235270262,2.200375319,-7.488124371,14.304231644,31.789443970,-209.612579346,-0.013525521,-0.043900318,-9.199283600,-1.516198397,0.014097919,-0.001596372
8.833626309,-0.941924870,-0.677521765,1.787047386,0.766069710,0.193173915,-1.736689806,-0.083907753,-0.214046106,0.128340110,0.187462747,0.012415210,-0.080804847,149.098281860,62.523319244,-295.069183350,966.053039551,1105.343261719,-6767.235839844,0.041400515,-0.091066107,-9.165384293,-1.487622619,0.012654968,-0.001402302
8.853709112,-0.944565773,-0.685104430,1.791027784,0.774783731,0.193566456,-1.739825249,-0.060747996,-0.202136248,0.096321978,0.273351789,0.008955178,-0.064217784,977.383544922,638.634460449,-903.660888672,1246.406860352,-96.319976807,-2628.828125000,0.192256376,0.478475630,-9.373512268,-1.580354095,0.003354976,-0.000572964
8.873859656,-0.945422769,-0.688667238,1.792649150,0.778794229,0.193570748,-1.741080642,-0.050698135,-0.199607760,0.092290282,0.215404183,0.005431094,-0.041850239,-0.731371582,45.536891937,-74.648780823,-1032.114990234,619.979858398,-1254.905273438,-0.027021494,0.426777184,-9.257139206,-1.591083527,0.013119713,-0.000306869
8.894005131,-0.946606696,-0.692246437,1.794210911,0.782138824,0.193618730,-1.742732167,-0.066594273,-0.198522255,0.085928187,0.192017481,0.007763872,-0.048990849,-299.775787354,198.425445557,-411.142547607,531.852294922,1266.457763672,-5169.899414062,-0.083357923,0.350582212,-9.219311714,-1.533077478,0.016358895,-0.001062471
8.914222934,-0.948047638,-0.695797861,1.795594573,0.785748601,0.193722203,-1.744509220,-0.079152137,-0.197939724,0.077653341,0.199152887,0.009187871,-0.060982201,-0.487728357,1.588351846,-6.512533188,8.680501938,31.989456177,-157.424957275,-0.007602313,0.259354383,-9.154487610,-1.503927231,0.014562275,-0.001242030
8.934279500,-0.950627387,-0.702831328,1.797876954,0.793769538,0.194026500,-1.747072101,-0.058703419,-0.188706696,0.053250361,0.239611998,0.006626804,-0.052705754,917.839965820,494.223052979,-600.993225098,520.541687012,-79.513992310,-2005.479370117,0.185597092,0.750338495,-9.229168892,-1.562589526,0.003959001,-0.000464516
8.954342081,-0.951464772,-0.706112206,1.798698425,0.797528267,0.193991497,-1.748068333,-0.049673554,-0.183515608,0.047083404,0.204657748,0.003298325,-0.033849347,-25.781471252,109.603584290,-126.733757019,-978.687866211,924.490356445,-1309.613769531,-0.030218259,0.686192393,-9.135623932,-1.559441566,0.013503466,-0.000225166
8.974403959,-0.952635944,-0.709385812,1.799444318,0.800913036,0.193995506,-1.749378443,-0.065761626,-0.181862473,0.041015286,0.192058876,0.005352507,-0.039010253,-283.920471191,129.264999390,-274.404205322,277.037719727,1293.306762695,-4021.481445312,-0.077703193,0.579001069,-9.103845596,-1.512486577,0.016556269,-0.000821216
8.994464996,-0.954051018,-0.712648273,1.800042272,0.804567695,0.194049254,-1.750781059,-0.077725388,-0.181720644,0.033644907,0.202632785,0.006397019,-0.048417892,-1.364165425,21.440494537,-193.931625366,265.341003418,1297.890991211,-4917.463867188,-0.001625688,0.475108564,-9.071006775,-1.486021399,0.014826745,-0.000976076
9.014555984,-0.955500364,-0.715967834,1.800544381,0.808423758,0.194098115,-1.752101898,-0.080130279,-0.184670642,0.027949663,0.214683056,0.005543389,-0.050210450,66.030212402,-14.625679970,-72.508216858,150.296722412,469.599609375,-1596.076049805,0.044496115,0.408819199,-9.070472717,-1.468753338,0.013792894,-0.000831269
9.034615605,-0.956939995,-0.719361484,1.800918102,0.812638402,0.194128990,-1.753323674,-0.080086052,-0.188742176,0.020752486,0.234293148,0.004599485,-0.047245834,47.891120911,-21.443302155,-56.555038452,120.091720581,327.053558350,-927.393615723,0.050578333,0.379425138,-9.089822769,-1.461867452,0.013997538,-0.000690912
9.054701123,-0.958839655,-0.725901544,1.801143765,0.820972443,0.194216922,-1.754691243,-0.049435187,-0.177982628,0.001257456,0.225725532,0.001323958,-0.025130607,-43.776115417,170.137405396,-247.430847168,-350.755859375,1019.674987793,-1047.475830078,-0.027726574,0.935334742,-9.056589127,-1.532556057,0.013951301,-0.000182419
9.074840065,-0.959998906,-0.729048610,1.800997734,0.824997663,0.194174409,-1.755628228,-0.064937696,-0.175180867,-0.008026426,0.224334821,0.002808488,-0.028628238,-260.891113281,64.681510925,-214.254638672,-173.118484497,1409.182617188,-3000.281982422,-0.067395948,0.842780590,-9.042593002,-1.510447741,0.016689952,-0.000557031
9.094984590,-0.961378574,-0.732192814,1.800686836,0.829128206,0.194173992,-1.756606817,-0.075836681,-0.174904659,-0.017256932,0.230012551,0.003347991,-0.034540348,19.353610992,-0.254720718,-190.681686401,-69.383857727,1264.958740234,-3204.758300781,0.001964526,0.764591455,-9.043085098,-1.492287397,0.015125167,-0.000655500
9.115143091,-0.962789714,-0.735363007,1.800200820,0.833450854,0.194168061,-1.757510543,-0.078074440,-0.176315948,-0.027039677,0.240568504,0.002421063,-0.035145521,6.344286442,-1.972251534,-7.449517727,-0.996422172,45.565670013,-100.472885132,0.041828644,0.713413179,-9.052891731,-1.481022716,0.014248899,-0.000539796
9.135217260,-0.964194894,-0.738585949,1.799525261,0.838007152,0.194146737,-1.758326292,-0.078190707,-0.179212630,-0.037606832,0.253374308,0.001602779,-0.032383200,152.957153320,-87.932327271,-181.696121216,-51.375694275,1070.650878906,-1904.162963867,0.046464618,0.692979455,-9.066206932,-1.476496577,0.014437497,-0.000427376
9.155276632,-0.966641068,-0.745232880,1.797742128,0.846826434,0.194240496,-1.759454370,-0.055353712,-0.185508490,-0.049485765,0.220696762,0.001985799,-0.022714823,901.065063477,82.134788513,35.083572388,-1545.575195312,-40.098827362,-781.295288086,0.170921549,1.293774962,-8.891949654,-1.537844419,0.005765807,-0.000154039
9.175338272,-0.967459857,-0.748386085,1.796625376,0.850930929,0.194134668,-1.759879947,-0.048619747,-0.174644381,-0.063187189,0.233714193,-0.000532568,-0.015584281,-1.584896445,8.035670280,-9.459448814,9.080569267,27.500671387,-15.081487656,-0.030692488,1.353966117,-8.900745392,-1.515495420,0.013887357,-0.000116086
9.195400823,-0.968597054,-0.751394331,1.795256019,0.855400860,0.194049791,-1.760401845,-0.063560076,-0.167893469,-0.075381510,0.245667577,0.000333025,-0.016902491,-187.716964722,39.248676300,-84.447631836,-540.143188477,1186.698120117,-1303.137207031,-0.063125201,1.269679904,-8.877840996,-1.514094591,0.016297037,-0.000261763
9.215623736,-0.969929397,-0.754375756,1.793738723,0.859802544,0.194000050,-1.760915399,-0.073285945,-0.165642619,-0.084628224,0.246008649,0.000391030,-0.019150764,12.725888252,5.025854588,-42.323669434,-131.376754761,392.748107910,-498.443389893,0.000979960,1.210133195,-8.896374702,-1.501464844,0.014856177,-0.000310275
9.235768057,-0.971290946,-0.757320404,1.792002082,0.864420235,0.193942726,-1.761365175,-0.075413048,-0.163716465,-0.096669018,0.257229537,-0.000603752,-0.018672092,5.662024021,-1.018774986,-5.483010769,-12.820070267,41.184955597,-41.378723145,0.034615558,1.160432100,-8.915386200,-1.493390441,0.014198126,-0.000232437
9.255905419,-0.973638892,-0.763339937,1.788244009,0.872663677,0.193966493,-1.761922479,-0.052883368,-0.170182437,-0.098857410,0.188188791,0.000295615,-0.011015909,801.691284180,-48.355926514,354.016082764,-2185.273193359,-34.374210358,-217.742080688,0.155710131,1.662031174,-8.612078667,-1.531401992,0.006006574,-0.000023835
9.276046503,-0.974444509,-0.766170979,1.786264062,0.876491725,0.193839312,-1.762115002,-0.047882132,-0.156046748,-0.112273969,0.222875535,-0.001856911,-0.007988224,-1.927240610,8.123126030,-7.540712833,21.500211716,20.686719894,-3.658639908,-0.036574889,1.711512685,-8.680109024,-1.492976189,0.013561816,-0.000069201
9.296206866,-0.975570560,-0.768792748,1.783994675,0.881130219,0.193725184,-1.762331128,-0.062778339,-0.146840349,-0.124989279,0.252366871,-0.001491869,-0.008086214,-170.690628052,-0.587455690,23.041843414,-711.333068848,1184.223022461,-425.389984131,-0.057198714,1.578756452,-8.685730934,-1.507582188,0.015812080,-0.000054421
9.316268565,-0.976872802,-0.771402121,1.781611323,0.885650992,0.193640277,-1.762506008,-0.071672261,-0.144884571,-0.133050233,0.253121585,-0.001784888,-0.007893859,55.027381897,-29.967617035,-69.265602112,-606.477600098,1237.002563477,-424.017639160,0.005413198,1.489586473,-8.752244949,-1.500952482,0.014641613,-0.000062397
9.336345968,-0.978196681,-0.773971498,1.778987050,0.890440285,0.193550676,-1.762623072,-0.073351525,-0.142829224,-0.146166116,0.266884118,-0.002722025,-0.006658042,42.152488708,-18.946674347,-30.799243927,-141.469543457,279.213958740,-32.274044037,0.038258772,1.421361089,-8.803602219,-1.497824788,0.014100883,-0.000007580
9.356407725,-0.980462909,-0.779368401,1.773528337,0.898485065,0.193519607,-1.762687683,-0.050752755,-0.156391516,-0.141811237,0.167676508,-0.000882926,-0.000844505,20.569366455,-6.335947990,16.193944931,-76.230499268,-0.724335432,4.677913189,0.151293844,1.877757668,-8.403261185,-1.526067138,0.006507501,0.000087098
9.376471125,-0.981248319,-0.781955183,1.770773888,0.902197599,0.193382218,-1.762678742,-0.046733189,-0.141730666,-0.156374112,0.220607191,-0.002717010,-0.001534089,-108.753707886,428.323699951,-425.814056396,1658.316040039,953.742858887,135.932693481,-0.032772169,1.953229070,-8.524595261,-1.476610541,0.013288822,-0.000029263
9.396555453,-0.982344329,-0.784298539,1.767662168,0.907108724,0.193251550,-1.762628436,-0.060981829,-0.131697223,-0.171430752,0.265020072,-0.002758367,-0.000492025,-5.957779884,-2.736637831,3.318775892,-36.826221466,46.337955475,15.586554527,-0.046376277,1.811701536,-8.545690536,-1.508885980,0.015350485,0.000132447
9.416616435,-0.983594120,-0.786659062,1.764440775,0.911807775,0.193146959,-1.762508631,-0.068843029,-0.130934805,-0.179849088,0.263356328,-0.003208026,0.001907770,2.045714855,-2.748580694,-1.208756208,-25.708864212,35.099426270,18.961572647,0.011325693,1.729747176,-8.637872696,-1.509588957,0.014376596,0.000160099
9.436698869,-0.985755920,-0.791578293,1.757798076,0.919650853,0.193096489,-1.762231946,-0.047717668,-0.144840449,-0.171444297,0.151681378,-0.001451210,0.006200352,21.213418961,-9.958349228,23.117649078,-96.570899963,-0.920119166,12.514150620,0.144216448,2.128276587,-8.194161415,-1.531399965,0.006573946,0.000166703
9.456782855,-0.986505985,-0.793941557,1.754519701,0.923232496,0.192958757,-1.762084007,-0.044807635,-0.128719077,-0.186404660,0.216761887,-0.003096586,0.002910604,-55.337963104,195.104431152,-190.154373169,852.319641113,355.742889404,139.392196655,-0.036440205,2.206022263,-8.372280121,-1.472689748,0.012833346,-0.000003929
9.476849953,-0.987570941,-0.796014667,1.750823021,0.928323627,0.192822829,-1.761851192,-0.059147667,-0.116971977,-0.203679994,0.273089886,-0.003394658,0.004680868,-4.593246937,-3.282513142,3.823563099,-34.534851074,35.351379395,31.488336563,-0.042840403,2.037580729,-8.417035103,-1.517785072,0.014829250,0.000261918
9.496911843,-0.988777339,-0.798119724,1.747014523,0.933111370,0.192711249,-1.761530280,-0.066468991,-0.116692960,-0.212635085,0.268414617,-0.003904226,0.008598034,76.259864807,-138.247802734,-25.666822433,-1123.526733398,1126.873413086,1420.826538086,0.014218859,1.942088366,-8.535483360,-1.523341298,0.014025554,0.000315566
9.516995718,-0.990002155,-0.800184846,1.742881894,0.938170314,0.192598164,-1.761168718,-0.067948118,-0.114668541,-0.230271697,0.282394677,-0.004575547,0.010777405,62.658264160,-60.148166656,-55.400768280,-377.815826416,379.961608887,550.761535645,0.041207038,1.870559812,-8.616238594,-1.525431037,0.013746628,0.000324692
9.537066626,-0.992086530,-0.804773569,1.734442234,0.945733249,0.192530781,-1.760531187,-0.046109498,-0.139624640,-0.217828974,0.129100159,-0.001356530,0.013704884,170.599884033,-127.367759705,239.995819092,-939.723999023,-3.477005005,170.001647949,0.141820371,2.296278954,-7.995015621,-1.531930447,0.007076601,0.000252144
9.557114137,-0.992817998,-0.807057261,1.730321527,0.949146450,0.192407891,-1.760237336,-0.043652128,-0.123619050,-0.234018981,0.210809857,-0.002795708,0.007578308,-116.324287415,443.849731445,-453.302612305,2344.251953125,697.777343750,503.977264404,-0.027826766,2.432788849,-8.182257652,-1.462354660,0.012133674,0.000020470
9.577177459,-0.993838847,-0.809026003,1.725742102,0.954396904,0.192281440,-1.759814739,-0.056625515,-0.111414567,-0.252359480,0.279863447,-0.003422682,0.010082600,-45.979652405,-69.631683350,85.769287109,-518.466186523,412.852203369,676.120788574,-0.031525251,2.289895535,-8.211133003,-1.522218704,0.013884828,0.000394511
9.597261649,-0.994977832,-0.811046124,1.721078157,0.959287405,0.192178160,-1.759286284,-0.062835820,-0.111816809,-0.260342151,0.274474561,-0.003884698,0.015502363,63.879753113,-136.963836670,31.845521927,-989.475708008,748.142517090,1688.314208984,0.017340185,2.228870869,-8.332005501,-1.534390092,0.013222327,0.000471796
9.617322793,-0.996133924,-0.813012838,1.716081262,0.964485049,0.192075849,-1.758726597,-0.064180054,-0.109092951,-0.278410584,0.290266365,-0.004351111,0.017997708,63.002479553,-70.007751465,-39.860206604,-463.704162598,343.945648193,846.472229004,0.039871603,2.185954332,-8.411712646,-1.541313887,0.012978878,0.000460663
9.637379996,-0.997403741,-0.815223932,1.710174441,0.970177114,0.191999972,-1.758005381,-0.063071162,-0.111571997,-0.295065522,0.278954655,-0.000793578,0.028798563,0.071831912,-0.118363768,0.069280669,-0.721444607,0.224116042,0.610439360,0.060822140,2.183880329,-8.338768005,-1.557686567,0.012790140,0.000550991
9.657528239,-0.998775125,-0.819648623,1.701240063,0.975206614,0.191927716,-1.757395983,-0.041106828,-0.118883729,-0.272994399,0.209449247,-0.002061047,0.011184513,-145.281631470,604.156433105,-530.107116699,3257.474121094,674.457031250,766.569580078,-0.030480778,2.810069323,-7.901349068,-1.465155125,0.010827102,0.000032712
9.677596092,-0.999738455,-0.821477115,1.695947528,0.980686069,0.191821009,-1.756826401,-0.053371780,-0.103873365,-0.291732520,0.290624976,-0.002954117,0.014181243,-93.029411316,-170.555740356,289.977478027,-1375.985107422,814.674621582,2093.311279297,-0.030798906,2.665649176,-7.946463585,-1.540784001,0.012524646,0.000498521
9.697783269,-1.000804663,-0.823345721,1.690600395,0.985709786,0.191737577,-1.756138563,-0.058861416,-0.103319101,-0.298488885,0.281971753,-0.003277710,0.020798905,74.914443970,-163.288970947,98.547149658,-1386.445190430,712.543518066,2539.647949219,0.014336830,2.609248400,-8.089790344,-1.560279369,0.012065109,0.000597314
9.717929566,-1.001888394,-0.825127363,1.684905410,0.991025448,0.191656709,-1.755428553,-0.060204607,-0.098732270,-0.317371726,0.297076464,-0.003559311,0.023463449,130.708953857,-146.831710815,-66.420715332,-1229.300048828,617.264770508,2367.270019531,0.034978520,2.564399958,-8.187808037,-1.570472956,0.011951583,0.000567909
9.738086528,-1.003527045,-0.828345716,1.675177574,0.998010516,0.191643938,-1.754528046,-0.048441436,-0.117759474,-0.310677379,0.166133657,0.001764571,0.008224091,528.032592773,-805.316955566,1245.507080078,-5146.513183594,-187.925888062,-696.386169434,0.113987938,2.775341272,-7.612143993,-1.589787722,0.007277701,0.000011518
9.758211281,-1.004357457,-0.831225932,1.668167949,1.001300454,0.191574723,-1.753799200,-0.038593531,-0.108782671,-0.306079090,0.203429863,-0.000972207,0.013810761,-134.880996704,603.349182129,-503.717010498,3345.818603516,451.686767578,808.154785156,-0.031062027,3.169337273,-7.635191441,-1.475589275,0.009462420,0.000039586
9.778361143,-1.005257368,-0.832840145,1.662264466,1.006847978,0.191500023,-1.753126383,-0.049785525,-0.092256531,-0.325364888,0.292470932,-0.001936607,0.017088857,-66.288024902,-189.504852295,342.346221924,-1457.369750977,565.681030273,2258.541748047,-0.026972780,3.011507750,-7.686832428,-1.563370466,0.011116417,0.000576880
9.798507170,-1.006244063,-0.834499419,1.656324625,1.011854649,0.191449299,-1.752327919,-0.054543070,-0.091571309,-0.331668854,0.281489223,-0.001968302,0.024442537,28.788402557,-74.035858154,54.481395721,-626.883728027,211.317169189,1192.123291016,0.013666812,2.950709343,-7.851377964,-1.586302519,0.010899791,0.000686317
9.818664047,-1.007246852,-0.836060166,1.650020599,1.017137051,0.191404611,-1.751518607,-0.055706546,-0.086446434,-0.351268619,0.295182526,-0.001985944,0.027146397,57.266166687,-77.760162354,-16.281568527,-656.217712402,198.576995850,1233.895629883,0.034262002,2.901182175,-7.953671455,-1.598499417,0.010862727,0.000644145
9.838723171,-1.008919239,-0.839737952,1.637538552,1.023751020,0.191437289,-1.750244021,-0.036095291,-0.120433755,-0.318597138,0.071383171,0.002009519,0.027059790,247.151443481,-352.558685303,679.279785156,-2151.960937500,7.967387676,488.417022705,0.109739102,3.293043852,-7.060588837,-1.575322866,0.006596510,0.000412623
9.858789941,-1.009506822,-0.841618299,1.631663322,1.026709437,0.191425234,-1.749706388,-0.035259515,-0.099573694,-0.333887517,0.193727091,0.000696338,0.015323106,-53.354717255,262.037078857,-212.290008545,1543.240478516,109.803741455,361.705200195,-0.028036082,3.501137018,-7.351579666,-1.485944510,0.007967830,0.000036274
9.878848274,-1.010324121,-0.843052745,1.625254512,1.032245755,0.191396713,-1.748978138,-0.045178112,-0.082473077,-0.353195399,0.290325016,-0.000189316,0.018592378,-21.146137238,-98.429641724,177.919418335,-676.083618164,150.915695190,1044.542602539,-0.022435959,3.341305971,-7.407905102,-1.584560513,0.009610719,0.000621009
9.898916208,-1.011213064,-0.844545960,1.618835211,1.037178636,0.191394538,-1.748123527,-0.049190056,-0.082238369,-0.358504087,0.277671129,0.000197070,0.026303668,5.005437851,-15.886376381,13.647825241,-125.975532532,22.754854202,237.911056519,0.013648064,3.287877798,-7.584604263,-1.611714363,0.009578788,0.000735921
9.919072411,-1.012116551,-0.845934510,1.612043858,1.042388082,0.191400856,-1.747268677,-0.050193619,-0.076833658,-0.378429174,0.291142941,0.000426844,0.028866116,46.952701569,-77.564292908,-0.898885131,-638.425109863,92.236801147,1156.560058594,0.033305988,3.243221045,-7.690415859,-1.626570463,0.009617300,0.000683091
9.939124597,-1.013608694,-0.849316359,1.598670483,1.048544765,0.191510215,-1.745936394,-0.031878438,-0.113977797,-0.340335846,0.052013509,0.004238504,0.028351599,548.005554199,-947.188598633,1813.241821289,-5468.758300781,36.576534271,1229.666992188,0.098766826,3.623392105,-6.742439747,-1.594689608,0.006351473,0.000435422
9.959208569,-1.014129758,-0.851071000,1.592406750,1.051342726,0.191557989,-1.745382547,-0.031337276,-0.092216298,-0.356079340,0.186439216,0.002870820,0.015774544,-3.356736660,18.444635391,-14.817882538,113.079620361,1.556559920,25.065254211,-0.025544347,3.849265099,-7.059133053,-1.503007650,0.006357798,0.000027007
9.979417027,-1.014853239,-0.852362037,1.585591197,1.056857586,0.191588610,-1.744639754,-0.039958183,-0.074690431,-0.375555247,0.287718326,0.002235045,0.018893925,-14.661318779,-112.950355530,202.810028076,-730.421386719,51.733169556,1058.161865234,-0.019106727,3.689126730,-7.119026184,-1.611729741,0.008013126,0.000641030
9.999479402,-1.015637755,-0.853716373,1.578771949,1.061725855,0.191648439,-1.743771791,-0.043466520,-0.074388742,-0.380978793,0.274531782,0.003115210,0.026629556,49.288116455,-198.378189087,174.402496338,-1552.959716797,59.380001068,2848.797119141,0.012255755,3.640341997,-7.313026428,-1.642390132,0.008167867,0.000755812
10.019636021,-1.016436100,-0.854959905,1.571564794,1.066842079,0.191719353,-1.742914319,-0.044326302,-0.068794683,-0.401504427,0.285649478,0.003609201,0.029031819,118.104232788,-237.814666748,35.080642700,-1941.744262695,9.599461555,3154.391113281,0.032538027,3.598113537,-7.414146423,-1.659946084,0.008280448,0.000699502
10.039776939,-1.017457604,-0.858363152,1.558820128,1.071339369,0.191920355,-1.741764545,-0.028884340,-0.082074538,-0.364374489,0.198278815,0.004402900,0.029068831,-12.064542770,151.558868408,-48.944992065,887.530944824,-39.706588745,1103.089965820,-0.013230855,4.144394875,-6.798937321,-1.559656262,0.005329537,0.000445249
10.059932412,-1.018074512,-0.859577477,1.552004933,1.076300740,0.192013100,-1.741113424,-0.034339964,-0.068989754,-0.377537429,0.265485823,0.004679024,0.022166530,-19.765125275,-253.771453857,489.185455322,-1844.362670898,-108.244285583,1922.068969727,-0.015074655,4.029443741,-6.905243874,-1.641671777,0.006515864,0.000424451
10.080092613,-1.018756747,-0.860746443,1.545030355,1.081123710,0.192127779,-1.740346909,-0.037877731,-0.064290978,-0.389389306,0.270785928,0.005762026,0.022797693,1.000077486,-5.190494537,3.686042070,-46.694568634,-3.874803782,68.978126526,0.007917354,3.964959621,-7.103054047,-1.674098492,0.006919617,0.000591366
10.100288834,-1.019459248,-0.861805439,1.537652016,1.086066723,0.192256704,-1.739527225,-0.038971744,-0.058728002,-0.410817206,0.274996251,0.006560350,0.025847526,104.789733887,-281.891693115,62.163356781,-2337.034423828,-190.197448730,3163.762695312,0.029630780,3.895331383,-7.200211048,-1.695687532,0.007249347,0.000700245
10.120429558,-1.020148158,-0.862842023,1.529897213,1.090670943,0.192407906,-1.738707423,-0.038356289,-0.057486884,-0.431474149,0.256832361,0.007692885,0.027484918,98.544441223,-300.383178711,80.417785645,-2140.382812500,-178.657073975,2354.908691406,0.040233396,3.838870525,-7.208484650,-1.701941133,0.007415859,0.000696585
10.140489386,-1.021243930,-0.865730047,1.514771342,1.094863057,0.192749873,-1.737450123,-0.022665350,-0.103615649,-0.383559734,-0.007564139,0.010596834,0.027035676,188.921035767,-490.258575439,923.310974121,-2434.891601562,29.665657043,506.920013428,0.080687992,4.232316017,-6.067085266,-1.620303750,0.005612031,0.000434404
10.160572505,-1.021608233,-0.867316961,1.507775187,1.097011328,0.192953408,-1.736952066,-0.022063041,-0.082388975,-0.397606134,0.152220249,0.009049052,0.013962729,-88.788360596,710.925476074,-515.686340332,5174.000976562,-456.954467773,879.183166504,-0.014423260,4.503423214,-6.382118225,-1.525002956,0.002868894,-0.000023603
10.180724890,-1.022107244,-0.868459702,1.500282288,1.102119565,0.193145841,-1.736301661,-0.027512219,-0.066689841,-0.412734717,0.263151646,0.009413436,0.016069600,0.112918504,-162.680191040,303.541259766,-804.336181641,-161.701171875,994.182800293,-0.009848719,4.374104023,-6.422951698,-1.648775220,0.004436207,0.000587898
10.200871271,-1.022639394,-0.869701028,1.492883921,1.106608868,0.193374112,-1.735550284,-0.029560981,-0.067813702,-0.413604528,0.254278243,0.011423521,0.022711381,18.984096527,-112.073127747,138.219528198,-712.043212891,-180.723892212,1199.271728516,0.010924383,4.371474266,-6.624793530,-1.687068105,0.004750710,0.000679320
10.221034866,-1.023181081,-0.870822847,1.485127687,1.111462474,0.193615422,-1.734827876,-0.030058162,-0.061996572,-0.432074338,0.270523101,0.012296716,0.024177775,98.320663452,-284.553588867,176.675781250,-2098.054199219,-505.736083984,2800.666015625,0.028511345,4.361305714,-6.727373123,-1.714738965,0.005014933,0.000625126
10.241205536,-1.024010301,-0.873788178,1.470191836,1.116225600,0.194089577,-1.733736157,-0.016455635,-0.105548203,-0.376151443,0.004327497,0.014086054,0.023788346,358.328796387,-1098.639404297,2188.659912109,-5639.844726562,77.735214233,1033.451660156,0.056473687,4.769844532,-5.701740265,-1.665492892,0.004619855,0.000407446
10.261281005,-1.024278879,-0.875340939,1.463267446,1.118689537,0.194375128,-1.733310938,-0.016414365,-0.080438934,-0.393938780,0.169092342,0.012342267,0.011334420,-62.286628723,644.390747070,-485.942352295,4123.394042969,-594.015441895,623.539611816,-0.020518966,5.040237427,-6.064301968,-1.582193971,0.000874023,-0.000042126
10.281435405,-1.024652481,-0.876418114,1.455814600,1.123867273,0.194658399,-1.732762575,-0.020516600,-0.063175961,-0.410312057,0.266108036,0.013552364,0.013017534,16.496694565,-409.370788574,806.417907715,-2579.224365234,-708.933349609,2313.788330078,-0.013346890,4.901262283,-6.113584518,-1.712371349,0.002535255,0.000546544
10.301594083,-1.025046825,-0.877559185,1.448422909,1.128207803,0.194982782,-1.732131600,-0.021954976,-0.062107518,-0.413480699,0.246778741,0.016247027,0.018699063,37.860763550,-206.353027344,264.592071533,-1835.884887695,-654.315002441,2383.960205078,0.004537574,4.889252186,-6.320420742,-1.746687293,0.002932774,0.000609250
10.321762267,-1.025448561,-0.878539920,1.440624833,1.132768393,0.195322126,-1.731539249,-0.022268079,-0.054254681,-0.434260666,0.253969133,0.017377120,0.019538099,33.959949493,-99.774940491,64.070480347,-930.349304199,-293.975982666,920.891113281,0.022652859,4.856757164,-6.406384468,-1.769950867,0.003307668,0.000558207
10.341905128,-1.026026726,-0.881185472,1.425620437,1.136539340,0.195952922,-1.730653882,-0.010659315,-0.096686035,-0.377044946,-0.023712251,0.018136678,0.019682012,292.160125732,-1125.581787109,2285.334960938,-5691.177246094,82.291229248,891.906677246,0.038653698,5.209187031,-5.361498833,-1.698553681,0.003737505,0.000372315
10.362058189,-1.026200891,-0.882563055,1.418661594,1.138598680,0.196330100,-1.730325341,-0.010820452,-0.070781715,-0.395885438,0.145996660,0.016247042,0.008173269,-49.468875885,708.971435547,-526.555236816,4592.168457031,-900.136840820,538.181091309,-0.018633703,5.457225800,-5.715628624,-1.614460111,-0.000947968,-0.000075743
10.382227708,-1.026447296,-0.883480787,1.411198378,1.143305182,0.196717218,-1.729911566,-0.013448417,-0.054351278,-0.410772294,0.239897728,0.018376194,0.009037077,14.438179016,-171.694885254,340.483795166,-1027.674072266,-385.254699707,733.236083984,-0.008701982,5.302212238,-5.760321617,-1.742622256,0.000673529,0.000464190
10.402379875,-1.026698828,-0.884469390,1.403817296,1.147194862,0.197149441,-1.729437232,-0.014036790,-0.053570643,-0.413039505,0.222102627,0.021724496,0.013458760,40.271511078,-215.526763916,290.670562744,-1766.529785156,-886.331665039,1892.094482422,0.006356107,5.279769897,-5.967434883,-1.774485350,0.001119100,0.000501508
10.422439695,-1.027058840,-0.886894584,1.389516115,1.151123881,0.197890088,-1.728757858,-0.005601786,-0.090374224,-0.356749803,-0.018256700,0.021030961,0.015681259,257.474243164,-1254.874877930,2574.557617188,-6344.948242188,104.785087585,820.432434082,0.022557469,5.585562229,-5.087130547,-1.732418060,0.002906505,0.000344606
10.442523725,-1.027151585,-0.888143778,1.382881045,1.153259873,0.198333502,-1.728528857,-0.006040886,-0.063591674,-0.378217459,0.149849206,0.019033389,0.004962325,-0.798867643,15.047434807,-12.559903145,92.626159668,-22.263559341,7.115583897,-0.017799348,5.814321041,-5.486165047,-1.657123566,-0.002297006,-0.000109539
10.462608890,-1.027293563,-0.888930798,1.375696301,1.157866716,0.198799402,-1.728249311,-0.007613473,-0.047154710,-0.395179480,0.233991012,0.022013161,0.005012740,20.799921036,-171.916275024,321.820281982,-1113.516235352,-462.390045166,559.312316895,-0.003546475,5.640598297,-5.544124603,-1.787159562,-0.000616669,0.000390723
10.482760787,-1.027426243,-0.889784634,1.368550539,1.161514282,0.199316129,-1.727925777,-0.007452462,-0.046029925,-0.400082797,0.208987176,0.026008015,0.008354899,52.288810730,-236.127563477,259.640686035,-2164.845947266,-1224.451416016,1652.340576172,0.010057638,5.601593494,-5.753647804,-1.815428138,-0.000127055,0.000407975
10.502910659,-1.027552128,-0.890481472,1.360964537,1.165297866,0.199852362,-1.727654099,-0.006938795,-0.038615029,-0.422274202,0.210296720,0.027656332,0.008001285,32.325660706,-118.937171936,75.200691223,-1031.523315430,-478.335784912,540.370727539,0.026141191,5.537241936,-5.823199272,-1.834163904,0.000413537,0.000372077
10.523081725,-1.027622223,-0.892635167,1.346438050,1.167422891,0.200800613,-1.727270365,0.001381218,-0.083511844,-0.363243669,-0.063066728,0.026152954,0.009602788,177.024368286,-1278.692993164,2552.970703125,-5850.825195312,71.630149841,544.790222168,0.011708413,5.832803726,-4.813282013,-1.741066217,0.002033417,0.000275764
10.543131644,-1.027603865,-0.893790066,1.339672089,1.168951631,0.201352671,-1.727168322,0.000459477,-0.058744613,-0.384907752,0.113842696,0.024015583,0.000737226,-26.009431839,629.338562012,-517.035461426,4531.543945312,-1335.169189453,180.448532104,-0.010605583,6.058462620,-5.148937225,-1.666438699,-0.003825227,-0.000142882
10.563202296,-1.027605653,-0.894573033,1.332468867,1.172836423,0.201941863,-1.727067590,0.000226420,-0.046794213,-0.396168888,0.194758028,0.028010679,-0.000044847,78.436485291,-530.233276367,969.986450195,-2731.032714844,-1450.663696289,878.532775879,0.008409525,5.914728642,-5.172139168,-1.790532470,-0.002345392,0.000271080
10.583261760,-1.027577281,-0.895454526,1.325367212,1.175970793,0.202584252,-1.726953626,0.001490817,-0.047428999,-0.397794485,0.180887014,0.032482877,0.001436064,53.993820190,-217.060821533,274.248413086,-1445.169921875,-1183.135498047,721.554565430,0.018447783,5.910770416,-5.367074013,-1.818792462,-0.001994815,0.000247291
10.603320252,-1.027528644,-0.896211565,1.317897916,1.179363012,0.203245506,-1.726899147,0.002752947,-0.042024050,-0.415625155,0.187817127,0.034273759,0.000229284,85.349472046,-353.380737305,324.526245117,-2458.228515625,-1436.263549805,658.613647461,0.029642707,5.878958225,-5.420974255,-1.843859434,-0.001438318,0.000228839
10.623409416,-1.027441144,-0.896982014,1.310208201,1.182228684,0.203951865,-1.726889372,0.004881398,-0.042625595,-0.427840650,0.160244226,0.036405247,-0.001246146,103.652221680,-479.874389648,441.438812256,-3079.653320312,-1549.317626953,462.019470215,0.037046559,5.858085155,-5.393452644,-1.850526333,-0.001353348,0.000204688
10.643485780,-1.027128577,-0.899758399,1.297247410,1.182621002,0.205046684,-1.726897478,0.007651532,-0.063094571,-0.372484565,0.111264504,0.028713474,-0.004107101,-9.758581161,233.613723755,-181.313980103,1702.643432617,-611.900573730,-23.627985001,-0.014524523,6.477053642,-4.792317390,-1.700749755,-0.005657778,-0.000183634
10.663574752,-1.026987076,-0.900641322,1.290312529,1.186283231,0.205755323,-1.726999640,0.008255791,-0.052161224,-0.381401867,0.183212310,0.033729553,-0.005949566,8.538854599,-46.654911041,89.693855286,-247.605972290,-153.000640869,20.712596893,0.012325683,6.365808010,-4.816799164,-1.825524092,-0.004310098,0.000141660
10.683666841,-1.026797295,-0.901599169,1.283474922,1.189210534,0.206521288,-1.727117777,0.010490421,-0.051620513,-0.383200049,0.169315338,0.038814094,-0.006325052,31.929126740,-87.906570435,126.276687622,-671.300903320,-652.626159668,33.526462555,0.022110829,6.383252621,-5.006049156,-1.855759859,-0.003995955,0.000086494
10.703751045,-1.026572347,-0.902417898,1.276281357,1.192313552,0.207308963,-1.727299690,0.012537397,-0.045509152,-0.400170803,0.171311453,0.040925931,-0.008287864,37.438930511,-134.269958496,144.759155273,-1032.820312500,-675.767211914,-38.073379517,0.029665282,6.363329887,-5.047844410,-1.882430196,-0.003415731,0.000084848
10.723811896,-1.025979400,-0.904783547,1.262758255,1.193470597,0.208662763,-1.727613688,0.017603111,-0.087406054,-0.335858434,-0.076035202,0.036136225,-0.004562091,5.494857311,-439.657562256,939.144042969,-1903.784667969,2.548693657,-33.783130646,-0.036350440,6.720712185,-4.137894630,-1.794871092,-0.001117308,0.000128818
10.743870184,-1.025708556,-0.905993223,1.256468415,1.194754601,0.209418178,-1.727819681,0.015004345,-0.062457856,-0.357627600,0.095398828,0.033565510,-0.009262225,-12.556897163,222.857727051,-159.328689575,1557.618164062,-685.014953613,-125.401153564,-0.023575781,6.949589729,-4.434569359,-1.742035270,-0.007587219,-0.000224373
10.763943155,-1.025427222,-0.906880796,1.249851346,1.197914958,0.210246742,-1.728138328,0.016104987,-0.052242875,-0.363869071,0.156563103,0.039523315,-0.012188361,40.368537903,-187.819335938,388.929656982,-1039.582153320,-736.318481445,-176.760360718,0.014171709,6.845509529,-4.451101780,-1.859342933,-0.006361424,0.000000579
10.784010236,-1.025081158,-0.907818258,1.243338227,1.200389504,0.211135969,-1.728503108,0.019218380,-0.050491612,-0.365178585,0.144149542,0.045137972,-0.014539359,40.412776947,-75.612747192,133.462448120,-651.941589355,-767.388000488,-304.782928467,0.026964311,6.860754967,-4.630912781,-1.886582613,-0.006065118,-0.000089586
10.804193159,-1.024683237,-0.908609688,1.236503482,1.203000426,0.212049276,-1.728934765,0.022150571,-0.044073086,-0.380070299,0.143635392,0.047548052,-0.017283348,40.982261658,-123.541549683,160.811431885,-990.422119141,-739.834472656,-351.080139160,0.032267071,6.833415031,-4.664006233,-1.912015080,-0.005444350,-0.000073996
10.824250345,-1.023750663,-0.910853982,1.223734260,1.203439116,0.213610530,-1.729633331,0.026137523,-0.082621582,-0.316130996,-0.088062093,0.041184977,-0.012375153,-5.022835255,-95.589660645,211.003540039,-404.447662354,-3.429578781,-39.249946594,-0.061409514,7.158582211,-3.825357437,-1.822467923,-0.002893898,0.000047803
10.844308211,-1.023347497,-0.911979556,1.217791915,1.204439640,0.214466631,-1.730005622,0.022549991,-0.058215421,-0.337743789,0.077070467,0.038421731,-0.014646897,-44.635570526,507.781341553,-338.785919189,3548.011230469,-1886.344238281,-576.194396973,-0.032968268,7.360695839,-4.102697849,-1.777290225,-0.009451137,-0.000266355
10.864370984,-1.022928238,-0.912821174,1.211582184,1.207070708,0.215413272,-1.730549574,0.023843272,-0.049476836,-0.341451317,0.128578246,0.045243632,-0.018682715,119.444343567,-512.590026855,1093.975463867,-2824.117675781,-2304.503173828,-1270.998779297,0.017658390,7.256805420,-4.120276451,-1.886708736,-0.008316477,-0.000148477
10.884514267,-1.022430539,-0.913701057,1.205474615,1.209082961,0.216423333,-1.731170535,0.027714387,-0.047331311,-0.342595369,0.118255518,0.051340900,-0.023067005,48.630722046,-69.209693909,132.969451904,-610.480834961,-865.533386230,-665.596801758,0.036223471,7.264510155,-4.293747425,-1.911584139,-0.007984594,-0.000272103
10.904680884,-1.021862388,-0.914441347,1.199070573,1.211205125,0.217462629,-1.731861234,0.031612799,-0.041294783,-0.356030792,0.116224565,0.054134566,-0.026597230,48.213409424,-122.922119141,171.332733154,-969.614196777,-831.073669434,-681.647338867,0.041079298,7.227239609,-4.325093269,-1.936147571,-0.007331815,-0.000238812
10.924756111,-1.020583391,-0.916557014,1.187171578,1.210934043,0.219228551,-1.732953668,0.035023604,-0.077677764,-0.293960184,-0.098583169,0.046157710,-0.020417709,-44.934803009,-376.347076416,843.195251465,-1523.428955078,-33.049816132,-305.630065918,-0.083660468,7.526550770,-3.555831909,-1.845276237,-0.004636579,-0.000037007
10.944815890,-1.020040512,-0.917610168,1.181618214,1.211650729,0.220184281,-1.733495355,0.030458622,-0.054676961,-0.315427750,0.058475971,0.043278180,-0.020109372,-24.573400497,174.914474487,-111.811470032,1266.134399414,-817.916748047,-336.297515869,-0.042225048,7.704777241,-3.808115005,-1.808356762,-0.011215230,-0.000306708
10.964890023,-1.019481182,-0.918428481,1.175854921,1.213747978,0.221247211,-1.734267950,0.031701490,-0.047921166,-0.316933125,0.100576974,0.050899938,-0.025251700,46.998573303,-196.493881226,418.813690186,-1049.373046875,-991.649353027,-807.191101074,0.021538924,7.608664989,-3.825406313,-1.909080148,-0.010197813,-0.000301276
10.984952654,-1.018832803,-0.919279158,1.170182347,1.215308428,0.222375736,-1.735147834,0.036153149,-0.045774888,-0.318304807,0.092785761,0.057426251,-0.031684473,55.126194000,-65.037406921,125.685485840,-553.072631836,-942.717224121,-1019.507507324,0.047511920,7.615306854,-3.988007307,-1.932140946,-0.009819317,-0.000456635
11.005014135,-1.018096805,-0.920010388,1.164249778,1.216924667,0.223535046,-1.736095548,0.040963776,-0.040843025,-0.329694062,0.087909661,0.060509659,-0.035888232,18.370210648,-41.295421600,59.933689117,-310.152770996,-300.824371338,-335.313476562,0.052173197,7.579479218,-4.009190559,-1.955283761,-0.009122035,-0.000403867
11.025172392,-1.016471028,-0.922078252,1.153283477,1.216009736,0.225496233,-1.737574458,0.044046834,-0.074747480,-0.270598054,-0.106113553,0.050866000,-0.028340863,-65.196395874,-342.656951904,779.771728516,-1316.464965820,-52.844631195,-441.511199951,-0.105091169,7.870987892,-3.305788755,-1.865477204,-0.006451911,-0.000121138
11.045245161,-1.015784860,-0.923074067,1.148102760,1.216595054,0.226566195,-1.738079548,0.038802579,-0.053712290,-0.291836321,0.037581142,0.049508840,-0.018149612,-41.756355286,272.477905273,-281.980987549,1813.283325195,-905.589782715,-234.517150879,-0.054765690,8.034440994,-3.563699722,-1.829182148,-0.011652919,-0.000596833
11.065304544,-1.015084147,-0.923886716,1.142774701,1.218287110,0.227722585,-1.739213109,0.039683819,-0.048603788,-0.290973961,0.072802551,0.056597628,-0.033127345,45.802639008,-233.732559204,481.014312744,-1219.819580078,-1006.559265137,-1505.930175781,0.023439795,7.934452534,-3.525672674,-1.936031818,-0.011416119,-0.000674088
11.085373561,-1.014285803,-0.924773037,1.137609720,1.219255090,0.228964970,-1.740410328,0.044539407,-0.047228377,-0.290996164,0.062605932,0.063162014,-0.044097178,59.177661896,-38.495838165,83.070838928,-392.377288818,-1011.088073730,-1554.002929688,0.057302006,7.963799477,-3.703909874,-1.948799014,-0.011649442,-0.000746543
11.105435899,-1.013386130,-0.925518870,1.132156491,1.220418453,0.230240181,-1.741616011,0.050097156,-0.041921474,-0.302556247,0.061373465,0.066445038,-0.046910621,63.478713989,-124.111824036,188.769226074,-912.140014648,-994.971008301,-1294.740234375,0.063990697,7.927792072,-3.709214926,-1.973595023,-0.010964698,-0.000538310
11.125498145,-1.011484027,-0.927578270,1.122297645,1.219238997,0.232309416,-1.743285894,0.051727071,-0.066553995,-0.253720492,-0.074797943,0.055540044,-0.020333869,-60.297439575,-331.507446289,728.336791992,-1389.687988281,354.111419678,339.778625488,-0.102537021,8.199681282,-3.089668512,-1.906390667,-0.004715919,0.000299538
11.145583523,-1.010641098,-0.928603053,1.117666721,1.219250679,0.233467549,-1.744252205,0.047267132,-0.053328458,-0.263938278,0.017909437,0.050502881,-0.025828075,-27.780469894,118.450912476,-69.141853333,846.706420898,-877.274047852,-1028.101440430,-0.049784634,8.347120285,-3.305735588,-1.878703833,-0.014106750,-0.000604084
11.165670119,-1.009781480,-0.929414511,1.112802029,1.220388770,0.234780788,-1.745562792,0.048457254,-0.046965297,-0.267673075,0.051076978,0.060826976,-0.041595951,44.811557770,-154.177276611,331.690399170,-850.462280273,-1195.143676758,-1760.429931641,0.028123274,8.278568268,-3.319104671,-1.954157710,-0.014475223,-0.000794046
11.185743927,-1.008821726,-0.930252969,1.108011723,1.221010566,0.236145988,-1.746949315,0.053578410,-0.045480061,-0.268551797,0.038898651,0.069392599,-0.050804675,64.546768188,-66.251480103,127.901275635,-546.370239258,-1135.717529297,-1728.817138672,0.065464869,8.280557632,-3.429593563,-1.972659469,-0.013714538,-0.000801516
11.205896265,-1.007750630,-0.931005538,1.103030920,1.221561074,0.237535432,-1.748370409,0.059611805,-0.041942704,-0.276831001,0.029459257,0.073004603,-0.053760134,66.678695679,-110.765052795,173.411712646,-814.428039551,-1067.192138672,-1576.837280273,0.072030179,8.254715919,-3.434684753,-1.987216353,-0.012858220,-0.000679014
11.226050278,-1.005431652,-0.933005273,1.093870997,1.219365954,0.239873603,-1.750589728,0.062437654,-0.069456808,-0.225909725,-0.122024089,0.059981655,-0.043438710,-96.005676270,-266.308197021,634.856506348,-908.835876465,-91.826522827,-715.646850586,-0.147158071,8.521969795,-2.846812963,-1.900600195,-0.010305812,-0.000293525
11.246225988,-1.004445434,-0.933982015,1.089569449,1.219210029,0.241107211,-1.751613259,0.055351276,-0.051894426,-0.243532389,0.001955851,0.057118397,-0.035462931,-80.017501831,163.308258057,-53.876583099,1377.743530273,-1628.975219727,-1082.475585938,-0.081223644,8.650519371,-3.012154818,-1.886425376,-0.016773133,-0.000425715
11.266288814,-1.003460526,-0.934841454,1.085214376,1.219812751,0.242489651,-1.753032684,0.055506829,-0.049305648,-0.239827901,0.022946214,0.066503048,-0.043801285,82.504653931,-343.492828369,773.205078125,-1728.512817383,-2705.072509766,-3756.348388672,0.019268835,8.595917702,-3.034530878,-1.961146712,-0.016220000,-0.000752912
11.286434379,-1.002376437,-0.935705304,1.080918550,1.220110059,0.243934333,-1.754635572,0.060576174,-0.046880443,-0.241104543,0.020660056,0.073803112,-0.055794489,67.174018860,-48.750099182,110.957901001,-416.771087646,-1170.395996094,-2062.036621094,0.072144948,8.609534264,-3.153862715,-1.981622219,-0.015536057,-0.000976177
11.306557023,-1.001167059,-0.936488628,1.076464176,1.220342278,0.245419815,-1.756296277,0.067350380,-0.043741379,-0.247418776,0.011088496,0.077672206,-0.061648555,52.371032715,-71.491210938,120.988426208,-530.434448242,-783.200012207,-1363.663940430,0.086303398,8.587306976,-3.163553953,-2.001150608,-0.014767669,-0.000871498
11.326623471,-0.998537004,-0.938476026,1.068286777,1.217817903,0.247915804,-1.758846641,0.070944779,-0.067037173,-0.202111557,-0.122345626,0.063728139,-0.050371822,-104.059509277,-223.852294922,553.272460938,-749.227294922,-111.897880554,-812.084655762,-0.162911117,8.843855858,-2.646992207,-1.921576619,-0.012286444,-0.000355886
11.346699922,-0.997406423,-0.939433753,1.064432740,1.217410088,0.249221683,-1.759997249,0.063391663,-0.051276855,-0.217895433,-0.014291338,0.060913920,-0.039534032,-54.638317108,80.248237610,-12.279499054,672.909729004,-1013.675170898,-718.379394531,-0.095218047,8.956535339,-2.783976078,-1.912705421,-0.018636359,-0.000443826
11.366784140,-0.996285915,-0.940297127,1.060559869,1.217567086,0.250684351,-1.761588693,0.063054807,-0.049234550,-0.213442385,-0.000035187,0.070492141,-0.048637394,31.200620651,-131.296813965,309.614318848,-685.361816406,-1260.705200195,-1919.067138672,0.013377799,8.913346291,-2.807060242,-1.977637887,-0.018266454,-0.000876251
11.386927382,-0.995069087,-0.941147625,1.056725383,1.217474699,0.252210796,-1.763388157,0.068012349,-0.046297770,-0.215166956,-0.001707508,0.077956714,-0.062206246,47.176872253,-26.909389496,69.282821655,-265.018859863,-852.527099609,-1634.128906250,0.076163754,8.923316956,-2.913167715,-1.996735334,-0.017508624,-0.001119293
11.407072710,-0.993720055,-0.941924334,1.052759886,1.217265487,0.253780156,-1.765240550,0.075146496,-0.043364096,-0.220244989,-0.013290845,0.082063526,-0.068545513,78.608901978,-88.019180298,159.077758789,-689.334167480,-1163.642456055,-2194.336181641,0.095894881,8.900426865,-2.921222448,-2.013962984,-0.016692325,-0.001001959
11.427220311,-0.990887582,-0.943816721,1.045582294,1.214535117,0.256318390,-1.767786384,0.077100769,-0.058827724,-0.184467539,-0.103462495,0.067909136,-0.030801948,-93.943138123,-235.737091064,561.228393555,-924.351562500,392.148651123,537.692871094,-0.147388533,9.120383263,-2.470922470,-1.953393579,-0.010156120,0.000332863
11.447376672,-0.989615679,-0.944734991,1.042199373,1.213712096,0.257704407,-1.769208789,0.071234979,-0.048747528,-0.192375198,-0.035461377,0.062035281,-0.035998046,-40.169372559,66.830444336,-19.832267761,488.273193359,-900.529113770,-1425.113647461,-0.081476584,9.217167854,-2.612362385,-1.941622853,-0.019626919,-0.000828013
11.467526872,-0.988341272,-0.945531130,1.038718700,1.213474631,0.259280622,-1.771105766,0.071594343,-0.045438904,-0.191673100,-0.021150706,0.073479965,-0.058688127,35.833881378,-110.000732422,259.097808838,-618.960388184,-1370.779663086,-2704.996582031,0.022764366,9.171994209,-2.629984617,-1.994930387,-0.020552525,-0.001277132
11.487682143,-0.986965001,-0.946325600,1.035284042,1.212900996,0.260905147,-1.773093104,0.076868959,-0.043359436,-0.192609429,-0.028996207,0.082639709,-0.072000720,70.029426575,-39.893924713,95.651206970,-387.851867676,-1315.591918945,-2602.882568359,0.083341844,9.170600891,-2.712857008,-2.009545565,-0.019586880,-0.001238932
11.507758255,-0.983954251,-0.948104382,1.028856874,1.209894776,0.263564348,-1.776095033,0.081850782,-0.058235515,-0.158645377,-0.123778723,0.068118885,-0.059853397,-104.456748962,-151.732635498,411.730712891,-483.739898682,-121.456047058,-940.266235352,-0.172732562,9.362148285,-2.329575062,-1.952453136,-0.015605033,-0.000441548
11.527835933,-0.982618630,-0.948934853,1.025797606,1.209098339,0.264957428,-1.777425170,0.074814543,-0.044929571,-0.172500461,-0.039516035,0.065526783,-0.044974387,-50.080116272,54.224815369,6.312751293,424.997375488,-1020.624450684,-794.493286133,-0.099170856,9.431331635,-2.438349009,-1.952975869,-0.021690723,-0.000465833
11.547898659,-0.981286407,-0.949703097,1.022749186,1.208564281,0.266527802,-1.779264212,0.074825235,-0.043521021,-0.168282911,-0.035790261,0.075678118,-0.055448614,32.428077698,-93.433006287,230.435714722,-546.849182129,-1307.950073242,-2236.076416016,0.020320948,9.387370110,-2.474541426,-2.003612757,-0.021631552,-0.001057123
11.567983398,-0.979849398,-0.950439930,1.019694209,1.207816839,0.268161714,-1.781336308,0.080295004,-0.040266093,-0.171319813,-0.039271720,0.083466843,-0.071232922,74.181205750,-27.422054291,72.978965759,-346.430664062,-1302.922607422,-2775.291503906,0.092774406,9.378393173,-2.562199831,-2.019245863,-0.020727590,-0.001317405
11.588131334,-0.978265703,-0.951119900,1.016534567,1.206861496,0.269840091,-1.783442974,0.088206269,-0.037959248,-0.175476119,-0.054329168,0.087833367,-0.077909440,86.923439026,-69.435211182,125.167427063,-587.965148926,-1237.439453125,-2562.925292969,0.116627716,9.345481873,-2.570181608,-2.030783176,-0.019872420,-0.001173705
11.608192204,-0.974837244,-0.952725887,1.010669351,1.202894807,0.272653848,-1.786647439,0.092795499,-0.052087024,-0.146339804,-0.141025156,0.071279027,-0.063950785,-117.720436096,-132.927505493,349.065216064,-346.323242188,-150.010025024,-1000.486511230,-0.202362552,9.516310692,-2.192782879,-1.955034971,-0.017729305,-0.000504021
11.628256130,-0.973333836,-0.953496635,1.007882118,1.201636910,0.274109095,-1.788054466,0.084136702,-0.041850027,-0.156915769,-0.066135123,0.068806507,-0.047605809,-69.802040100,30.831384659,29.094120026,389.030883789,-1064.161865234,-868.582336426,-0.130535632,9.577345848,-2.274010181,-1.954880238,-0.023728011,-0.000494822
11.648317305,-0.971863151,-0.954233170,1.005131960,1.200655460,0.275734067,-1.789983630,0.082546972,-0.041565895,-0.151991934,-0.059531257,0.078583434,-0.058231268,16.610616684,-89.085304260,212.563507080,-428.299957275,-1359.985717773,-2401.706054688,-0.001476915,9.547571182,-2.309238911,-1.999351144,-0.023705397,-0.001131405
11.668380137,-0.970307529,-0.954948843,1.002381206,1.199566007,0.277415395,-1.792149425,0.086944893,-0.039207324,-0.154175982,-0.058923379,0.086019233,-0.074421011,64.216941833,-31.319900513,73.040657043,-276.819213867,-1306.671386719,-2867.866210938,0.083808698,9.546386719,-2.387144804,-2.016521454,-0.022640297,-0.001389487
11.688442382,-0.968613088,-0.955625355,0.999551237,1.198309541,0.279137045,-1.794340014,0.094409004,-0.037714623,-0.157215208,-0.070954852,0.090155624,-0.081057362,83.281333923,-64.520011902,113.421928406,-494.412017822,-1247.018066406,-2654.372070312,0.117951237,9.526703835,-2.397932768,-2.029395580,-0.021700468,-0.001236357
11.708503971,-0.966772616,-0.956297755,0.996679783,1.196703196,0.280912250,-1.796520829,0.102350801,-0.037170283,-0.160044417,-0.088235252,0.092817858,-0.081516802,76.204200745,-57.362724304,87.866676331,-429.173248291,-1207.729736328,-2388.690673828,0.114353895,9.517842293,-2.393631220,-2.027766466,-0.021881824,-0.001140708
11.728589385,-0.963354886,-0.957954943,0.991771042,1.192673445,0.283496708,-1.799098134,0.090015776,-0.041343603,-0.141243801,-0.075954802,0.070351548,-0.048771996,-71.737609863,19.536657333,35.993003845,315.923797607,-1058.670410156,-880.071228027,-0.138957888,9.762600899,-2.124780178,-1.965032458,-0.025493912,-0.000497790
11.748735668,-0.961781681,-0.958687425,0.989297867,1.191466808,0.285150379,-1.801076889,0.088249996,-0.041173659,-0.136849165,-0.071186051,0.080038369,-0.059611458,14.349940300,-75.330085754,181.761550903,-372.093597412,-1372.615844727,-2477.133544922,-0.003573523,9.747668266,-2.161800385,-2.006238937,-0.025549520,-0.001171842
11.768885689,-0.960123599,-0.959390938,0.986804247,1.190166235,0.286859930,-1.803295732,0.092666015,-0.038631648,-0.139676169,-0.071170077,0.087450974,-0.076167695,63.385536194,-25.805627823,60.880695343,-262.346618652,-1286.177978516,-2871.096435547,0.088913515,9.752635956,-2.230646133,-2.024105072,-0.024425248,-0.001427105
11.789033804,-0.958321869,-0.960054934,0.984232426,1.188667536,0.288609803,-1.805531383,0.100391500,-0.036988005,-0.142904580,-0.084269308,0.091622807,-0.082772203,84.337722778,-52.672756195,93.963859558,-450.565612793,-1230.765869141,-2654.050537109,0.127735272,9.740574837,-2.240115643,-2.036285400,-0.023471886,-0.001267052
11.809102140,-0.954440415,-0.961549401,0.979399562,1.184099793,0.291533142,-1.808897257,0.105318844,-0.047011230,-0.121655777,-0.148474753,0.073897325,-0.067395516,-124.179878235,-96.139579773,264.452117920,-188.083129883,-169.274536133,-1049.136230469,-0.223246828,9.904851913,-1.918934107,-1.967989922,-0.021633884,-0.000543351
11.829206333,-0.952718377,-0.962261736,0.977080882,1.182474017,0.293032318,-1.810352683,0.096278198,-0.038986497,-0.130141184,-0.088501349,0.071382672,-0.049175534,-175.076232910,32.949905396,95.948776245,614.938598633,-2437.481933594,-2028.409423828,-0.150840804,9.961725235,-1.973497152,-1.973029256,-0.027365908,-0.000492442
11.849269236,-0.951039374,-0.962950408,0.974803448,1.181016088,0.294699669,-1.812336922,0.094121441,-0.038625374,-0.126145363,-0.084499866,0.080780476,-0.059811130,23.763233185,-162.987060547,413.892852783,-838.156616211,-3526.133300781,-6388.535156250,-0.011782724,9.953425407,-2.010666609,-2.010727406,-0.027485270,-0.001180379
11.869331379,-0.949282646,-0.963601708,0.972495198,1.179486394,0.296414763,-1.814549208,0.098155260,-0.035810687,-0.129205376,-0.084258176,0.087828524,-0.076154746,148.342346191,-54.262687683,143.622711182,-626.910888672,-3199.779296875,-7161.271972656,0.084586412,9.959911346,-2.071582079,-2.028198004,-0.026290605,-0.001423662
11.889494113,-0.947387278,-0.964210272,0.970112801,1.177758574,0.298164874,-1.816762686,0.105610177,-0.033883456,-0.132407457,-0.096866421,0.091693029,-0.082268618,214.599685669,-116.078636169,223.109878540,-1095.085327148,-3210.166503906,-6890.137207031,0.127126783,9.950697899,-2.080997705,-2.039500237,-0.025314240,-0.001252860
11.909575265,-0.943321407,-0.965550661,0.965608120,1.172877431,0.301090598,-1.820083737,0.110404491,-0.042135142,-0.113550186,-0.154945031,0.073944397,-0.066505566,-287.559814453,-192.702484131,548.564147949,-329.810424805,-398.288970947,-2350.003906250,-0.233867005,10.094768524,-1.781521559,-1.971607327,-0.023666084,-0.000540202
11.929657423,-0.941510439,-0.966177285,0.963430762,1.171094298,0.302585006,-1.821514130,0.101214431,-0.034344867,-0.122072697,-0.097839251,0.071309119,-0.048408877,-167.693298340,22.581888199,95.165206909,497.363067627,-2233.553955078,-1833.962158203,-0.160390466,10.143676758,-1.832272172,-1.977969408,-0.029215381,-0.000479457
11.949741517,-0.939746916,-0.966780603,0.961291254,1.169451356,0.304242283,-1.823453546,0.098812684,-0.033805486,-0.118604489,-0.094362989,0.080356136,-0.058623116,14.440711975,-140.094482422,364.987823486,-752.920166016,-3374.023437500,-6037.415527344,-0.017409993,10.135817528,-1.872699380,-2.013899326,-0.029302549,-0.001152920
11.969803542,-0.937909484,-0.967337489,0.959101975,1.167757750,0.305943757,-1.825608253,0.102654666,-0.030621972,-0.122484609,-0.093653165,0.087110795,-0.074384131,137.184478760,-47.649909973,127.896110535,-605.760681152,-3016.648193359,-6630.006835938,0.084529221,10.138593674,-1.932258844,-2.031696558,-0.028048744,-0.001379046
11.989948848,-0.935934067,-0.967848241,0.956831336,1.165857673,0.307676762,-1.827752471,0.110068195,-0.028433524,-0.126222759,-0.106364317,0.090791918,-0.080006428,204.713821411,-101.723632812,196.294281006,-1031.694580078,-3030.498046875,-6355.759765625,0.131423399,10.126555443,-1.944167733,-2.042612553,-0.027023340,-0.001203705
12.010089561,-0.931703568,-0.968973696,0.952508271,1.160666704,0.310572982,-1.830945611,0.114997365,-0.036063209,-0.108868115,-0.163147539,0.073293418,-0.063904434,-324.474700928,-209.322509766,584.788085938,-324.170074463,-449.223419189,-2502.761474609,-0.241271585,10.246154785,-1.658021212,-1.972321391,-0.025586925,-0.000516079
12.030209147,-0.929811060,-0.969487846,0.950391114,1.158753514,0.312047571,-1.832317710,0.105735302,-0.028176671,-0.118579783,-0.105481170,0.070433125,-0.046600815,-202.261611938,12.911712646,114.564674377,528.482177734,-2591.948730469,-2048.807373047,-0.167341396,10.287569046,-1.708265662,-1.979399443,-0.030972963,-0.000454857
12.050273120,-0.927969158,-0.969982147,0.948303938,1.156963587,0.313679427,-1.834166646,0.103159249,-0.027695386,-0.115781561,-0.102283157,0.079137072,-0.056154404,7.579533100,-138.697219849,343.217437744,-738.535217285,-3272.674804688,-5659.193359375,-0.021052686,10.278541565,-1.751624346,-2.014795542,-0.030995987,-0.001090780
12.070416289,-0.926057279,-0.970424891,0.946143806,1.155145407,0.315348238,-1.836207986,0.106791124,-0.024312541,-0.120797478,-0.100761876,0.085455604,-0.070913717,145.754394531,-61.694431305,141.434127808,-713.552612305,-3276.949707031,-6928.479003906,0.084088616,10.279022217,-1.810058713,-2.032903671,-0.029683851,-0.001291403
12.090566034,-0.924009442,-0.970819771,0.943886817,1.153121233,0.317047238,-1.838228464,0.114105657,-0.021981753,-0.125488609,-0.113226630,0.088941887,-0.075804651,207.076309204,-109.316101074,195.412109375,-1085.656250000,-3028.734130859,-6043.020996094,0.135893673,10.265072823,-1.824244261,-2.043967009,-0.028633695,-0.001112561
12.110648550,-0.919631183,-0.971720099,0.939568639,1.147638559,0.319886476,-1.841209888,0.119131207,-0.030211199,-0.108311772,-0.172594681,0.072041504,-0.059547391,-345.412841797,-237.803970337,624.260620117,-352.541168213,-470.918762207,-2433.608398438,-0.246979043,10.366762161,-1.541285992,-1.969707131,-0.027436389,-0.000473896
12.130710186,-0.917666256,-0.972119689,0.937420368,1.145636797,0.321321011,-1.842482090,0.109735206,-0.021868516,-0.120193593,-0.110727012,0.068621397,-0.043674488,-211.388946533,-6.177704334,123.555915833,496.990875244,-2537.527587891,-1861.444580078,-0.175429717,10.406644821,-1.590558052,-1.977031708,-0.032654371,-0.000413880
12.150771187,-0.915757954,-0.972505808,0.935296714,1.143751621,0.322904617,-1.844179869,0.106833480,-0.021640331,-0.117878355,-0.107416809,0.076789945,-0.052017972,-3.892175913,-155.671081543,355.774810791,-785.256530762,-3226.568359375,-5223.109375000,-0.027882375,10.400461197,-1.634408474,-2.013028622,-0.032611050,-0.000982538
12.170859545,-0.913786471,-0.972833872,0.933071017,1.141878247,0.324519664,-1.846045613,0.110105373,-0.017960273,-0.124404542,-0.104018591,0.082610466,-0.065319344,131.961868286,-76.686912537,149.932693481,-763.736206055,-3079.901123047,-6059.830566406,0.081628799,10.402902603,-1.692752004,-2.032403708,-0.031282205,-0.001155061
12.190998644,-0.911683798,-0.973113418,0.930732667,1.139794111,0.326158971,-1.847876906,0.117164835,-0.015557052,-0.130030334,-0.116531186,0.085791394,-0.069358520,201.420776367,-126.496810913,212.607513428,-1177.651245117,-2933.958251953,-5406.747070312,0.137261882,10.391334534,-1.706597328,-2.044039726,-0.030182449,-0.000976660
12.211056876,-0.907197654,-0.973800540,0.926251650,1.134083033,0.328903019,-1.850547910,0.122186847,-0.025071763,-0.111563072,-0.182136387,0.069914937,-0.053119875,-318.360961914,-248.575317383,615.731994629,-389.079498291,-423.136199951,-1967.316162109,-0.250315547,10.483774185,-1.418950558,-1.964964747,-0.029263461,-0.000412365
12.231223663,-0.905177295,-0.974085212,0.923980772,1.132057071,0.330279469,-1.851685762,0.112800546,-0.015537545,-0.126902372,-0.112417862,0.065832935,-0.039631467,-209.124206543,-25.586803436,137.007400513,443.299682617,-2396.286865234,-1566.309082031,-0.179838315,10.525798798,-1.469140053,-1.972919941,-0.034305412,-0.000361398
12.251285331,-0.903214753,-0.974360585,0.921727836,1.130137086,0.331801325,-1.853188038,0.109838031,-0.015438381,-0.125148728,-0.109281585,0.073648706,-0.046595022,-6.677589417,-170.903945923,367.525665283,-853.094116211,-3000.634033203,-4359.019042969,-0.028691711,10.523043633,-1.515006900,-2.011219263,-0.034173276,-0.000839207
12.271432091,-0.901191175,-0.974567413,0.919337451,1.128261447,0.333345771,-1.854825139,0.112997025,-0.011235257,-0.133525699,-0.104309186,0.078929506,-0.058113489,132.250106812,-103.413345337,186.770050049,-932.773010254,-3058.515625000,-5377.157226562,0.083182983,10.528668404,-1.572818160,-2.032075167,-0.032808036,-0.000974975
12.291577321,-0.899037838,-0.974720955,0.916812539,1.126163125,0.334911078,-1.856414557,0.119982310,-0.008530806,-0.140434965,-0.117277198,0.081831329,-0.061079342,196.863159180,-148.350418091,244.426071167,-1319.816406250,-2777.215576172,-4490.827636719,0.142106801,10.519577026,-1.586070180,-2.044407129,-0.031687982,-0.000797403
12.311634232,-0.894447982,-0.975183427,0.911987364,1.120211601,0.337535888,-1.858689308,0.125152960,-0.019978900,-0.118954517,-0.193796158,0.067297630,-0.044889919,-310.774810791,-283.846313477,675.282043457,-484.122253418,-395.615692139,-1570.413208008,-0.252859652,10.605294228,-1.284497738,-1.957617283,-0.031102527,-0.000332684
12.331717157,-0.892373741,-0.975340903,0.909496844,1.118195415,0.338839710,-1.859658360,0.115767740,-0.008546999,-0.138954774,-0.112360217,0.062293313,-0.034594394,-196.229171753,-47.471420288,161.340393066,353.750976562,-2125.824462891,-1146.400146484,-0.184964836,10.650382042,-1.335836053,-1.966154695,-0.035982713,-0.000294218
12.351864369,-0.890361428,-0.975497603,0.907031775,1.116259813,0.340278685,-1.860905766,0.112572677,-0.008774654,-0.137061611,-0.109963611,0.069544010,-0.039672676,-17.568330765,-212.956222534,445.653778076,-1039.271362305,-3020.012695312,-3687.605468750,-0.035372950,10.652150154,-1.381582618,-2.006674051,-0.035745449,-0.000653544
12.372025652,-0.888294876,-0.975567758,0.904383123,1.114439368,0.341734141,-1.862253785,0.115389206,-0.003658429,-0.147843465,-0.101505689,0.074164249,-0.048902385,127.129081726,-139.465026855,249.955810547,-1152.791015625,-3007.463378906,-4372.304687500,0.080734655,10.660840988,-1.441289663,-2.030001163,-0.034390442,-0.000744099
12.392147910,-0.886103094,-0.975580335,0.901582658,1.112372994,0.343205214,-1.863540649,0.122124806,-0.000664978,-0.155811936,-0.115443930,0.076782890,-0.050659228,196.957748413,-187.750061035,316.480834961,-1586.373535156,-2722.289794922,-3559.153320312,0.143550500,10.653867722,-1.454148650,-2.043474436,-0.033219088,-0.000574806
12.412368900,-0.881439686,-0.975797117,0.896265209,1.106210589,0.345677137,-1.865326047,0.127280086,-0.014652960,-0.129566416,-0.206225470,0.063938364,-0.034699500,-313.899475098,-339.906402588,789.882507324,-626.629577637,-375.027221680,-1144.365600586,-0.254591316,10.733934402,-1.135367274,-1.947433710,-0.032956228,-0.000235769
12.432429285,-0.879324317,-0.975806952,0.893465221,1.104270220,0.346894234,-1.866095901,0.118047722,-0.000467974,-0.155902550,-0.108970679,0.057903308,-0.028597409,-228.533981323,-94.952903748,259.209686279,293.695861816,-2412.939453125,-935.520690918,-0.185248256,10.780693054,-1.191028357,-1.957885265,-0.037644248,-0.000212574
12.452488309,-0.877270162,-0.975828588,0.890708566,1.102351665,0.348237425,-1.867041707,0.114866853,-0.001159859,-0.153483912,-0.108661182,0.064743124,-0.031502713,-22.105968475,-263.101440430,543.296325684,-1281.821166992,-2966.126464844,-2689.608886719,-0.037030060,10.785475731,-1.238839269,-2.001247883,-0.037265487,-0.000431463
12.472571463,-0.875166655,-0.975743532,0.887717903,1.100619078,0.349582613,-1.868041158,0.117418751,0.004929112,-0.166771144,-0.096942581,0.068442620,-0.037956730,124.482688904,-198.163772583,362.487915039,-1504.938964844,-2995.811523438,-3148.032226562,0.077682003,10.796318054,-1.297435045,-2.026365519,-0.035896644,-0.000463832
12.492735798,-0.870740116,-0.975804090,0.882135987,1.094896197,0.351833910,-1.869372845,0.120976679,-0.011158627,-0.134825662,-0.199658826,0.058916934,-0.025468804,-282.064880371,-347.638183594,817.960144043,-738.718566895,-321.167846680,-712.195251465,-0.239980459,10.877099991,-1.006219268,-1.943495750,-0.034358341,-0.000146650
12.512920574,-0.868714809,-0.975694060,0.879120827,1.093271017,0.352934986,-1.869945526,0.113091752,0.006018182,-0.167513311,-0.092648111,0.052105382,-0.022785785,-182.174591064,-122.324684143,320.664672852,-3.872143984,-2277.664794922,-461.380035400,-0.152786806,10.921756744,-1.071320891,-1.959577322,-0.038524959,-0.000107247
12.533079211,-0.866717637,-0.975589693,0.876135707,1.091550469,0.354170501,-1.870610356,0.111711860,0.005979056,-0.166478381,-0.097225800,0.059034072,-0.023686368,31.238393784,-275.944854736,572.895629883,-1583.524414062,-2804.510498047,-1599.656494141,0.005421357,10.923262596,-1.130284309,-2.006591797,-0.037995435,-0.000207140
12.553236533,-0.864637911,-0.975347102,0.872845411,1.089993358,0.355406791,-1.871295691,0.116090782,0.013607560,-0.183281213,-0.087620981,0.062580220,-0.027883114,167.138015747,-221.519836426,411.424804688,-1835.270263672,-2676.556396484,-1706.219360352,0.121342003,10.925643921,-1.189359665,-2.033081770,-0.036571093,-0.000194624
12.573298113,-0.862410724,-0.975031614,0.869357347,1.088057399,0.356655389,-1.871891856,0.124049492,0.017660879,-0.194221497,-0.107690439,0.064838909,-0.026874196,44.521144867,-52.709133148,93.561698914,-437.931274414,-475.152679443,-217.292739868,0.179674059,10.911677361,-1.199364305,-2.044767141,-0.035458744,-0.000051271
12.593366306,-0.857629597,-0.974681377,0.862822473,1.081400633,0.358778566,-1.872574925,0.131046548,-0.002451478,-0.155940205,-0.235351056,0.056335121,-0.011669357,-109.389030457,-169.540298462,382.877746582,-334.574768066,-114.947799683,-39.090160370,-0.242993742,10.966578484,-0.836098075,-1.921370745,-0.036091942,-0.000022141
12.613427233,-0.855437517,-0.974359393,0.859285176,1.079614639,0.359787643,-1.872891903,0.122229367,0.017501947,-0.195910797,-0.102867164,0.047593761,-0.015086841,-231.801742554,-231.030838013,523.653625488,-102.340240479,-2176.747558594,62.496700287,-0.189230397,11.009597778,-0.888422072,-1.933353424,-0.040415928,-0.000018163
12.633487637,-0.853311896,-0.974084258,0.855846822,1.077755690,0.360917151,-1.873165607,0.118763678,0.015710134,-0.192156956,-0.103952534,0.053707939,-0.013180468,-38.742641449,-349.538299561,709.905517578,-1595.019775391,-2549.351074219,-114.835075378,-0.048030756,11.017113686,-0.948901772,-1.981846213,-0.040003333,0.000060294
12.653638464,-0.851152003,-0.973658681,0.852057695,1.076284409,0.362024158,-1.873407602,0.120526262,0.023671480,-0.210777596,-0.083676115,0.055828217,-0.013881368,92.356079102,-320.346374512,602.090881348,-2064.403320312,-2449.777832031,103.091362000,0.066874459,11.024988174,-1.007828593,-2.013385773,-0.038560931,0.000152603
12.673799153,-0.848889291,-0.973170817,0.848075449,1.074481606,0.363135159,-1.873547316,0.126058638,0.027352666,-0.221929342,-0.100069553,0.057391800,-0.011099907,167.525741577,-353.847808838,640.256042480,-2508.467285156,-2253.409912109,540.482238770,0.136779189,11.019438744,-1.024540186,-2.029411554,-0.037380021,0.000276674
12.693859363,-0.846493363,-0.972588897,0.843813479,1.072419524,0.364243954,-1.873593092,0.133306757,0.032428753,-0.237117127,-0.114424787,0.057346497,-0.007946231,192.858413696,-386.272186279,685.853942871,-2673.152587891,-2172.629638672,941.962097168,0.162716225,11.008336067,-1.011257291,-2.030010700,-0.037043318,0.000368369
12.713932215,-0.841934919,-0.972087741,0.836660087,1.066292763,0.365905583,-1.873540878,0.121590421,0.025795359,-0.223192528,-0.090011403,0.040729009,-0.006480007,-206.074600220,-308.031372070,669.865539551,-468.043975830,-1766.777709961,651.226562500,-0.193217129,11.137660027,-0.699395716,-1.917658210,-0.041893605,0.000116818
12.734091630,-0.839820325,-0.971683562,0.832762718,1.064589500,0.366896808,-1.873380899,0.118140511,0.023247669,-0.218441889,-0.093928806,0.046493743,-0.001452886,-36.696727753,-384.732391357,781.090270996,-1761.034790039,-2237.227294922,1442.064697266,-0.045744903,11.157935143,-0.770540774,-1.970236063,-0.041405100,0.000381202
12.754242091,-0.837670207,-0.971092165,0.828422606,1.063389182,0.367850512,-1.873135805,0.119996019,0.032704718,-0.240996704,-0.069812134,0.047684107,0.001550855,94.898406982,-407.866699219,787.924987793,-2554.902587891,-2183.090576172,2033.916381836,0.076269820,11.170073509,-0.825109780,-2.007173061,-0.039813515,0.000562998
12.774395197,-0.835413516,-0.970439076,0.823881805,1.061758161,0.368805587,-1.872772217,0.125717640,0.036689345,-0.253281713,-0.089916080,0.048972126,0.006291983,23.006589890,-56.853622437,106.433486938,-394.462341309,-271.751770020,313.820129395,0.149723232,11.171195030,-0.840731144,-2.023192167,-0.038641136,0.000657325
12.794591035,-0.833019733,-0.969675183,0.819018602,1.059849858,0.369749993,-1.872312427,0.133189440,0.042495307,-0.270423591,-0.106089450,0.048548169,0.009749228,194.248184204,-467.941314697,871.255065918,-3129.996582031,-1900.130371094,2585.833740234,0.177342996,11.162603378,-0.817877889,-2.022964239,-0.038235955,0.000733598
12.814675557,-0.827976942,-0.968705595,0.810256541,1.052258134,0.371408284,-1.871306896,0.137837082,0.008776754,-0.204915330,-0.279688835,0.046122450,0.023559317,-118.523017883,-235.692108154,521.460754395,-355.764495850,-86.244537354,574.804016113,-0.274416596,11.240941048,-0.377330989,-1.857747316,-0.040422071,0.000272095
12.834848689,-0.825682819,-0.968017042,0.805435359,1.050829411,0.372121364,-1.870950937,0.127852544,0.036731016,-0.264741629,-0.089131601,0.032916758,0.005149270,-96.916419983,-198.708023071,430.338012695,-364.464691162,-629.736328125,589.818054199,-0.229715183,11.298724174,-0.408536345,-1.879992008,-0.043969765,0.000286054
12.855014248,-0.823482752,-0.967451453,0.800861657,1.049184561,0.372950375,-1.870215774,0.122837961,0.032811578,-0.257310569,-0.088485785,0.037986234,0.014072936,-34.972862244,-192.840606689,398.944244385,-776.311279297,-831.116149902,1449.373168945,-0.087747678,11.340521812,-0.497479379,-1.937945724,-0.043660711,0.000783512
12.875166122,-0.821281016,-0.966666102,0.795765221,1.048271298,0.373714149,-1.869326949,0.122851677,0.043199338,-0.282379895,-0.055734862,0.037742484,0.022056257,18.554174423,-232.511047363,470.136444092,-1309.036376953,-785.346984863,1890.663696289,0.036762379,11.362589836,-0.544556499,-1.984149933,-0.041879963,0.001090042
12.895253179,-0.816756189,-0.965713263,0.786761582,1.042177677,0.375060052,-1.867634892,0.123602629,0.007637321,-0.209100813,-0.247348309,0.038887493,0.037859667,-114.832321167,-248.955184937,570.013122559,-503.256896973,-64.811538696,878.312500000,-0.256634533,11.481776237,-0.191689909,-1.857794523,-0.041971087,0.000412814
12.915323197,-0.814684033,-0.964933157,0.781627536,1.041516066,0.375604182,-1.867017150,0.115642086,0.041243844,-0.280825615,-0.049791757,0.024376988,0.013023391,-68.367881775,-229.969512939,516.158691406,-722.942871094,-558.597290039,810.654663086,-0.168877393,11.537495613,-0.228706077,-1.892227292,-0.044501204,0.000447516
12.935485247,-0.812650323,-0.964266837,0.776745319,1.040273309,0.376276165,-1.865879655,0.113620177,0.038869657,-0.275485426,-0.064181983,0.029629253,0.024816759,0.042648729,-190.571273804,412.525909424,-1003.494873047,-760.620300293,2078.726562500,-0.008456739,11.578918457,-0.331104666,-1.949936867,-0.044022832,0.001111798
12.955629908,-0.810557127,-0.963314176,0.771211803,1.039665580,0.376877517,-1.864536762,0.116817288,0.052192900,-0.305998296,-0.039982289,0.029118029,0.036474012,54.281829834,-261.727081299,553.397277832,-1657.386352539,-698.466552734,2652.161865234,0.120359778,11.584175110,-0.363234341,-1.994644284,-0.042022750,0.001505833
12.975712446,-0.808335364,-0.962280929,0.765454173,1.038382649,0.377479911,-1.863047004,0.123754196,0.058180463,-0.321714222,-0.068872623,0.029848807,0.045357313,82.724609375,-235.971176147,486.722442627,-1639.432617188,-638.968383789,2597.811279297,0.195984513,11.585514069,-0.378202349,-2.005819559,-0.041003462,0.001512628
12.995863125,-0.803558707,-0.960806191,0.755099952,1.031059504,0.378579170,-1.860458136,0.131847471,0.018477894,-0.237992510,-0.294264972,0.033816401,0.056692384,-90.008789062,-259.214843750,598.513000488,-401.794891357,-49.617599487,1192.086791992,-0.209315822,11.659106255,0.069828115,-1.818372369,-0.043211006,0.000550108
13.016001762,-0.801317394,-0.959731102,0.749201536,1.030225158,0.378978461,-1.859473467,0.124891989,0.056406874,-0.320539445,-0.064751618,0.017299281,0.024132166,-64.055305481,-325.559448242,730.405151367,-979.060852051,-459.804321289,1135.159790039,-0.167068630,11.691451073,0.072218239,-1.851605654,-0.045566134,0.000638351
13.036156867,-0.799126029,-0.958836377,0.743697524,1.028777838,0.379508913,-1.857790232,0.122244574,0.052397233,-0.311940044,-0.072018728,0.022122219,0.039690241,-14.382188797,-222.081268311,482.847747803,-969.902343750,-673.155151367,2908.182861328,-0.038732313,11.737169266,-0.053370249,-1.906877279,-0.045711979,0.001479847
13.056309457,-0.796908021,-0.957634628,0.737477958,1.028252721,0.379942924,-1.855847120,0.123679534,0.065597974,-0.343132108,-0.037685566,0.020491675,0.055947173,30.671607971,-343.206359863,735.994506836,-1886.300659180,-585.139160156,3633.826904297,0.072117917,11.733636856,-0.074379697,-1.958673716,-0.043651685,0.001987559
13.076451193,-0.794603407,-0.956370771,0.731061161,1.027111650,0.380370498,-1.853749156,0.128329366,0.071246222,-0.358924776,-0.060204029,0.020426922,0.066610560,57.210872650,-295.226684570,617.654113770,-1810.683715820,-546.951904297,3529.215576172,0.143914431,11.738368034,-0.102474526,-1.972498655,-0.042812403,0.001941096
13.096535056,-0.789770901,-0.954578459,0.719680846,1.019791603,0.381185681,-1.850208521,0.132716775,0.024209144,-0.259484470,-0.301993221,0.027359938,0.076443985,-98.227516174,-263.644683838,600.893371582,-303.403472900,-34.350143433,1488.552368164,-0.243676335,11.826268196,0.336088777,-1.777445793,-0.045366332,0.000693632
13.116681636,-0.787531137,-0.953308761,0.713145018,1.019327998,0.381410360,-1.848853350,0.124821089,0.065939829,-0.352963388,-0.050177217,0.008878655,0.035732642,-74.124053955,-439.206237793,982.607055664,-1383.046020508,-357.270385742,1480.840454102,-0.193903178,11.853852272,0.364755392,-1.821363926,-0.046786658,0.000836255
13.136766655,-0.785354972,-0.952266097,0.707096159,1.018107176,0.381767869,-1.846616626,0.121393532,0.061524324,-0.344301015,-0.056045443,0.012961337,0.054624684,-22.826131821,-243.825103760,529.291809082,-1031.174804688,-563.989257812,3707.385742188,-0.055944938,11.917845726,0.210737675,-1.878346562,-0.047113374,0.001870032
13.156921215,-0.783163309,-0.950888753,0.700248420,1.017878890,0.382010996,-1.844058037,0.122226119,0.074924201,-0.376992732,-0.023328405,0.010607257,0.075936958,24.405057907,-417.255004883,907.610473633,-2201.811279297,-452.853668213,4599.408691406,0.064381354,11.913471222,0.208153993,-1.936095357,-0.044688396,0.002502765
13.177066958,-0.780891836,-0.949445724,0.693186522,1.016985178,0.382242858,-1.841336608,0.126505986,0.081396043,-0.395219356,-0.045827415,0.009909117,0.088416226,54.083179474,-347.396911621,740.737548828,-2043.415161133,-428.174621582,4427.281738281,0.147238120,11.925662041,0.177434161,-1.949217796,-0.043854021,0.002402700
13.197217251,-0.776117682,-0.947414994,0.680791676,1.009606600,0.382751048,-1.836821198,0.131437391,0.028189059,-0.281192958,-0.311091810,0.020279696,0.096585065,-84.109245300,-253.378509521,577.115844727,-205.756011963,-17.693559647,1741.573852539,-0.225776047,12.034197807,0.620359242,-1.737841845,-0.046885021,0.000844924
13.217360743,-0.773884833,-0.945968628,0.673589706,1.009439349,0.382798254,-1.835077286,0.124425285,0.074236654,-0.386354685,-0.040350832,0.000404248,0.047862530,-59.833202362,-516.875549316,1167.165527344,-1693.434570312,-215.942718506,1691.012817383,-0.176120907,12.054645538,0.686888516,-1.790629625,-0.047376029,0.001056602
13.237425141,-0.771704018,-0.944794774,0.666979671,1.008349538,0.382980436,-1.832267642,0.121605322,0.069834143,-0.377867728,-0.044955004,0.003793694,0.070285685,-11.810287476,-169.341079712,372.941131592,-700.046936035,-283.936279297,2909.580810547,-0.042125817,12.137940407,0.508486450,-1.845601082,-0.048047617,0.002275469
13.257580599,-0.769502819,-0.943255424,0.659492195,1.008317828,0.383034647,-1.829075098,0.122726336,0.083448410,-0.411366343,-0.014516358,0.000925403,0.096761897,24.935417175,-485.371368408,1078.501586914,-2460.505126953,-302.308105469,5458.842773438,0.074606732,12.131833076,0.530012548,-1.907138705,-0.045428678,0.003023966
13.277643510,-0.767221212,-0.941643894,0.651779711,1.007595420,0.383072495,-1.825716496,0.127046108,0.090923071,-0.431759149,-0.035783827,-0.000391478,0.110925779,49.580585480,-378.216400146,828.339843750,-2120.558837891,-274.614410400,4976.422363281,0.156004623,12.151040077,0.499837756,-1.918237805,-0.044726513,0.002864566
13.297783367,-0.762747347,-0.939569950,0.638913035,1.002144694,0.383141071,-1.820495844,0.122043207,0.063810192,-0.371774822,-0.103278436,-0.004662816,0.167389184,-46.231307983,-1160.771850586,2666.249023438,-4537.236816406,295.667877197,3697.090820312,-0.148293525,12.207511902,1.140600801,-1.810786128,-0.043533228,0.002462317
13.317860773,-0.760605872,-0.938272715,0.631871819,1.001256108,0.383180678,-1.818191051,0.119329073,0.081387378,-0.412716866,-0.013077431,-0.008440699,0.083382718,-17.605194092,-96.900512695,215.997955322,-330.324127197,-401.996887207,691.144470215,-0.044039149,12.402424812,0.748741508,-1.800469041,-0.050052710,0.000398768
13.338016373,-0.758444190,-0.936701894,0.624179423,1.001020551,0.383124769,-1.814908028,0.120544486,0.084828913,-0.421846122,-0.027345832,-0.005872342,0.086276382,23.862588882,-511.033813477,1163.721435547,-2491.404785156,-225.354873657,4197.851074219,0.077667117,12.367389679,0.836506367,-1.875315189,-0.046520416,0.002584274
13.358557073,-0.756201088,-0.934921920,0.615967989,1.000650287,0.382991761,-1.810996294,0.124924049,0.099514075,-0.457736224,-0.019978192,-0.008991363,0.116624996,51.872161865,-444.955993652,1003.983276367,-2389.864501953,-171.624099731,6237.908203125,0.167884722,12.383298874,0.803104222,-1.889783263,-0.045381743,0.003509029
13.378621821,-0.751447856,-0.932460487,0.601950407,0.993222713,0.382941872,-1.804499388,0.131535396,0.036298439,-0.315694749,-0.321265429,0.007008959,0.137690842,-67.363494873,-245.027755737,568.808837891,-32.904735565,17.119497299,2469.285400391,-0.190321326,12.515333176,1.205607653,-1.658170700,-0.049467515,0.001177517
13.398775487,-0.749185979,-0.930692434,0.593670487,0.993465006,0.382680446,-1.802069068,0.125973597,0.088976219,-0.438604802,-0.029719163,-0.013759933,0.071947500,-121.245513916,-1854.735717773,4295.357421875,-6188.833496094,74.000213623,5323.582031250,-0.152717873,12.509015083,1.350552082,-1.723553300,-0.048247073,0.001368992
13.418927970,-0.746962965,-0.929251909,0.586133301,0.992619395,0.382537693,-1.798247814,0.123854794,0.086487062,-0.433816552,-0.025295991,-0.012582032,0.097916745,-15.294434547,-294.209350586,674.306335449,-1164.136718750,-163.107864380,5659.449707031,-0.029622227,12.614914894,1.124617577,-1.773587823,-0.049378037,0.002946394
13.439072458,-0.744717479,-0.927400768,0.577613592,0.992859483,0.382254571,-1.793891072,0.125131726,0.100014880,-0.466804355,-0.002307136,-0.016108902,0.134530768,21.478332520,-606.443359375,1397.962890625,-2857.942626953,-8.955953598,6946.865234375,0.082406685,12.593942642,1.181706667,-1.840325475,-0.046531100,0.003945749
13.459221301,-0.742396414,-0.925457180,0.568839729,0.992398620,0.381941289,-1.789367914,0.129202306,0.109474644,-0.491014004,-0.021189887,-0.018558979,0.152581558,45.614910126,-510.849182129,1168.404541016,-2607.064697266,1.239764690,6768.402832031,0.161511421,12.611377716,1.153306007,-1.847490668,-0.045894049,0.003699185
13.479285259,-0.737535238,-0.922768474,0.553950787,0.984825253,0.381593883,-1.782083631,0.134130344,0.040236510,-0.333829105,-0.325004429,-0.000573023,0.153185025,-75.893211365,-235.759628296,542.290710449,192.359649658,28.878536224,2721.929443359,-0.215724081,12.766972542,1.549698353,-1.597892284,-0.051195923,0.001223080
13.499347478,-0.735236526,-0.920855761,0.545127094,0.985272884,0.381175816,-1.779234648,0.128004834,0.095011778,-0.463828802,-0.025357027,-0.020600196,0.084255360,-57.103332520,-909.536376953,2124.715332031,-2946.425537109,186.909942627,2615.125976562,-0.178295016,12.749876976,1.743966818,-1.673745513,-0.048878178,0.001614411
13.519409381,-0.732989311,-0.919308603,0.537138999,0.984603643,0.380852044,-1.774847627,0.125165269,0.093452662,-0.461410880,-0.012734061,-0.021093000,0.114404164,-61.306632996,-792.151672363,1838.897827148,-2948.867675781,50.633304596,15737.418945312,-0.054228742,12.876770973,1.492022395,-1.722690582,-0.049971420,0.003344677
13.539562927,-0.730733573,-0.917349100,0.528159440,0.984977663,0.380388469,-1.769878864,0.125682548,0.105756044,-0.491573155,0.004308885,-0.024924483,0.155782282,12.227824211,-709.021850586,1659.417724609,-3168.350830078,185.548370361,8099.181152344,0.062332142,12.857813835,1.568355918,-1.791690946,-0.047072917,0.004385086
13.559717058,-0.728414834,-0.915273786,0.518879890,0.984721184,0.379882067,-1.764746428,0.129079178,0.116651684,-0.518788397,-0.010780470,-0.028176460,0.174698725,37.006214142,-576.022583008,1342.747192383,-2771.271728516,194.435729980,7418.448242188,0.151092067,12.880123138,1.544411421,-1.799532294,-0.046285249,0.004101582
13.579863454,-0.723573029,-0.912442565,0.503326237,0.977281690,0.379226714,-1.756511807,0.133683205,0.042618111,-0.347706437,-0.320632368,-0.008651088,0.172304630,-171.344207764,-515.375305176,1187.477416992,808.679504395,128.909530640,7274.001464844,-0.210478216,13.063041687,1.905747414,-1.543583632,-0.052388608,0.001356458
13.599936242,-0.721272647,-0.910403848,0.494025916,0.977924824,0.378657877,-1.753257871,0.128081143,0.100030929,-0.485282272,-0.020459179,-0.026999723,0.097800024,-133.836975098,-2655.373535156,6273.737792969,-8427.296875000,906.933227539,7377.215332031,-0.168556452,13.032839775,2.148519993,-1.626665235,-0.049027156,0.001795775
13.620020319,-0.719015658,-0.908750415,0.485625178,0.977404535,0.378148675,-1.748319268,0.125673756,0.100273840,-0.486634552,-0.002453419,-0.029288605,0.130568668,-55.993804932,-857.959594727,2032.065429688,-3116.221191406,584.194213867,17218.527343750,-0.043192051,13.173689842,1.877330780,-1.672451258,-0.049792238,0.003712198
13.640164520,-0.716744423,-0.906680644,0.476230651,0.977823734,0.377506882,-1.742731929,0.126515970,0.111695081,-0.514072180,0.006697879,-0.033421434,0.176987231,30.284017563,-1873.827148438,4457.405273438,-7984.686523438,983.976684570,21518.177734375,0.074495897,13.152184486,1.972201824,-1.739837050,-0.046988301,0.004813716
13.660314984,-0.714406669,-0.904475093,0.466506124,0.977645159,0.376814187,-1.736993074,0.130112171,0.123696521,-0.543052018,-0.007353701,-0.037136633,0.197306678,93.280471802,-1661.703125000,3946.636474609,-7520.464843750,1070.405883789,20863.789062500,0.164015472,13.173849106,1.957935572,-1.745034099,-0.046100974,0.004488625
13.680462478,-0.709517121,-0.901494563,0.450405508,0.970265269,0.375859976,-1.727845311,0.135190889,0.045451604,-0.358871013,-0.315639675,-0.016783511,0.190573752,-98.343345642,-285.252502441,658.881835938,728.494018555,130.338195801,4930.125000000,-0.201343209,13.376954079,2.278673649,-1.483591557,-0.053282376,0.001473730
13.700523322,-0.707180381,-0.899341702,0.440728515,0.971002460,0.375160515,-1.724201441,0.130063623,0.104487352,-0.501378536,-0.019738968,-0.032237031,0.111330137,-77.862495422,-1812.653686523,4326.536621094,-5527.273437500,826.648010254,4855.411132812,-0.163470715,13.332223892,2.567914724,-1.571350336,-0.049117412,0.001929964
13.720672542,-0.704882979,-0.897584677,0.431994647,0.970608532,0.374471068,-1.718745112,0.127865955,0.106752180,-0.506980658,0.005389167,-0.036505979,0.146204352,-38.682723999,-611.928527832,1475.733642578,-2123.872070312,784.129821777,12101.822265625,-0.041709926,13.482559204,2.281614304,-1.614760756,-0.049278796,0.004036786
13.740821775,-0.702571094,-0.895412207,0.422279060,0.971052408,0.373658657,-1.712563753,0.128739119,0.117337577,-0.531651855,0.008486530,-0.041225184,0.197357401,8.934708595,-827.502746582,1996.310791016,-3336.102294922,653.033569336,9570.564453125,0.075989619,13.457710266,2.388275385,-1.680462956,-0.046695661,0.005192551
13.760970972,-0.700194716,-0.893086076,0.412209064,0.970933080,0.372789264,-1.706240058,0.132234752,0.130152643,-0.561670601,-0.005086406,-0.045291405,0.219393045,31.560222626,-706.109069824,1702.926269531,-2990.885253906,658.788940430,8664.643554688,0.166170016,13.476026535,2.382571697,-1.683908343,-0.045695458,0.004837967
13.781124610,-0.695234060,-0.889963984,0.395730287,0.963703215,0.371544331,-1.696228504,0.137199238,0.048371337,-0.366169482,-0.306468844,-0.025030052,0.207744882,-158.750396729,-416.007537842,958.980468750,1528.934692383,326.822113037,8836.863281250,-0.202041671,13.694222450,2.655153751,-1.421717405,-0.053981103,0.001582588
13.801221539,-0.692856669,-0.887708604,0.385779321,0.964491010,0.370731145,-1.692206383,0.132283702,0.108494364,-0.512215316,-0.019682633,-0.036554839,0.124695934,-118.615341187,-2998.224609375,7215.338378906,-8691.355468750,1672.038452148,7786.520996094,-0.165848300,13.634346008,2.985720634,-1.511967659,-0.049169522,0.002024741
13.821395112,-0.690517247,-0.885849953,0.376789838,0.964211226,0.369863868,-1.686254978,0.130154774,0.112917751,-0.522522271,0.011473269,-0.042869300,0.161560133,-28.163309097,-435.316680908,1064.612792969,-1437.966064453,809.614013672,8399.545898438,-0.043898992,13.789165497,2.689471483,-1.553401470,-0.048328526,0.004331397
13.841457720,-0.688164115,-0.883589566,0.366861373,0.964624941,0.368887573,-1.679513216,0.130998999,0.122316904,-0.543614805,0.007948976,-0.048382513,0.217120886,4.512533665,-873.511840820,2131.171386719,-3310.362304688,930.823303223,10232.824218750,0.075261250,13.761034012,2.804437160,-1.615124106,-0.046052273,0.005517100
13.861641676,-0.685749054,-0.881166816,0.356573582,0.964498878,0.367854029,-1.672656178,0.134357244,0.135261849,-0.573145151,-0.006352672,-0.052555081,0.240459129,27.704971313,-799.738037109,1951.307739258,-3144.233642578,969.865905762,9619.355468750,0.165730819,13.775304794,2.808955193,-1.615638494,-0.044976953,0.005116291
13.881727439,-0.681046903,-0.878269494,0.340729117,0.959801972,0.366553992,-1.664607167,0.127793655,0.109156474,-0.509222448,-0.002788208,-0.039336845,0.133425757,-53.630676270,-1415.374023438,3442.426513672,-4093.489746094,898.623168945,3469.318115234,-0.168218717,13.937992096,3.317062855,-1.482213140,-0.049399085,0.002024537
13.901811919,-0.678780973,-0.876352787,0.331717998,0.959690094,0.365547001,-1.658315659,0.126076341,0.116631523,-0.524978518,0.020938344,-0.047386527,0.171630442,-24.736499786,-441.109436035,1105.262451172,-1537.354614258,1075.319580078,8785.511718750,-0.023583112,14.085887909,3.011786222,-1.517237544,-0.047236469,0.004527058
13.921989770,-0.676486909,-0.874028444,0.321784854,0.960022449,0.364443421,-1.651180744,0.127717823,0.125922978,-0.543970346,0.004768967,-0.053738017,0.231125042,11.202189445,-904.145568848,2234.490722656,-3339.718261719,1186.761108398,10876.370117188,0.110705510,14.042107582,3.137635946,-1.568741798,-0.045038387,0.005743267
13.942137125,-0.674111724,-0.871497631,0.311413914,0.959841490,0.363277048,-1.643915415,0.132148907,0.140858427,-0.576802492,-0.010441323,-0.058157254,0.255831331,37.668193817,-847.536560059,2091.227294922,-3184.699462891,1225.923583984,10122.049804688,0.215274513,14.037299156,3.151038647,-1.563985229,-0.043641038,0.005330937
13.962196554,-0.670205295,-0.868414164,0.297417670,0.955353200,0.361894071,-1.634640813,0.140446857,0.074730687,-0.413982719,-0.264727235,-0.035410590,0.136431411,0.110550828,-4.372770309,10.622194290,-13.094711304,1.531345606,-7.572715282,0.057465930,14.047185898,3.478883505,-1.433990479,-0.054803081,-0.004391359
13.982259388,-0.666642785,-0.865673006,0.284666330,0.953530788,0.360559404,-1.627891779,0.136152834,0.115743019,-0.515585899,-0.025229329,-0.042081285,0.147280142,-34.840148926,-1197.197387695,2908.634033203,-3060.623046875,873.001586914,2993.292236328,-0.127641812,14.159080505,3.710099936,-1.393579006,-0.048466329,0.002080503
14.002404565,-0.664211929,-0.863643527,0.275528014,0.953314424,0.359398633,-1.621176124,0.135126382,0.122862399,-0.531994462,0.012490570,-0.051496558,0.186883181,-67.762825012,-1311.831909180,3254.371337891,-3807.145751953,3770.504638672,24422.675781250,-0.013940271,14.306620598,3.408715963,-1.430929303,-0.045199666,0.004720370
14.022466938,-0.661754966,-0.861245036,0.265539855,0.953585386,0.358155400,-1.613571405,0.136675477,0.130262777,-0.547491252,0.002478664,-0.059065111,0.248468384,6.987254620,-2441.025390625,6028.259765625,-8075.260742188,3914.127441406,29458.250000000,0.098360196,14.267379761,3.529589176,-1.483855724,-0.043670714,0.005929630
14.042611520,-0.659230351,-0.858668387,0.255168647,0.953407764,0.356859118,-1.605862379,0.140386686,0.143357217,-0.576666951,-0.010647256,-0.063348502,0.274114937,57.099891663,-2166.296875000,5345.059082031,-7333.004882812,3741.553466797,25700.470703125,0.184447274,14.267777443,3.543933630,-1.481987715,-0.042568833,0.005488438
14.062853759,-0.653975427,-0.855235815,0.238660485,0.946957946,0.354880154,-1.593840122,0.145472050,0.055632174,-0.362743109,-0.263924479,-0.047220584,0.247118220,-6.589087486,-13.191743851,28.781410217,84.892295837,34.156269073,451.425292969,-0.205743372,14.500277519,3.671098948,-1.244558573,-0.054088295,0.001854132
14.082963411,-0.651439250,-0.852778912,0.228547499,0.947676122,0.353839725,-1.588864207,0.140995473,0.116902992,-0.513823628,-0.020419901,-0.044100843,0.158873618,-144.603973389,-3860.997802734,9394.901367188,-9176.044921875,3210.512451172,9724.421875000,-0.174006626,14.405926704,4.072313786,-1.330275655,-0.048489217,0.002100581
14.103155999,-0.648937583,-0.850728869,0.219439387,0.947482169,0.352528125,-1.581741810,0.139024422,0.124256283,-0.530928850,0.012230146,-0.055259626,0.201116934,-101.051002502,-1295.559448242,3224.815429688,-3553.061035156,4544.111816406,24618.044921875,-0.053365756,14.558355331,3.776237488,-1.364026904,-0.043606061,0.004915853
14.123309100,-0.646424890,-0.848319948,0.209508970,0.947648406,0.351146519,-1.573703408,0.139758334,0.130882904,-0.544324517,-0.002211034,-0.064303055,0.265106171,-17.207715988,-1686.628051758,4180.504882812,-5164.818847656,3233.588867188,20810.675781250,0.068496503,14.521888733,3.908595324,-1.409733891,-0.042386577,0.006101668
14.143459690,-0.643855870,-0.845732510,0.199201822,0.947368979,0.349714994,-1.565565944,0.142847836,0.143855393,-0.572843373,-0.016430251,-0.068667181,0.291429669,30.443302155,-2027.558227539,5022.678710938,-6298.885742188,4133.714355469,24376.503906250,0.166877180,14.525908470,3.930112123,-1.404320359,-0.041156475,0.005630248
14.163520569,-0.638530672,-0.842319727,0.182950348,0.941174865,0.347500265,-1.552956223,0.147363350,0.055163976,-0.355609417,-0.247846320,-0.054628447,0.258516669,-170.455047607,-332.869812012,726.552001953,2100.149414062,1077.931884766,11953.640625000,-0.214172333,14.771623611,4.024827957,-1.179776669,-0.053681143,0.001932800
14.183602226,-0.635959625,-0.839893579,0.173020601,0.941704631,0.346408129,-1.547735572,0.142899513,0.115328230,-0.503873110,-0.025509791,-0.045711964,0.169060722,-163.156570435,-4138.891113281,10094.087890625,-8912.785156250,3888.214111328,10457.753906250,-0.181366235,14.682728767,4.433919430,-1.256992221,-0.048101034,0.002028385
14.203760044,-0.633421838,-0.837864399,0.164084584,0.941442311,0.344964802,-1.540324211,0.140995353,0.122933932,-0.520933092,0.005739795,-0.058133304,0.211717978,-122.042755127,-1452.072265625,3644.934082031,-3638.166992188,6027.444335938,28157.244140625,-0.055234447,14.837349892,4.153396606,-1.288235903,-0.041590910,0.004996252
14.223823116,-0.630871058,-0.835488200,0.154373065,0.941468477,0.343463421,-1.531955123,0.141847745,0.129189909,-0.532438397,-0.008752856,-0.068535984,0.277634591,-32.972621918,-2493.241699219,6217.038085938,-6981.582031250,5639.323730469,31926.570312500,0.072436765,14.806305885,4.290669918,-1.328243375,-0.040665936,0.006195378
14.243974884,-0.628261507,-0.832944453,0.144332528,0.941057622,0.341921687,-1.523500919,0.145079821,0.141487956,-0.558148861,-0.023492437,-0.072867513,0.304931045,25.523063660,-1998.961791992,4985.390625000,-5658.827636719,4780.977539062,24986.304687500,0.174726933,14.815924644,4.314771652,-1.320645213,-0.039474908,0.005699156
14.264032862,-0.622845232,-0.829584122,0.128595814,0.935232282,0.339510173,-1.510447383,0.150027677,0.054331791,-0.342314035,-0.228674531,-0.060897533,0.266950190,-147.474426270,-296.629455566,672.869079590,1763.452392578,1154.228637695,11164.102539062,-0.208579734,15.062685013,4.378777027,-1.115681767,-0.053004041,0.002002682
14.284179873,-0.620219588,-0.827183545,0.118953340,0.935608387,0.338372082,-1.504995465,0.145901710,0.114442207,-0.489210755,-0.027861862,-0.046952590,0.177754492,-148.151855469,-3688.922851562,9026.767578125,-7189.924316406,3955.486328125,9667.341796875,-0.175470501,14.975000381,4.782116890,-1.185077429,-0.047356915,0.001978728
14.304355924,-0.617620766,-0.825170219,0.110304765,0.935251892,0.336809665,-1.497309566,0.144349188,0.121888079,-0.504509568,-0.001989463,-0.060729459,0.221824870,-111.151512146,-1259.668579102,3204.343994141,-2926.155029297,6240.353027344,26072.718750000,-0.046356242,15.123607635,4.515600681,-1.213212967,-0.039415702,0.005084935
14.324526194,-0.615003407,-0.822811544,0.100911446,0.935112715,0.335202634,-1.488644242,0.145518512,0.128236875,-0.514808476,-0.016894143,-0.072295062,0.289347202,-34.017318726,-2369.437011719,5947.068847656,-6061.339843750,6216.914062500,31875.708984375,0.082885347,15.089833260,4.657046318,-1.246705890,-0.038815409,0.006272083
14.344678337,-0.612322092,-0.820287049,0.091218784,0.934555113,0.333557546,-1.479888201,0.149048015,0.140496820,-0.539004862,-0.031385954,-0.076730259,0.317321688,27.016891479,-2135.143066406,5361.154785156,-5501.219726562,5954.753417969,28241.236328125,0.188321695,15.097510338,4.678678513,-1.237203002,-0.037572488,0.005761048
14.364821705,-0.606750309,-0.816932082,0.076158635,0.929029882,0.330975235,-1.466444612,0.154428408,0.055145998,-0.325489342,-0.211027637,-0.066300578,0.274400771,-8.172575951,-18.345779419,43.300491333,88.380920410,73.584877014,646.897399902,-0.208911180,15.326395988,4.716689110,-1.051292300,-0.052256037,0.002055669
14.384972504,-0.604041696,-0.814540267,0.066900812,0.929219365,0.329792112,-1.460785627,0.150478393,0.114995129,-0.470439702,-0.031302758,-0.048157822,0.185428739,-167.968948364,-3886.708740234,9527.743164062,-6759.599121094,4796.067382812,10783.912109375,-0.177242070,15.238302231,5.099437237,-1.112219572,-0.046395682,0.001925427
14.405133499,-0.601357639,-0.812542915,0.058671780,0.928717196,0.328127891,-1.452880144,0.149053082,0.120807268,-0.480679542,-0.012400451,-0.063254863,0.230605409,-128.444213867,-1271.244506836,3271.150390625,-2691.633300781,7528.626953125,29006.205078125,-0.049145665,15.376231194,4.847341061,-1.136823058,-0.037419856,0.005141072
14.425283686,-0.598654687,-0.810199022,0.049714297,0.928401530,0.326435477,-1.443995953,0.150248945,0.127317771,-0.490361512,-0.025937920,-0.075462863,0.298659086,-41.083652496,-2203.518554688,5551.365722656,-5085.669921875,6567.576171875,31286.056640625,0.079129785,15.336383820,4.992168903,-1.164553046,-0.037157796,0.006296461
14.445429495,-0.595888615,-0.807713628,0.040533915,0.927671373,0.324707806,-1.435038924,0.153733328,0.138590619,-0.511198699,-0.040357247,-0.079939656,0.326467782,18.548273087,-2087.394531250,5265.117187500,-4844.010253906,6771.749023438,29854.560546875,0.184177056,15.342933655,5.005583286,-1.153274179,-0.035898931,0.005759316
14.465496701,-0.590154648,-0.804364443,0.026355149,0.922475755,0.321991056,-1.421338081,0.158849791,0.056318361,-0.304132253,-0.192732692,-0.070454173,0.279136002,-150.114715576,-360.653045654,870.217407227,1342.786987305,1408.274902344,11618.299804688,-0.224249348,15.543793678,5.023762703,-0.989113748,-0.051543783,0.002092628
14.485563586,-0.587368727,-0.802010775,0.017648278,0.922450304,0.320771813,-1.415555000,0.154744700,0.114446200,-0.443770021,-0.035883907,-0.049268957,0.190794989,-8.150873184,-161.555099487,396.051605225,-246.865783691,230.412719727,483.588012695,-0.194633633,15.459250450,5.374154091,-1.040729523,-0.045442339,0.001853819
14.505711749,-0.584610999,-0.800051630,0.009978745,0.921800733,0.319032669,-1.407538533,0.153130412,0.118211143,-0.448369920,-0.023225289,-0.065422773,0.235894650,-135.132781982,-1094.427978516,2842.342285156,-2091.574218750,7653.252441406,27858.080078125,-0.065824576,15.584010124,5.142417908,-1.062429786,-0.035826057,0.005131270
14.525799327,-0.581838012,-0.797742724,0.001585754,0.921318293,0.317276001,-1.398529768,0.154127285,0.125286683,-0.458817929,-0.034447759,-0.077867694,0.303971201,-60.376987457,-2408.619384766,6078.767089844,-4993.847167969,8082.628906250,36531.410156250,0.066331759,15.539377213,5.286750793,-1.085478663,-0.035693064,0.006272533
14.545964041,-0.579004943,-0.795325816,-0.006938971,0.920416057,0.315482855,-1.389459252,0.157447889,0.135131717,-0.475603461,-0.049313683,-0.082612298,0.331958324,1.484277248,-332.241882324,840.930297852,-693.674011230,1257.091186523,5270.170898438,0.174852237,15.546061516,5.290030003,-1.073205590,-0.034349211,0.005732094
14.566129044,-0.573143721,-0.792002141,-0.020062538,0.915525198,0.312663913,-1.375609756,0.162331179,0.057364691,-0.279145718,-0.175751448,-0.073430046,0.281716436,-148.223739624,-382.859466553,933.247253418,1087.417846680,1424.266113281,11330.721679688,-0.236295626,15.713028908,5.295720100,-0.930382490,-0.050694048,0.002119678
14.586189114,-0.570294619,-0.789695084,-0.028140331,0.915287733,0.311401546,-1.369718909,0.158239320,0.113643520,-0.413292140,-0.040891409,-0.050689127,0.194727868,-156.249710083,-2706.986083984,6629.534667969,-3609.606445312,4528.761718750,9044.497070312,-0.201164514,15.633399963,5.607033730,-0.973795533,-0.044070896,0.001817482
14.606261666,-0.567472398,-0.787783206,-0.035176285,0.914476335,0.309598505,-1.361612558,0.156710669,0.115000837,-0.411688209,-0.034676887,-0.067932293,0.240277976,-8.437015533,-59.304374695,155.332733154,-102.960166931,489.923767090,1727.774902344,-0.067723230,15.744222641,5.397862911,-0.992687821,-0.034197181,0.005138847
14.626331607,-0.564633310,-0.785531163,-0.042905450,0.913792133,0.307794660,-1.352542520,0.157793418,0.122134119,-0.421990424,-0.044713203,-0.080094367,0.307787418,-48.792057037,-1741.107543945,4395.419921875,-3228.489990234,6541.976562500,28682.458984375,0.066277161,15.697805405,5.539317608,-1.010482907,-0.034235824,0.006226614
14.646394511,-0.561732352,-0.783200741,-0.050690908,0.912704408,0.305950075,-1.343427181,0.161216751,0.130574256,-0.435122639,-0.059313647,-0.084951654,0.334831804,7.670272350,-1679.475219727,4261.504882812,-3141.456542969,7381.816894531,29928.755859375,0.177498430,15.705714226,5.534698009,-0.997704804,-0.032777064,0.005672405
14.666453142,-0.555732846,-0.779939651,-0.062605217,0.908031523,0.303068608,-1.329570532,0.166156068,0.057997812,-0.251501143,-0.161144361,-0.074999452,0.281564027,-147.336563110,-416.870666504,1017.297668457,894.126586914,1417.724609375,11110.366210938,-0.244996980,15.838558197,5.534949780,-0.874134362,-0.049765654,0.002111534
14.686596692,-0.552814841,-0.777727723,-0.069910750,0.907551169,0.301774532,-1.323672414,0.162051186,0.110493764,-0.375688970,-0.048055168,-0.052000120,0.195784658,-168.283966064,-2449.225585938,5988.486328125,-2787.544921875,4844.322753906,9290.710937500,-0.211818010,15.770890236,5.799866199,-0.909454226,-0.042725231,0.001756303
14.706752349,-0.549924195,-0.775880873,-0.076248080,0.906597257,0.299931884,-1.315554857,0.160522640,0.110407799,-0.370424271,-0.045342885,-0.069878154,0.241061628,-128.626831055,-788.845825195,2081.676025391,-1246.205810547,7485.702148438,25972.312500000,-0.072719723,15.867312431,5.621462822,-0.927304029,-0.032873526,0.005104908
14.726827213,-0.547015131,-0.773707628,-0.083238922,0.905719697,0.298089683,-1.306458116,0.161684379,0.117941953,-0.381460041,-0.054422263,-0.081872739,0.308963835,-54.717182159,-1759.060791016,4446.448242188,-2943.555664062,7498.943847656,32354.148437500,0.067386016,15.823966980,5.753301620,-0.941295207,-0.032764770,0.006194294
14.746905942,-0.544041634,-0.771488488,-0.090204544,0.904438257,0.296204984,-1.297336698,0.165248334,0.124605015,-0.390062809,-0.069904141,-0.087129571,0.336079776,9.217212677,-1398.441406250,3564.259765625,-2366.942871094,7196.146972656,28791.750000000,0.181577042,15.834517479,5.743560314,-0.928309202,-0.031300720,0.005631366
14.766992045,-0.537890971,-0.768304706,-0.100828305,0.899890780,0.293281615,-1.283520937,0.170366377,0.058565818,-0.222401619,-0.150116071,-0.075726844,0.280517727,-57.520954132,-170.559402466,416.118438721,299.942993164,549.518371582,4295.492187500,-0.251748443,15.931978226,5.741715431,-0.820847869,-0.048720013,0.002097186
14.787054164,-0.534896135,-0.766199291,-0.107312754,0.899163902,0.291951686,-1.277632475,0.166309923,0.106658109,-0.335209548,-0.056575827,-0.053681977,0.195903450,-175.026321411,-2123.867431641,5187.196289062,-2030.166015625,5035.463378906,9416.383789062,-0.218722433,15.877259254,5.960824966,-0.849586904,-0.041225705,0.001716692
14.807209792,-0.531929135,-0.764442682,-0.112869650,0.898035526,0.290092111,-1.269577742,0.164772063,0.104439400,-0.324702650,-0.057214167,-0.071722202,0.240320325,-136.198898315,-709.352416992,1892.752319336,-1013.910644531,7787.047851562,27079.080078125,-0.080425389,15.962565422,5.813016415,-0.865706623,-0.031905383,0.005038243
14.827405623,-0.528944135,-0.762376726,-0.119033284,0.896947861,0.288234115,-1.260559797,0.165903598,0.112173639,-0.335994512,-0.065199330,-0.083014444,0.306882977,-54.002731323,-1483.264282227,3760.597167969,-2241.082763672,7177.984375000,30854.248046875,0.061092723,15.925937653,5.934607029,-0.876430452,-0.031634431,0.006093273
14.847465702,-0.525894225,-0.760285378,-0.125117928,0.895477653,0.286322027,-1.251499295,0.169503003,0.117595091,-0.341309816,-0.080490083,-0.088680163,0.333680928,0.347788572,-40.451034546,103.974563599,-62.668533325,246.122421265,980.638549805,0.180491626,15.940437317,5.921968937,-0.864406228,-0.030005619,0.005561011
14.867549076,-0.519928873,-0.757393837,-0.133993149,0.891938150,0.283995360,-1.241012812,0.163005069,0.101790130,-0.296141416,-0.060801893,-0.054631859,0.193381980,-183.965225220,-1740.964965820,4274.028808594,-1536.928344727,4816.972656250,8469.346679688,-0.251252174,15.962445259,6.073074818,-0.809228659,-0.040548217,0.001582882
14.887690043,-0.517025769,-0.755720913,-0.138843164,0.890679777,0.282134652,-1.233079553,0.161283091,0.099001743,-0.283513814,-0.065764949,-0.072850399,0.235841975,-3.425194740,-15.276213646,41.859107971,-22.336711884,195.461181641,681.968200684,-0.083168514,16.035242081,5.948189735,-0.822484970,-0.031303212,0.004930710
14.907776889,-0.514098525,-0.753751278,-0.144256502,0.889408052,0.280269742,-1.224170804,0.162739441,0.107028589,-0.294841200,-0.074633330,-0.083826557,0.302649140,-39.452770233,-1292.421386719,3304.668457031,-1847.660644531,7061.452148438,30631.330078125,0.082655475,16.001018524,6.058864117,-0.829578102,-0.030572454,0.006021669
14.927918136,-0.511093616,-0.751774430,-0.149538785,0.887763381,0.278351456,-1.215247989,0.167034477,0.111267515,-0.296798557,-0.090190999,-0.089655325,0.329375565,33.800285339,-993.499206543,2589.736328125,-1450.773925781,7026.280761719,28283.074218750,0.217831880,16.014970779,6.044009686,-0.817170084,-0.028825520,0.005477136
14.947975697,-0.504823327,-0.748756111,-0.157530889,0.883248746,0.275409639,-1.201761723,0.174191102,0.060251124,-0.164468735,-0.137203723,-0.074823759,0.273621082,-121.081260681,-417.950927734,1024.393554688,674.875183105,1346.979736328,10675.756835938,-0.214230597,16.038129807,6.035707951,-0.733155608,-0.046108656,0.002051366
14.968086707,-0.501740456,-0.746875703,-0.162334919,0.882104874,0.274029195,-1.196033001,0.171197966,0.097725004,-0.250553548,-0.072976537,-0.056878451,0.191462070,-146.727600098,-1414.157958984,3465.559082031,-905.614562988,4850.598632812,8909.701171875,-0.181271464,16.003873825,6.174072742,-0.754232526,-0.038131643,0.001643747
14.988203266,-0.498668224,-0.745271206,-0.166383281,0.880698502,0.272177309,-1.188217878,0.170651615,0.093981601,-0.236011446,-0.075971588,-0.074036635,0.233671919,-101.494697571,-499.161102295,1379.980957031,-633.983276367,7116.549804688,25436.718750000,-0.040844858,16.066530228,6.080843925,-0.769947052,-0.030023655,0.004866885
15.008359561,-0.495560497,-0.743423760,-0.170866206,0.879229307,0.270319462,-1.179495215,0.172727078,0.100751013,-0.244367614,-0.084792435,-0.084259853,0.297637850,-30.046669006,-1144.303588867,2954.847900391,-1528.868652344,7425.631835938,32514.029296875,0.096910313,16.044624329,6.171833992,-0.776482105,-0.029370660,0.005870393
15.028419061,-0.492372960,-0.741581202,-0.175187156,0.877406716,0.268409878,-1.170765877,0.177152246,0.103649013,-0.242996439,-0.100428864,-0.089976855,0.322463423,35.281085968,-829.276733398,2201.551269531,-1161.486450195,7071.191406250,28766.261718750,0.209323198,16.061435699,6.160412788,-0.765897155,-0.027949044,0.005332747
15.048490432,-0.485764295,-0.738670707,-0.181634963,0.872811377,0.265515417,-1.157621741,0.183127970,0.061333373,-0.131452665,-0.133820385,-0.072585784,0.266721576,-167.888839722,-440.142181396,1069.958984375,770.312255859,1459.179809570,11722.419921875,-0.273724914,16.046453476,6.146755219,-0.690611541,-0.045472775,0.001983027
15.068553892,-0.482540190,-0.736933231,-0.185455024,0.871456981,0.264123738,-1.152042747,0.179032475,0.091552228,-0.200133339,-0.082200184,-0.057997335,0.186462253,-181.547546387,-1090.028076172,2680.827392578,-500.063568115,4751.526855469,8753.250976562,-0.251228124,16.024959564,6.246531487,-0.709612429,-0.037512220,0.001593546
15.088667582,-0.479350477,-0.735428333,-0.188624635,0.869897008,0.262305826,-1.144450545,0.177195281,0.087373190,-0.184602231,-0.085816465,-0.074255697,0.227267340,-130.663681030,-387.356292725,1102.390258789,-484.047973633,6545.327148438,24030.998046875,-0.115329728,16.080245972,6.181461811,-0.725566268,-0.030286986,0.004721280
15.108752892,-0.476148576,-0.733724475,-0.192119941,0.868219495,0.260467529,-1.135986567,0.177971736,0.093198910,-0.190519020,-0.095710248,-0.084120125,0.288981527,-59.973972321,-818.777648926,2159.209228516,-1086.417114258,6564.625000000,29256.201171875,0.024094883,16.070873260,6.255358696,-0.730803788,-0.029310163,0.005687408
15.128901191,-0.472889215,-0.732037127,-0.195420831,0.866197348,0.258580416,-1.127539635,0.181161016,0.094869554,-0.185928106,-0.111729585,-0.089852735,0.312520444,4.208463192,-612.813598633,1686.785522461,-869.114318848,6635.465332031,27565.001953125,0.140338108,16.091129303,6.247682571,-0.720924377,-0.027971292,0.005152709
15.148963227,-0.469536871,-0.730317593,-0.198644966,0.863956511,0.256674677,-1.119213462,0.186298534,0.095578715,-0.179156885,-0.124516554,-0.092195131,0.311105490,1.721212745,-21.274454117,57.261489868,-23.872190475,196.070968628,765.605346680,0.228698447,16.093578339,6.278743744,-0.707993984,-0.027309684,0.004677322
15.169097241,-0.462948114,-0.727650106,-0.203083158,0.859905481,0.254320502,-1.109410644,0.180200636,0.084976315,-0.147676364,-0.091157638,-0.059518516,0.180427939,-172.078704834,-675.476745605,1679.740234375,-158.911651611,3903.748046875,7271.565429688,-0.295581013,16.026008606,6.294088840,-0.671066523,-0.036775999,0.001540451
15.189249952,-0.459748298,-0.726238251,-0.205365062,0.858202398,0.252532899,-1.102073550,0.177804127,0.081204668,-0.132884458,-0.094822153,-0.074635871,0.219503045,-137.321197510,-283.542633057,858.039123535,-382.742919922,6109.034179688,23043.175781250,-0.143603057,16.075654984,6.252641201,-0.688234210,-0.030083612,0.004559875
15.209397391,-0.456540525,-0.724675775,-0.207848877,0.856322169,0.250710070,-1.093902230,0.178331390,0.085787371,-0.135368243,-0.106452607,-0.084283188,0.279016823,-60.334556580,-578.285827637,1596.307373047,-837.109130859,6202.246093750,28215.394531250,0.010180479,16.078014374,6.309202194,-0.692881584,-0.028662503,0.005499201
15.229539750,-0.453274876,-0.723128557,-0.210130200,0.854100406,0.248842061,-1.085756063,0.181544960,0.086845279,-0.128707692,-0.123041928,-0.089870535,0.301477790,10.523520470,-391.149230957,1159.598876953,-627.178527832,5878.511718750,24974.496093750,0.139200568,16.099954605,6.305987358,-0.683836460,-0.027264953,0.004975942
15.249604237,-0.449911922,-0.721557021,-0.212302655,0.851655662,0.246959254,-1.077750087,0.186911598,0.087359376,-0.120730929,-0.135819942,-0.091975875,0.299596012,64.976921082,-449.417053223,1294.917846680,-528.143188477,5760.727539062,22973.914062500,0.235395223,16.106920242,6.331195831,-0.671542645,-0.026484421,0.004502841
15.269682531,-0.442926466,-0.718832374,-0.215259060,0.846518278,0.244137064,-1.065526366,0.193548977,0.065837316,-0.057431113,-0.136770874,-0.067845315,0.247522324,-44.094013214,-74.060577393,176.977691650,256.282196045,339.198760986,2823.102539062,-0.303051084,16.002794266,6.285239220,-0.610394835,-0.042734794,0.001902524
15.289830669,-0.439521223,-0.717385232,-0.216868028,0.844761074,0.242727652,-1.060379982,0.189089656,0.078564994,-0.084712610,-0.101590760,-0.060818806,0.173177168,-194.718460083,-467.985992432,1199.362548828,138.306640625,4295.439453125,8218.566406250,-0.295900106,15.998649597,6.317201614,-0.631578505,-0.035360944,0.001496864
15.309972608,-0.436163127,-0.716058969,-0.218082368,0.842900991,0.240997553,-1.053416133,0.186592028,0.075377755,-0.071019776,-0.104585141,-0.074068084,0.209027618,-144.171218872,-167.622390747,595.648010254,-290.974792480,5787.071777344,22481.013671875,-0.166006178,16.040630341,6.297348499,-0.651792049,-0.029783454,0.004317270
15.330133004,-0.432805330,-0.714642465,-0.219345927,0.840797424,0.239219472,-1.045684457,0.186653465,0.078165628,-0.068712614,-0.118418798,-0.083233491,0.264344484,-74.896850586,-317.577484131,999.131713867,-635.184997559,5908.323730469,27474.326171875,-0.031306516,16.053018570,6.332736969,-0.656747818,-0.028300868,0.005201022
15.350199466,-0.426052153,-0.712054133,-0.220851138,0.835924029,0.236539662,-1.033980966,0.185476586,0.066291638,-0.026917379,-0.130239993,-0.064125478,0.238693386,-253.034286499,-200.976669312,479.880157471,854.396240234,1207.680664062,10094.536132812,-0.457759440,15.917099953,6.274346352,-0.600170195,-0.043512069,0.001773938
15.370284209,-0.422835231,-0.710724950,-0.221616805,0.834089696,0.235153064,-1.029142022,0.178737283,0.072962679,-0.040105231,-0.104898080,-0.060732670,0.162895426,-244.288726807,-263.934936523,712.714843750,195.205215454,4064.293701172,7328.906738281,-0.389851540,15.916285515,6.287165165,-0.619092166,-0.035747405,0.001317205
15.390347356,-0.419686526,-0.709470928,-0.222097829,0.832137346,0.233469635,-1.022514701,0.175069630,0.070684113,-0.028685946,-0.110056423,-0.073303588,0.197284639,-160.672256470,-80.078826904,384.346771240,-276.102172852,5449.318359375,21636.041015625,-0.203346923,15.954495430,6.280848503,-0.638348043,-0.029986046,0.004111712
15.410491006,-0.416539818,-0.708164752,-0.222540513,0.829890728,0.231719911,-1.015137792,0.175015777,0.072328947,-0.023792561,-0.126027569,-0.082596980,0.251554996,-60.194648743,-133.525848389,550.369384766,-492.427246094,5311.681152344,25230.494140625,-0.019629760,15.974642754,6.304325104,-0.642265975,-0.027719365,0.004999336
15.430719460,-0.413334429,-0.706864655,-0.222790495,0.827295899,0.229930490,-1.007794738,0.178267196,0.072605729,-0.014639854,-0.144092306,-0.087745056,0.271743715,25.463150024,-50.018432617,366.582336426,-354.875671387,5084.831054688,22546.998046875,0.136813626,15.996804237,6.308241367,-0.634591341,-0.026090695,0.004510564
15.450777011,-0.406696141,-0.704292655,-0.222778305,0.821897566,0.227258518,-0.996753395,0.183945790,0.070047274,0.005054989,-0.138357311,-0.062575489,0.224290192,-152.402206421,-93.223205566,200.261413574,1055.112060547,1100.590454102,8889.510742188,-0.299050480,15.810856819,6.244596958,-0.578013301,-0.040282141,0.001664458
15.470920021,-0.403452665,-0.703065217,-0.222584456,0.819877863,0.225867748,-0.992133260,0.180188581,0.068294704,0.010934257,-0.114755332,-0.061801165,0.155009612,-163.338790894,-56.690010071,210.048416138,433.762451172,3796.521728516,7262.444824219,-0.252524972,15.812208176,6.239608288,-0.600822568,-0.033143483,0.001335905
15.491065597,-0.400232434,-0.701865852,-0.222218215,0.817792714,0.224232644,-0.985856771,0.179022953,0.066936240,0.020089915,-0.118164569,-0.072499596,0.187724277,-88.750915527,23.532629013,129.037597656,-178.797973633,4813.542968750,19538.375000000,-0.091990784,15.848798752,6.244247913,-0.623717368,-0.028198605,0.003918140
15.511319227,-0.396977782,-0.700663269,-0.221694425,0.815361857,0.222525120,-0.978899479,0.180980682,0.066923171,0.029102594,-0.136061624,-0.081311487,0.237792864,-9.945153236,65.810699463,92.731376648,-370.919982910,5080.263183594,24306.519531250,0.061782300,15.877969742,6.253462791,-0.628714621,-0.026086614,0.004721006
15.531381488,-0.393638134,-0.699459970,-0.220986739,0.812568009,0.220787331,-0.971979797,0.185691684,0.066981353,0.039143618,-0.155308962,-0.085902780,0.256120205,38.451900482,67.924949646,2.950938463,-159.714019775,3011.001953125,13480.228515625,0.186607078,15.901080132,6.260558128,-0.621686637,-0.024858525,0.004256605
15.551440606,-0.386703342,-0.696912825,-0.219449148,0.806915879,0.218235612,-0.961655557,0.192089200,0.073641665,0.037115235,-0.141172066,-0.058608864,0.209955201,-164.011657715,-12.128937721,-16.160930634,1191.159057617,1039.669067383,8249.643554688,-0.323549449,15.667342186,6.180308342,-0.567019343,-0.039288618,0.001528709
15.571586864,-0.383324683,-0.695776999,-0.218325853,0.804750085,0.216880634,-0.957344711,0.187668115,0.064181700,0.060305886,-0.122263737,-0.060755026,0.144468874,-15.672375679,12.179327965,-23.754135132,51.388496399,298.306671143,568.527832031,-0.301937699,15.671142578,6.155736923,-0.591898620,-0.032786857,0.001240610
15.591761380,-0.379989356,-0.694623351,-0.217144117,0.802544892,0.215318650,-0.951485634,0.185410872,0.063702770,0.067040406,-0.125443533,-0.070273429,0.175117880,-131.404037476,131.286972046,-113.977020264,-131.205612183,4960.858398438,20435.775390625,-0.159299299,15.705431938,6.171492577,-0.616873980,-0.028533561,0.003659008
15.611913546,-0.376643270,-0.693512261,-0.215699568,0.799937963,0.213670090,-0.944997609,0.186058730,0.062167991,0.079504147,-0.145572275,-0.079053260,0.221779838,-16.681638718,96.169883728,-135.375534058,-87.546562195,1765.258422852,8494.156250000,-0.016405828,15.743368149,6.167294979,-0.622100830,-0.026364001,0.004407176
15.632061767,-0.373238593,-0.692392647,-0.214089841,0.796962500,0.211999416,-0.938572824,0.189303860,0.062092707,0.089821033,-0.165508628,-0.083300777,0.238424659,5.459638119,58.697334290,-79.710304260,-29.472089767,1014.033996582,4574.024902344,0.099241436,15.765769005,6.177117348,-0.615257084,-0.025328005,0.003950350
15.652252897,-0.366254389,-0.689858019,-0.211118519,0.791096926,0.209546179,-0.928978562,0.192691192,0.077277906,0.067283466,-0.142937690,-0.055388533,0.195137158,-4.373934746,1.264709830,-4.473726273,27.624109268,20.773344040,162.455490112,-0.402607590,15.490962029,6.083985806,-0.563948393,-0.039007362,0.001411749
15.672405098,-0.362890482,-0.688802958,-0.209121183,0.788783669,0.208212107,-0.924966216,0.186879933,0.060668644,0.106612891,-0.129742116,-0.060353015,0.134244680,-4.137584209,6.442924023,-14.388149261,14.893960953,62.561061859,118.760414124,-0.366573393,15.500406265,6.040222168,-0.590667844,-0.032616626,0.001157906
15.692575763,-0.359590352,-0.687682927,-0.207180753,0.786458254,0.206706941,-0.919532120,0.183500603,0.061148942,0.110824995,-0.132766262,-0.068828635,0.162721947,-158.156967163,230.844085693,-356.472717285,-56.526882172,4609.920898438,19114.283203125,-0.211053848,15.532788277,6.067683220,-0.617295027,-0.028690530,0.003394550
15.712740863,-0.356293648,-0.686645746,-0.204883248,0.783677161,0.205106288,-0.913537264,0.183349982,0.058385633,0.126138508,-0.154906049,-0.077380307,0.205368310,-61.359722137,451.966979980,-819.469482422,-70.455917358,4490.850585938,21483.707031250,-0.055944372,15.578829765,6.050154686,-0.622376263,-0.026223825,0.004070667
15.732884513,-0.352947116,-0.685591459,-0.202439487,0.780526161,0.203486845,-0.907613695,0.186108798,0.058245178,0.136686012,-0.175415635,-0.081333548,0.220126435,0.325905293,7.670119762,-13.180523872,0.262930453,79.137741089,354.247131348,0.071489684,15.601501465,6.063180447,-0.616000175,-0.025059901,0.003637788
15.753030880,-0.346088529,-0.683038712,-0.198151305,0.774480581,0.201119527,-0.898785710,0.189131632,0.081334531,0.095230266,-0.143557236,-0.052659795,0.179623321,-4.466549397,2.515467405,-7.874063015,29.796972275,19.573966980,148.988891602,-0.407997817,15.284315109,5.958224773,-0.568631113,-0.037974786,0.001287955
15.773179639,-0.342790097,-0.682038128,-0.195359081,0.772026300,0.199814901,-0.895110190,0.183265507,0.058609158,0.148500323,-0.136611059,-0.059526362,0.123246275,-223.293426514,551.288879395,-1275.087646484,1037.929443359,3187.276855469,5883.065917969,-0.364610314,15.296384811,5.892254353,-0.596364260,-0.031754680,0.001054705
15.793356585,-0.339553595,-0.680930197,-0.192729309,0.769597709,0.198368236,-0.890135825,0.179996580,0.059813291,0.150716126,-0.139256045,-0.067043222,0.149030551,-53.337989807,114.036582947,-205.889953613,12.780380249,1522.944702148,6243.122558594,-0.203175664,15.324754715,5.931272507,-0.624676585,-0.028135158,0.003104260
15.813522595,-0.336314887,-0.679938734,-0.189663902,0.766660094,0.196819663,-0.884652972,0.180148974,0.056157462,0.168072581,-0.163217798,-0.075277634,0.187928885,-48.697494507,629.062072754,-1246.006347656,129.090591431,4191.782226562,19630.101562500,-0.044750594,15.377522469,5.900305271,-0.629668474,-0.025454819,0.003726569
15.833692731,-0.333018571,-0.678922176,-0.186470672,0.763351560,0.195256531,-0.879243731,0.183333144,0.055952348,0.178788662,-0.184348777,-0.078942440,0.201246366,9.722751617,164.915405273,-311.754241943,54.907135010,1190.834350586,5215.187988281,0.082627222,15.399147034,5.915844440,-0.623833895,-0.024290768,0.003324765
15.853755677,-0.326638401,-0.676395655,-0.181189731,0.758312345,0.193298087,-0.873063862,0.173667744,0.056949597,0.177058727,-0.140233487,-0.058390468,0.113396056,-206.070404053,631.284423828,-1495.815185547,1047.521118164,2735.963623047,4617.737304688,-0.366507471,15.053999901,5.725804329,-0.613082588,-0.031159300,0.000912805
15.873903981,-0.323572785,-0.675301313,-0.178100601,0.755805254,0.191901341,-0.868488669,0.170566410,0.058522679,0.177521288,-0.144161239,-0.065397911,0.136624336,-122.950180054,339.690673828,-667.868652344,80.563186646,3670.322265625,14702.936523438,-0.179304257,15.083497047,5.777037621,-0.640117824,-0.027492847,0.002846701
15.894068171,-0.320491046,-0.674353778,-0.174516916,0.752738178,0.190394655,-0.863431394,0.171477258,0.053978126,0.196237803,-0.169954136,-0.073481619,0.173023716,-18.467311859,703.629699707,-1465.209350586,293.043273926,3708.700927734,16913.667968750,-0.001380816,15.147810936,5.738575935,-0.643603921,-0.024411026,0.003449466
15.914235471,-0.317329854,-0.673380136,-0.170819074,0.749301553,0.188873783,-0.858440816,0.175861001,0.053437356,0.207164347,-0.191631988,-0.077038109,0.185691074,69.602371216,629.923645020,-1256.046752930,328.148529053,3689.844970703,15703.245117188,0.138371736,15.176322937,5.759812832,-0.637713671,-0.023063738,0.003080268
15.934294142,-0.310739845,-0.670771360,-0.164571583,0.743004799,0.186674640,-0.851024032,0.182490215,0.087815918,0.137277082,-0.142732665,-0.047767367,0.150985315,-170.818908691,172.181854248,-539.332153320,1502.477783203,829.190429688,5855.348632812,-0.329872191,14.801484108,5.646674156,-0.598389387,-0.035265431,0.001071367
15.954356783,-0.307535827,-0.669835567,-0.160603613,0.740263700,0.185441926,-0.847958386,0.178016543,0.056814309,0.209492624,-0.149903834,-0.056594908,0.103377141,-178.053039551,877.066955566,-2095.009277344,1504.216308594,2784.840576172,4643.320800781,-0.296797872,14.826107025,5.537992001,-0.624774277,-0.029407313,0.000867326
15.974418441,-0.304372340,-0.668727696,-0.156969473,0.737637877,0.184109375,-0.843826652,0.175946921,0.058637597,0.209356889,-0.151902273,-0.062815696,0.124227226,-99.256286621,390.665313721,-797.749084473,214.049636841,3325.762207031,12765.647460938,-0.152693465,14.849648476,5.603096962,-0.654435039,-0.026573401,0.002568989
15.994481448,-0.301188618,-0.667776644,-0.152811676,0.734426022,0.182674155,-0.839288652,0.177083880,0.054417305,0.227548197,-0.177554071,-0.070140712,0.156079158,-21.154132843,873.977050781,-1870.658203125,579.610168457,3620.891357422,15580.085937500,-0.016824445,14.916577339,5.551538944,-0.657907665,-0.023919592,0.003077570
16.014635462,-0.297935009,-0.666792512,-0.148552641,0.730857730,0.181228712,-0.834827781,0.180941328,0.053919882,0.238584086,-0.199136868,-0.073394731,0.166571960,50.011375427,781.801635742,-1613.292968750,585.208557129,3633.057128906,14553.534179688,0.086009562,14.940380096,5.572626114,-0.652818859,-0.023021413,0.002732206
16.034717315,-0.291232497,-0.664057672,-0.141436026,0.724511504,0.179151595,-0.828198850,0.184700668,0.093213029,0.156616256,-0.139855027,-0.044633858,0.134922072,-229.716278076,181.349151611,-575.260314941,1544.366333008,792.289306641,5339.454589844,-0.412023962,14.523683548,5.453110218,-0.620042562,-0.035445079,0.000939234
16.054778690,-0.288024783,-0.663094282,-0.136948869,0.721626461,0.177966818,-0.825455189,0.178217590,0.059357677,0.235843629,-0.155870184,-0.054227840,0.092672698,-7.084075451,32.453372955,-78.221519470,56.569290161,81.423957825,125.568962097,-0.381682456,14.550801277,5.316366196,-0.644879341,-0.029630395,0.000756286
16.074924809,-0.284893274,-0.661930025,-0.132871822,0.718914330,0.176691145,-0.821769357,0.174192876,0.061170265,0.235443935,-0.157838240,-0.060431916,0.111162983,-154.978729248,459.260040283,-970.925354004,349.307159424,3298.753417969,11879.161132812,-0.235410303,14.565084457,5.394042492,-0.675356686,-0.026997991,0.002273234
16.095068500,-0.281772107,-0.660935402,-0.128241315,0.715576947,0.175306872,-0.817721307,0.173636690,0.057077851,0.253214419,-0.183946773,-0.067648970,0.139424130,-62.184654236,987.679870605,-2165.699707031,870.031250000,3420.750976562,13634.625000000,-0.090371281,14.634893417,5.330897808,-0.678224862,-0.024099838,0.002724443
16.115215897,-0.278605193,-0.659905910,-0.123515442,0.711888671,0.173907876,-0.813744903,0.176159456,0.056384861,0.264672011,-0.205989271,-0.071073100,0.148730770,16.090959549,892.698181152,-1894.440673828,850.337890625,3491.018798828,12917.458984375,0.024338102,14.656312943,5.352102280,-0.674031198,-0.023003332,0.002420197
16.135273090,-0.272128135,-0.656991720,-0.115693197,0.705528319,0.171905205,-0.807861269,0.177993268,0.099389330,0.172943547,-0.136257917,-0.042951804,0.119767115,-5.060307980,3.352551460,-11.098524094,30.201028824,14.804472923,93.139625549,-0.436828762,14.197625160,5.226871967,-0.648211777,-0.034987397,0.000812116
16.155334752,-0.269053906,-0.655960917,-0.110801958,0.702514648,0.170755342,-0.805433095,0.170831174,0.064053535,0.255895436,-0.160623655,-0.052509371,0.082391568,-253.947738647,1274.973632812,-3105.996582031,2334.064453125,2669.094238281,3678.764160156,-0.391951621,14.224029541,5.061489582,-0.670864463,-0.028962879,0.000643874
16.175498501,-0.266061008,-0.654711962,-0.106374778,0.699732304,0.169519365,-0.802180827,0.166531861,0.065385081,0.256138057,-0.162961066,-0.058711227,0.098434716,-6.047077656,19.231540680,-42.027812958,18.839376450,121.732147217,399.305145264,-0.234283894,14.227637291,5.149510384,-0.702272534,-0.026294040,0.001989462
16.195623118,-0.263076097,-0.653633237,-0.101398043,0.696302474,0.168178707,-0.798611879,0.166096196,0.061887201,0.272084266,-0.188545123,-0.065480173,0.123231694,-56.585266113,1100.473022461,-2466.046142578,1202.756835938,3366.674804688,12133.512695312,-0.081192099,14.295910835,5.076738834,-0.704653978,-0.023214191,0.002386151
16.215768873,-0.260038018,-0.652521253,-0.096330188,0.692528427,0.166823998,-0.795114577,0.169019729,0.060996126,0.283622414,-0.210851401,-0.068778284,0.131266028,26.489389420,907.232604980,-1977.271850586,1050.758666992,3121.181396484,10385.694335938,0.036215674,14.312097549,5.094918728,-0.701419830,-0.022014355,0.002116066
16.235828031,-0.253792048,-0.649385810,-0.087997638,0.686204910,0.164894804,-0.789953768,0.171740532,0.106013857,0.185346246,-0.131979987,-0.041342765,0.105036452,-247.456802368,135.545471191,-498.930175781,1440.450561523,707.335205078,4059.593017578,-0.410188973,13.814411163,4.965458870,-0.682953000,-0.033898093,0.000699212
16.255889638,-0.250825346,-0.648258626,-0.082826175,0.683076143,0.163785160,-0.787822306,0.164858446,0.070268825,0.269231766,-0.164325640,-0.050365083,0.072619423,-7.884314537,45.656051636,-112.698547363,89.058631897,83.850891113,101.224349976,-0.365048230,13.840554237,4.773848057,-0.702717543,-0.027819302,0.000543231
16.276034089,-0.247933522,-0.646906734,-0.078154296,0.680227101,0.162589848,-0.784979403,0.160926372,0.070738398,0.270688027,-0.167880937,-0.056672931,0.086482473,-4.691795349,16.949398041,-38.408683777,20.248289108,98.545478821,286.638488770,-0.211776540,13.835151672,4.870575905,-0.734643459,-0.025217284,0.001724070
16.296219009,-0.245042190,-0.645716846,-0.072965704,0.676723659,0.161298186,-0.781865895,0.160897717,0.068092979,0.283742040,-0.192198962,-0.062932283,0.107939519,-49.762023926,1223.080810547,-2802.180664062,1592.422973633,3471.999267578,11052.653320312,-0.066719092,13.900559425,4.792181015,-0.736311615,-0.022222340,0.002062301
16.316280456,-0.242090404,-0.644504905,-0.067673981,0.672867000,0.159988344,-0.778815925,0.164220169,0.066694327,0.295730293,-0.215361014,-0.066242449,0.114802569,26.911630630,770.247985840,-1723.869750977,1048.663696289,2423.225341797,7057.955078125,0.042658739,13.916009903,4.806606293,-0.733720005,-0.021006072,0.001828109
16.336339930,-0.236010954,-0.641132295,-0.059045099,0.666584790,0.158139527,-0.774337411,0.166990355,0.112319291,0.193440050,-0.128466383,-0.039718602,0.091152571,-235.026718140,84.816787720,-387.000274658,1223.167968750,616.496643066,3157.377441406,-0.405184090,13.386162758,4.675637245,-0.721645772,-0.033113983,0.000587642
16.356401561,-0.233136520,-0.639891744,-0.053730026,0.663355827,0.157074243,-0.772483468,0.159727082,0.077233970,0.275407434,-0.167161509,-0.047923345,0.063415512,-246.729110718,1469.877197266,-3683.194824219,3090.278076172,2474.168945312,2558.006591797,-0.362073004,13.413392067,4.464084625,-0.738246083,-0.027034644,0.000442608
16.376465399,-0.230342582,-0.638431787,-0.048926156,0.660440445,0.155916184,-0.770021200,0.155496627,0.076566443,0.278537393,-0.172625154,-0.054558247,0.075345948,-150.968185425,540.479003906,-1270.306274414,764.584838867,2966.126708984,7461.065429688,-0.212803155,13.403818130,4.566884995,-0.770368993,-0.024382738,0.001473389
16.396539168,-0.227553263,-0.637115121,-0.043668084,0.656885982,0.154672340,-0.767333090,0.155230030,0.075031586,0.287821800,-0.194822773,-0.060396865,0.093698636,-54.192146301,1155.743286133,-2704.396484375,1741.371215820,3181.963623047,8770.334960938,-0.074701242,13.465919495,4.488304138,-0.771371365,-0.021527316,0.001756173
16.416623434,-0.224707872,-0.635784805,-0.038305648,0.652975261,0.153409809,-0.764709175,0.158302084,0.073466487,0.299191892,-0.218122825,-0.063579850,0.099334754,27.104202271,1122.324218750,-2575.798583984,1762.245849609,3342.105224609,8345.321289062,0.026507551,13.479822159,4.497379303,-0.769013941,-0.020326987,0.001548148
16.436682241,-0.218859956,-0.632181048,-0.029591125,0.646728098,0.151626438,-0.760855854,0.160292387,0.117986798,0.196819946,-0.126038104,-0.038530938,0.078385562,-262.842864990,35.816284180,-302.689147949,1156.055175781,628.039123535,2827.589111328,-0.403818637,12.931580544,4.369627953,-0.762322009,-0.032400642,0.000491549
16.456767448,-0.216115385,-0.630817831,-0.024267409,0.643418252,0.150600851,-0.759253621,0.152520120,0.084536016,0.274507076,-0.169006526,-0.045708258,0.055067614,-259.384857178,1536.177001953,-3905.628417969,3491.553222656,2457.450927734,2149.930664062,-0.355869591,12.961936951,4.144155025,-0.775660753,-0.026258260,0.000352252
16.476857028,-0.213455498,-0.629248679,-0.019443847,0.640435398,0.149470404,-0.757135868,0.148070276,0.082652070,0.279688478,-0.177162156,-0.052752931,0.065273613,-153.883346558,555.295776367,-1344.556884766,901.787048340,2937.032714844,6245.741699219,-0.204879284,12.953501701,4.250433445,-0.807673037,-0.023375982,0.001245689
16.496918370,-0.210799351,-0.627799690,-0.014235550,0.636834204,0.148262039,-0.754826009,0.147846729,0.082193062,0.285501391,-0.197447553,-0.058382429,0.080888107,-35.854812622,766.120239258,-1823.071533203,1297.585571289,2126.385009766,4973.493652344,-0.067685828,13.016002655,4.177473545,-0.808109283,-0.020577218,0.001485057
16.516979432,-0.208083540,-0.626343071,-0.008920702,0.632862151,0.147034779,-0.752574503,0.151102766,0.080715202,0.295992851,-0.221149772,-0.061457831,0.085657120,27.521202087,1081.892822266,-2529.723388672,1905.460327148,3150.479248047,6627.786132812,0.028965497,13.033188820,4.182525635,-0.805402339,-0.019339437,0.001306861
16.537061603,-0.202490985,-0.622501910,-0.000316575,0.626605392,0.145304695,-0.749277413,0.153103843,0.123365037,0.196038917,-0.125782445,-0.037701406,0.067062698,-276.623352051,-13.633208275,-205.957534790,1064.986938477,631.750549316,2435.494628906,-0.387826502,12.472076416,4.058718681,-0.801811218,-0.031487808,0.000404120
16.557138457,-0.199879780,-0.621000171,0.004892890,0.623237371,0.144315511,-0.747898817,0.145115703,0.092433043,0.267465979,-0.170056984,-0.043662243,0.047586054,-257.745849609,1510.525268555,-3891.258056641,3717.114990234,2380.880615234,1733.377563477,-0.337818384,12.504730225,3.826950550,-0.812621832,-0.025357712,0.000271414
16.577284202,-0.197353318,-0.619308710,0.009626494,0.620196700,0.143209144,-0.746086836,0.140667364,0.089654215,0.274289459,-0.180800214,-0.051010754,0.056324542,-160.692077637,593.795227051,-1468.806030273,1081.451660156,3084.416748047,5462.077148438,-0.189974070,12.498969078,3.931632757,-0.844500005,-0.022245597,0.001044250
16.597346270,-0.194827199,-0.617710173,0.014671204,0.616565824,0.142031029,-0.744110346,0.140629485,0.090248793,0.277012378,-0.199364901,-0.056560706,0.069531083,-53.078937531,1158.357055664,-2791.041992188,2154.997558594,3349.020263672,6555.285644531,-0.057170562,12.561127663,3.867298126,-0.844775140,-0.019549029,0.001247261
16.617484774,-0.192236781,-0.616104484,0.019817382,0.612547815,0.140835240,-0.742184043,0.144128427,0.089218311,0.286084861,-0.223262295,-0.059503783,0.073624581,10.867057800,398.301879883,-943.845214844,770.211975098,1170.595458984,2052.775634766,0.031637639,12.581048965,3.868587494,-0.841485560,-0.018337116,0.001097337
16.637543598,-0.186891869,-0.612002134,0.028141370,0.606237113,0.139146581,-0.739362240,0.146101341,0.129107565,0.191439405,-0.127649978,-0.037150864,0.057392344,-284.544952393,-61.960659027,-98.802421570,954.546630859,627.175170898,2047.298217773,-0.372746944,12.011939049,3.748771429,-0.838763833,-0.030573633,0.000331561
16.657626700,-0.184412897,-0.610335946,0.033120528,0.602849245,0.138192192,-0.738178551,0.137766197,0.101472169,0.254727542,-0.169677243,-0.041789610,0.041121360,-277.263641357,1530.356323242,-3994.756835938,4082.189941406,2456.564697266,1477.671752930,-0.323370546,12.042260170,3.516530752,-0.848153114,-0.024561124,0.000200376
16.677711052,-0.182021528,-0.608501494,0.037666701,0.599768341,0.137105644,-0.736629844,0.133170560,0.098000243,0.262969762,-0.182974279,-0.049400188,0.048554566,-51.749935150,188.216125488,-473.060791016,376.747680664,976.514099121,1427.298461914,-0.179312542,12.039935112,3.613631010,-0.880113006,-0.021167010,0.000868546
16.697778348,-0.179630637,-0.606723964,0.042430528,0.596148491,0.135956466,-0.734942973,0.133116841,0.099840850,0.262278289,-0.199382573,-0.054861456,0.059674107,-55.092624664,1053.671630859,-2564.292968750,2109.423095703,3289.542724609,5373.935058594,-0.053740468,12.095322609,3.559196472,-0.880921781,-0.018650731,0.001042560
16.717937065,-0.177174911,-0.604940355,0.047295067,0.592115283,0.134788603,-0.733295262,0.136637345,0.099353559,0.269806266,-0.223515883,-0.057711538,0.063190617,25.189134598,1035.392578125,-2480.498535156,2161.292724609,3156.198974609,4598.249023438,0.028153580,12.115839005,3.555026531,-0.877020717,-0.017440170,0.000917860
16.738017852,-0.172107279,-0.600536764,0.055158682,0.585752070,0.133134857,-0.730876863,0.138192117,0.135575786,0.182804689,-0.130566031,-0.036772203,0.049199782,-304.839569092,-107.180465698,-10.913423538,910.538208008,645.582397461,1779.784790039,-0.359214485,11.537675858,3.436361074,-0.873187542,-0.029675825,0.000269740
16.758102152,-0.169778049,-0.598683238,0.059805602,0.582392693,0.132208496,-0.729854763,0.129458383,0.111461155,0.237141997,-0.167609006,-0.040280733,0.035625819,-291.786437988,1461.898925781,-3874.615966797,4225.639648438,2488.093994141,1249.155273438,-0.306405813,11.563747406,3.210749388,-0.882860243,-0.023739550,0.000145641
16.778255294,-0.167537794,-0.596684217,0.064066835,0.579302132,0.131136611,-0.728521824,0.124787740,0.107677847,0.245909944,-0.183031917,-0.048069883,0.042107761,-83.225776672,293.791320801,-749.431762695,630.747253418,1571.239257812,1909.346069336,-0.164297238,11.565406799,3.295531988,-0.915151536,-0.020033499,0.000727762
16.798315759,-0.165294528,-0.594711483,0.068467721,0.575704575,0.130005270,-0.727066517,0.124925822,0.110370383,0.242899150,-0.198848382,-0.053653404,0.051635552,-35.906471252,661.163146973,-1621.395019531,1385.864990234,2299.122802734,3150.418212891,-0.042435247,11.616109848,3.251838207,-0.916841507,-0.017584821,0.000883168
16.818482073,-0.162981331,-0.592723906,0.072945714,0.571676314,0.128859103,-0.725641012,0.128708020,0.110811792,0.247997925,-0.222855344,-0.056337599,0.054800007,11.866338730,424.279846191,-1024.944824219,935.614990234,1396.608398438,1714.399536133,0.031655725,11.634406090,3.244589329,-0.912140608,-0.016450167,0.000780590
16.838563293,-0.158198625,-0.587989628,0.080195330,0.565222502,0.127232015,-0.723542690,0.130115405,0.142581940,0.170572266,-0.135363117,-0.036555357,0.042722218,-309.776245117,-142.405868530,56.598800659,882.434020996,638.301696777,1500.798461914,-0.341261327,11.048079491,3.124481678,-0.904363453,-0.028702205,0.000220160
16.858646035,-0.156021148,-0.585930705,0.084415570,0.561937034,0.126329347,-0.722649217,0.121037550,0.122136526,0.215165630,-0.164230540,-0.039066497,0.031186955,-308.732635498,1346.238403320,-3638.771972656,4235.496582031,2541.618408203,1089.509521484,-0.286708832,11.067064285,2.911782026,-0.916181505,-0.022891631,0.000106308
16.878790754,-0.153933257,-0.583750844,0.088302009,0.558867097,0.125269428,-0.721483588,0.116333477,0.118357062,0.223577887,-0.181000888,-0.046935480,0.036986303,-175.900344849,583.388793945,-1512.673339844,1315.700317383,3331.637695312,3439.225830078,-0.147903487,11.073771477,2.979995012,-0.949177802,-0.018908240,0.000621511
16.898932903,-0.151839033,-0.581566811,0.092247881,0.555322170,0.124154180,-0.720207632,0.116649307,0.121797800,0.218415767,-0.196768537,-0.052609045,0.045347553,-51.079231262,851.579956055,-2103.722412109,1814.067138672,3429.146728516,4038.225585938,-0.032538950,11.117060661,2.946508884,-0.952159584,-0.016568325,0.000765093
16.918989214,-0.147567868,-0.576617777,0.098804250,0.549098313,0.122547694,-0.718302071,0.115751944,0.146596715,0.155262485,-0.134061500,-0.036640160,0.038986288,-323.615875244,-217.475601196,182.677886963,719.970153809,665.282287598,1442.254882812,-0.310750335,10.550450325,2.831231117,-0.939351618,-0.027700640,0.000201168
16.939072805,-0.145638630,-0.574425340,0.102567136,0.545945287,0.121657200,-0.717499256,0.107344918,0.128813058,0.191556275,-0.158014461,-0.038641267,0.028106038,-277.433380127,1169.508544922,-3254.372558594,3919.129882812,2509.303466797,910.253784180,-0.230599537,10.574791908,2.636980534,-0.951060951,-0.021593191,0.000081729
16.959205561,-0.143766955,-0.572142839,0.106050052,0.542909324,0.120600626,-0.716437578,0.104375400,0.124651350,0.199726865,-0.177937359,-0.046453204,0.033496186,-121.000419617,524.242797852,-1403.194458008,1190.817382812,3304.563964844,3053.404785156,-0.083118372,10.599321365,2.696794987,-0.982617676,-0.017181782,0.000568436
16.979302172,-0.141848415,-0.569839478,0.109533072,0.539400041,0.119493492,-0.715265214,0.106896445,0.128188685,0.193336844,-0.195493132,-0.052039646,0.041479088,6.701039791,709.374145508,-1778.574584961,1474.153442383,3378.356933594,3633.836425781,0.026784798,10.650313377,2.678677320,-0.985240936,-0.014886294,0.000716202
16.999363581,-0.139817625,-0.567508876,0.113044478,0.535404444,0.118378438,-0.714100122,0.112969287,0.129989624,0.193981126,-0.220569938,-0.054354414,0.044561699,78.356666565,805.708190918,-1983.647827148,1840.540771484,3420.735595703,3349.047607422,0.078577235,10.677894592,2.676191092,-0.977627099,-0.014019568,0.000643549
17.019419393,-0.135539532,-0.562278748,0.118742272,0.528638303,0.116800621,-0.712364256,0.116126120,0.151808068,0.137420565,-0.150138438,-0.035933651,0.035443813,-119.912124634,-74.527290344,42.697685242,390.314025879,244.623596191,471.357971191,-0.291535974,10.112398148,2.565970421,-0.953380346,-0.026661178,0.000166014
17.039560614,-0.133618593,-0.559907258,0.121958204,0.525536180,0.115934677,-0.711614430,0.106786311,0.137496814,0.164411783,-0.158638760,-0.037288815,0.025996720,-309.757873535,911.879394531,-2613.660156250,3445.710937500,2440.568359375,897.560363770,-0.242744654,10.132150650,2.398422480,-0.972498000,-0.021217365,0.000078678
17.059651942,-0.131785348,-0.557457387,0.124931812,0.522522569,0.114894412,-0.710621715,0.102192558,0.134585351,0.169908181,-0.175682709,-0.045237299,0.031293884,-176.979171753,463.192626953,-1238.112548828,1032.749389648,3395.415283203,2926.828613281,-0.115972452,10.168983459,2.439061880,-1.006543875,-0.016940843,0.000523635
17.079797600,-0.129940137,-0.554955065,0.127842575,0.519051611,0.113804288,-0.709524155,0.102801502,0.139063597,0.162022263,-0.194059253,-0.051087588,0.038771745,-51.850536346,599.722717285,-1481.010253906,1115.083496094,3547.980712891,3575.616943359,-0.018469872,10.214559555,2.428683281,-1.010727644,-0.014866086,0.000663189
17.099875812,-0.128018335,-0.552402794,0.130740657,0.515083551,0.112702429,-0.708423495,0.106914327,0.142247915,0.160040587,-0.219138384,-0.053589176,0.041791074,21.927436829,659.430603027,-1598.428100586,1423.976806641,3429.948486328,3189.294677734,0.030803170,10.238406181,2.428607464,-1.002159357,-0.014011166,0.000603658
17.120088836,-0.125995308,-0.549755692,0.133521691,0.510893524,0.111601561,-0.707337081,0.112375714,0.146826819,0.155257761,-0.233332932,-0.053982537,0.041706707,32.231216431,505.148040771,-1201.428222656,1225.015747070,2951.981201172,2543.057617188,0.034249008,10.240185738,2.439890146,-0.992109776,-0.013884338,0.000548791
17.140198655,-0.121872522,-0.544025779,0.138139918,0.503697932,0.110023573,-0.705658436,0.110163249,0.162917390,0.114429615,-0.164297983,-0.036150128,0.034215320,-444.850463867,-220.207778931,115.632934570,1516.013061523,721.443786621,1414.338012695,-0.331772804,9.658098221,2.307499409,-0.959046960,-0.026556632,0.000150908
17.160258387,-0.120112836,-0.541342914,0.140658572,0.500798881,0.109157011,-0.704932392,0.097899765,0.153063133,0.130190596,-0.152899414,-0.037478421,0.025064168,-14.151748657,22.272043228,-67.093261719,101.430358887,90.444664001,35.206886292,-0.268515557,9.654772758,2.164230108,-0.989794672,-0.021014683,0.000080834
17.180425183,-0.118474714,-0.538589060,0.142977312,0.497939110,0.108114414,-0.703966081,0.091426462,0.152196631,0.131749228,-0.165749729,-0.045400653,0.030200165,-127.942016602,200.160598755,-522.390319824,370.362426758,1967.692626953,1685.210083008,-0.131521314,9.682101250,2.170237303,-1.028079152,-0.016417820,0.000511136
17.200584412,-0.116839521,-0.535750508,0.145181000,0.494606197,0.107018813,-0.702884793,0.091202177,0.157642946,0.123008549,-0.186948225,-0.051353201,0.037725598,-71.191139221,434.690429688,-1014.830444336,479.587829590,3705.641845703,3744.967041016,-0.025058180,9.704471588,2.157747030,-1.035558701,-0.014058158,0.000665510
17.220668357,-0.115130343,-0.532829285,0.147311136,0.490769655,0.105915077,-0.701786697,0.095129460,0.162542135,0.117863446,-0.212359846,-0.053745255,0.041121520,0.573592424,13.741733551,-31.670534134,22.147699356,106.209922791,101.696006775,0.027410036,9.701550484,2.153939486,-1.027247906,-0.013101611,0.000624114
17.240739819,-0.111593023,-0.526648581,0.150851205,0.483662784,0.104329906,-0.700101972,0.094696224,0.172706783,0.090473682,-0.167760223,-0.036719833,0.034465022,-307.094024658,-191.981414795,79.738609314,1327.486206055,544.209289551,1085.385864258,-0.263583899,9.097614288,2.020180225,-0.978056014,-0.024741679,0.000155289
17.260825820,-0.110074088,-0.523720622,0.152716920,0.481024325,0.103461467,-0.699369013,0.084589474,0.165152594,0.097973198,-0.143696398,-0.037780233,0.024874840,-189.921997070,171.061477661,-627.448913574,1125.639282227,1448.201171875,607.932678223,-0.192997247,9.079735756,1.904018164,-1.016622305,-0.019081108,0.000115337
17.280917562,-0.108627841,-0.520741105,0.154410556,0.478341401,0.102420837,-0.698370993,0.080766410,0.165248528,0.095759086,-0.154893994,-0.045347892,0.030555470,-134.051177979,171.302398682,-477.306213379,84.259292603,3041.625000000,2788.806884766,-0.066408157,9.112120628,1.888962507,-1.057184577,-0.014527940,0.000565377
17.301078167,-0.107140921,-0.517667651,0.155948982,0.475131422,0.101336315,-0.697243989,0.082903199,0.170655355,0.086156897,-0.180368409,-0.050895091,0.038874757,-12.127820969,207.981033325,-468.054016113,-218.676940918,3284.764648438,3584.120605469,0.017524177,9.126185417,1.879477739,-1.065381765,-0.012528533,0.000728920
17.321115469,-0.105553322,-0.514500916,0.157363817,0.471390516,0.100247577,-0.696089804,0.088284589,0.175991312,0.078587450,-0.207575247,-0.053033322,0.042741183,43.474655151,215.475524902,-474.065368652,-29.273834229,3325.126464844,3473.950927734,0.046037592,9.116755486,1.881274104,-1.055780530,-0.011983561,0.000685404
17.341173715,-0.102257729,-0.507986009,0.159762532,0.464081556,0.098685309,-0.694298744,0.087636970,0.179104447,0.064589404,-0.177454352,-0.036299892,0.036653429,-345.542816162,-228.763397217,49.700038910,1697.795776367,561.368286133,1256.159057617,-0.245788246,8.524055481,1.749606967,-0.990874946,-0.023846889,0.000170378
17.361233148,-0.100877114,-0.504881501,0.160941467,0.461650968,0.097820826,-0.693519056,0.076953597,0.173347637,0.064233668,-0.138461739,-0.037713107,0.026161205,-319.692565918,-52.572475433,-217.835647583,889.023620605,2335.951904297,1137.865600586,-0.174001485,8.506774902,1.667086840,-1.039101839,-0.018168954,0.000151910
17.381387857,-0.099569589,-0.501741469,0.161964700,0.459106356,0.096786253,-0.692443430,0.073087342,0.174600050,0.057478745,-0.146453708,-0.045280170,0.032406416,-135.170837402,11.314295769,-86.302413940,-521.164550781,3069.335449219,3172.291015625,-0.051918883,8.555600166,1.636574984,-1.081858397,-0.013651608,0.000635200
17.401526496,-0.098216437,-0.498500258,0.162802309,0.455960989,0.095706679,-0.691216826,0.075471766,0.180021465,0.047135808,-0.176824719,-0.050757058,0.041779242,-7.353079319,30.166572571,-17.026876450,-957.357299805,3354.369140625,4133.156250000,0.024875313,8.577257156,1.634565473,-1.089987755,-0.011681052,0.000818388
17.421597681,-0.095377818,-0.491917342,0.164237127,0.448839784,0.094142959,-0.689279199,0.075680688,0.179156467,0.041914955,-0.180319130,-0.036505934,0.039786581,-332.778625488,-250.143341064,-3.281990290,1912.266845703,603.100830078,1527.475463867,-0.192543522,8.032888412,1.520409465,-1.009858966,-0.022356689,0.000213909
17.441683999,-0.094175458,-0.488757551,0.164829060,0.446564734,0.093277507,-0.688447654,0.067127764,0.175074741,0.035310999,-0.134947658,-0.038028751,0.027809655,-250.405303955,-312.195343018,440.146148682,-38.679004669,2279.735351562,1215.851196289,-0.116326734,8.028613091,1.476754069,-1.060984850,-0.016553914,0.000193049
17.461746843,-0.093000099,-0.485568911,0.165270358,0.444083244,0.092249036,-0.687280953,0.065727890,0.177573919,0.024504717,-0.142354459,-0.045255199,0.034602676,-76.036918640,-130.549148560,276.650482178,-1136.816040039,3090.992675781,3580.724609375,-0.007243332,8.104131699,1.444889903,-1.101938486,-0.012249713,0.000720535
17.481895943,-0.091744475,-0.482274503,0.165509045,0.440926015,0.091184042,-0.685942709,0.069967933,0.183040708,0.013699934,-0.177220672,-0.050243985,0.045203745,30.779630661,-119.175842285,368.156005859,-1572.600219727,3321.668457031,4636.388183594,0.047614790,8.141868591,1.455225110,-1.106912136,-0.010690451,0.000919805
17.502047210,-0.090373099,-0.478860646,0.165533230,0.437200248,0.090116918,-0.684559166,0.076147504,0.189305171,0.002426340,-0.207992777,-0.052180443,0.050367530,44.320503235,-182.692947388,534.526245117,-1433.030761719,3050.362792969,4137.957031250,0.048295457,8.152025223,1.486194849,-1.091527343,-0.010647898,0.000869368
17.522123482,-0.087555200,-0.472099781,0.165685639,0.429232270,0.088570207,-0.682378471,0.073703825,0.181258097,0.012429374,-0.202068150,-0.036130380,0.044566266,-415.102264404,-279.203521729,-27.864200592,2577.085205078,577.582946777,1759.984619141,-0.213877410,7.645994186,1.388203859,-0.992244065,-0.022240199,0.000230909
17.542204919,-0.086435728,-0.468846679,0.165566966,0.427070200,0.087698102,-0.681433439,0.062604412,0.178706557,0.000317022,-0.136071354,-0.038388118,0.031256653,-306.743408203,-632.913269043,1298.006591797,-982.424316406,2264.959472656,1517.004394531,-0.133679017,7.655989170,1.377468467,-1.057723522,-0.016274411,0.000246860
17.562268705,-0.085371010,-0.465558857,0.165310547,0.424681723,0.086667076,-0.680108547,0.059658021,0.183379024,-0.014869150,-0.137189314,-0.045797087,0.039038185,-110.753784180,-314.162384033,825.517456055,-1973.063964844,3192.035888672,4402.681152344,-0.020793207,7.753026485,1.332669139,-1.103128910,-0.011912864,0.000835955
17.582451889,-0.084239356,-0.462144047,0.164843634,0.421538442,0.085601941,-0.678588510,0.063114926,0.189851508,-0.025794758,-0.176179573,-0.050581258,0.051087271,14.000994682,-267.783355713,831.787414551,-2239.746826172,3124.776123047,5151.494628906,0.035224605,7.796872139,1.347233891,-1.107477665,-0.010272571,0.001056574
17.602588274,-0.083001621,-0.458579063,0.164123237,0.417819053,0.084533952,-0.677013695,0.068727501,0.197455466,-0.038298748,-0.208405077,-0.052443217,0.056980759,26.150543213,-316.622192383,933.429870605,-1880.002563477,2518.983154297,4043.148925781,0.036204077,7.806408882,1.389251828,-1.089692116,-0.010176810,0.001003323
17.622645384,-0.080480143,-0.451608121,0.163102224,0.409566730,0.082979962,-0.674526513,0.065314248,0.184966117,-0.014602218,-0.212128267,-0.036406528,0.050773658,-423.809326172,-280.919555664,-66.336479187,3069.292480469,557.469360352,2058.189941406,-0.195856005,7.315805435,1.293843746,-0.973982096,-0.021279054,0.000280151
17.642728822,-0.079506405,-0.448224813,0.162325904,0.407618284,0.082099177,-0.673452079,0.054607615,0.184410512,-0.031815946,-0.131336421,-0.039011341,0.035367053,-295.070526123,-971.997924805,2235.429931641,-2120.934570312,2338.272949219,1868.751464844,-0.111486219,7.323049545,1.311667442,-1.051267862,-0.015124966,0.000311472
17.662964081,-0.078567967,-0.444792151,0.161418512,0.405383587,0.081069976,-0.671937704,0.052653521,0.191625983,-0.051455863,-0.128705218,-0.046174917,0.044285804,-76.268844604,-465.931121826,1313.194702148,-2700.190673828,2983.264892578,4899.879882812,-0.006537002,7.424856663,1.251534939,-1.099706411,-0.010950485,0.000980241
17.683042437,-0.077546418,-0.441206992,0.160288751,0.402295887,0.080008246,-0.670189321,0.056950588,0.199411854,-0.062881358,-0.172825813,-0.050621606,0.058334906,31.441225052,-436.959381104,1371.503417969,-3139.882080078,3202.910888672,6271.433105469,0.038011275,7.464537621,1.266255379,-1.103445768,-0.009467390,0.001232187
17.703182673,-0.076418243,-0.437448889,0.158883825,0.398602754,0.078950569,-0.668383837,0.062564418,0.207989722,-0.075886406,-0.207263574,-0.052228056,0.065251738,23.011156082,-571.796508789,1680.725708008,-3019.325683594,2966.041748047,5690.328125000,0.027403567,7.457675457,1.312756777,-1.082310796,-0.009681059,0.001162765
17.723240872,-0.074155450,-0.430191934,0.156788662,0.390189618,0.077401415,-0.665536821,0.057847228,0.190742821,-0.039194979,-0.218074381,-0.036401086,0.058058385,-416.216217041,-278.368286133,-98.774528503,3400.917968750,507.041137695,2279.152587891,-0.181062296,6.964239120,1.210189581,-0.953678429,-0.020397844,0.000336039
17.743301680,-0.073313192,-0.426651984,0.155412421,0.388500124,0.076514713,-0.664308429,0.047417182,0.191697285,-0.060998920,-0.123875886,-0.039452102,0.040280323,-275.630859375,-1297.348510742,3134.560546875,-3259.680175781,2356.460205078,2232.352050781,-0.092161521,6.962772369,1.250588536,-1.043751359,-0.014017599,0.000381403
17.763364082,-0.072488159,-0.423051417,0.153908208,0.386445373,0.075491220,-0.662573874,0.046359431,0.201116398,-0.084942169,-0.118853696,-0.046368420,0.050535891,-54.501659393,-696.611267090,2005.767211914,-3873.833007812,3209.763427734,6270.934082031,0.004810052,7.060962677,1.173612237,-1.095213175,-0.010051645,0.001141463
17.783506666,-0.071569957,-0.419288576,0.152188644,0.383427948,0.074446052,-0.660578549,0.051137406,0.209421664,-0.096094638,-0.168147862,-0.050204378,0.066598758,36.277992249,-587.343505859,1811.102294922,-3794.310302734,3089.918212891,7200.333007812,0.036277972,7.082389355,1.183473945,-1.096690774,-0.008893338,0.001413573
17.803682559,-0.070551060,-0.415334255,0.150155872,0.379819393,0.073399268,-0.658514798,0.056443028,0.218621954,-0.110085964,-0.203393683,-0.051781420,0.074362844,10.283848763,-779.583740234,2255.312255859,-3805.967041016,2934.560791016,6640.918457031,0.019733304,7.059786797,1.233712912,-1.074723005,-0.009187160,0.001331439
17.823745252,-0.069474459,-0.411258638,0.147932664,0.375891358,0.072349906,-0.656405926,0.059536971,0.225810573,-0.121894963,-0.219562143,-0.052383777,0.076666154,-61.253574371,-872.606445312,2423.455078125,-3465.083007812,2924.809326172,6478.151855469,-0.011706361,7.032808304,1.267911315,-1.050167918,-0.009895104,0.001250203
17.843837180,-0.067819655,-0.404118180,0.145156503,0.369908661,0.070964783,-0.653853953,0.040845975,0.198284984,-0.087725535,-0.115758538,-0.039779410,0.045954138,-219.234619141,-1448.738159180,3581.724365234,-3927.136718750,2126.826171875,2356.857177734,-0.070408560,6.556085587,1.182627082,-1.037669063,-0.012845045,0.000455882
17.863922421,-0.067092843,-0.400367796,0.143099532,0.368016750,0.069949254,-0.651871324,0.040889405,0.209578678,-0.115931101,-0.109978952,-0.046393145,0.057662647,-18.468107224,-731.069885254,2112.162841797,-3969.975341797,2631.048828125,6052.811523438,0.016589653,6.652405739,1.092012048,-1.091318727,-0.009124537,0.001316505
17.884064806,-0.066262551,-0.396447510,0.140825644,0.365043014,0.068918422,-0.649591625,0.046168178,0.218281388,-0.127260327,-0.165037811,-0.049760211,0.076036558,18.381366730,-346.102264404,1046.573364258,-2085.215820312,1417.180664062,3889.756835938,0.035468575,6.662373066,1.100673318,-1.090091109,-0.008263604,0.001617295
17.904247137,-0.065340385,-0.392328888,0.138214782,0.361473471,0.067885160,-0.647238672,0.051009007,0.227555305,-0.141746074,-0.201581731,-0.051264036,0.084810011,-8.595375061,-993.154663086,2817.716552734,-4548.243164062,2943.855712891,7823.011718750,0.012821552,6.626553535,1.155625105,-1.065571547,-0.008725733,0.001515561
17.924306516,-0.063564345,-0.384593993,0.134240597,0.352925509,0.066349700,-0.643534482,0.044077117,0.199633107,-0.082223549,-0.223727182,-0.036270212,0.075391322,-442.098999023,-343.301818848,-180.094039917,4499.349121094,490.890472412,3191.252929688,-0.142490387,6.140913010,1.037011623,-0.917583346,-0.018440498,0.000479713
17.944367140,-0.062949374,-0.380817980,0.131809413,0.351740032,0.065458819,-0.641942799,0.035036631,0.202426121,-0.112403840,-0.108153626,-0.039931491,0.052140947,-185.873199463,-1728.640502930,4327.418945312,-4903.186035156,2156.912109375,2755.307373047,-0.049043648,6.132032394,1.119613767,-1.030916095,-0.011667305,0.000531771
17.964428977,-0.062306155,-0.376969695,0.129251286,0.349965155,0.064457148,-0.639695525,0.036206834,0.215196192,-0.144167230,-0.103386663,-0.046101272,0.065408193,6.515402794,-919.423767090,2654.721435547,-4925.693847656,2760.824707031,7400.058105469,0.026096741,6.230199814,1.019357800,-1.085059166,-0.008259870,0.001497048
17.984502328,-0.061553560,-0.372948021,0.126476005,0.346999764,0.063446149,-0.637115896,0.041752473,0.223998278,-0.155425459,-0.163881108,-0.048999168,0.086115129,1.225035787,-31.745891571,94.253936768,-180.759979248,107.227226257,342.653381348,0.032816898,6.233527660,1.030751705,-1.080030322,-0.007716060,0.001824873
18.004566185,-0.060722772,-0.368729174,0.123350091,0.343446314,0.062431511,-0.634461999,0.045884624,0.232974812,-0.170026317,-0.200832039,-0.050462410,0.095818654,-32.544734955,-1165.484252930,3247.809814453,-5035.120605469,2875.774658203,8866.333984375,0.006512563,6.190908432,1.092046022,-1.052513957,-0.008307880,0.001700391
18.024711336,-0.059470672,-0.361525476,0.119205810,0.337722510,0.061078213,-0.631316602,0.030886626,0.200793639,-0.129269585,-0.103032604,-0.039168406,0.056739237,-142.945281982,-1896.785888672,4774.506835938,-5591.477539062,2154.921142578,2932.160156250,-0.028209697,5.754190922,1.052588582,-1.030267239,-0.010666846,0.000568674
18.044855418,-0.058881376,-0.357684433,0.116287537,0.335979849,0.060098983,-0.628850281,0.033138070,0.214894071,-0.164389521,-0.101485588,-0.045164898,0.071374863,26.720600128,-1023.772399902,2951.937500000,-5508.895996094,2766.709960938,8282.321289062,0.033423763,5.865693569,0.955934525,-1.081868410,-0.007579117,0.001642032
18.065012901,-0.058180798,-0.353663176,0.113137417,0.332956582,0.059109766,-0.626010418,0.038773406,0.224002019,-0.176388010,-0.166609421,-0.047971696,0.094598085,23.560020447,-958.740234375,2812.087158203,-5297.678222656,2880.197753906,10345.949218750,0.030491689,5.878131866,0.977883756,-1.072021127,-0.007284559,0.002008958
18.085186596,-0.057414349,-0.349443287,0.109618910,0.329346389,0.058111422,-0.623090923,0.042288929,0.232942671,-0.191620678,-0.204012722,-0.049647901,0.105453119,-48.855209351,-1209.461547852,3335.253173828,-5048.614746094,2675.880371094,9234.725585938,0.003067920,5.846177578,1.051059008,-1.040931106,-0.007914123,0.001866610
18.105354842,-0.056005850,-0.341720074,0.104227141,0.320617348,0.056608096,-0.618528545,0.034004226,0.195828810,-0.114805810,-0.228428960,-0.035646979,0.092771880,-419.013977051,-395.017303467,-208.516616821,5114.149902344,462.603942871,3884.822753906,-0.107520670,5.430155277,0.943829596,-0.880259395,-0.016578406,0.000622413
18.125499584,-0.055540603,-0.337949455,0.100989752,0.319740981,0.055726632,-0.616563737,0.026931429,0.200636208,-0.152395248,-0.099463567,-0.039574474,0.064249799,-106.601654053,-2098.124511719,5361.542480469,-6322.573730469,2168.822998047,3464.209960938,-0.016664010,5.447680950,1.068679571,-1.009511113,-0.009578134,0.000673458
18.145650845,-0.055005427,-0.334091693,0.097643726,0.317977577,0.054759789,-0.613793731,0.030055441,0.216183513,-0.189065188,-0.101742424,-0.044858452,0.080823548,41.264678955,-1115.134765625,3274.385986328,-6073.825683594,2804.564941406,9596.528320312,0.033734776,5.568840504,0.965310872,-1.059109330,-0.006842168,0.001840253
18.165738569,-0.054362729,-0.330045879,0.094080068,0.314854383,0.053789642,-0.610626161,0.035454787,0.225402683,-0.199583218,-0.171375990,-0.047169760,0.106059745,0.086124033,-34.888751984,102.568740845,-185.459182739,94.807952881,385.856140137,0.021870146,5.578429699,0.995654702,-1.043539047,-0.006837176,0.002218170
18.185822478,-0.053673156,-0.325804263,0.090159029,0.311200052,0.052810058,-0.607386589,0.038010858,0.234064668,-0.213828698,-0.206316471,-0.048783500,0.117444173,-78.267288208,-1394.830200195,3833.801025391,-5506.998046875,2786.981933594,10859.690429688,-0.004620159,5.544357300,1.075063348,-1.009318590,-0.007492069,0.002049293
18.205891146,-0.052984253,-0.321484417,0.086085625,0.307367384,0.051818546,-0.604113758,0.038097616,0.239359990,-0.224625379,-0.214348853,-0.049870849,0.119745299,-121.967620850,-1422.993408203,3793.939941406,-4757.401855469,2669.086181641,10031.261718750,-0.019210361,5.525358677,1.119527578,-0.981375933,-0.007874532,0.001908036
18.226043970,-0.052037712,-0.314377487,0.080631740,0.301797926,0.050463717,-0.600182891,0.023429831,0.199228600,-0.168329537,-0.092807196,-0.038910508,0.070943914,-56.333522797,-1876.065429688,4862.848144531,-5791.528808594,1826.609985352,3239.588134766,-0.006797865,5.177188873,1.102633238,-0.984933853,-0.008603603,0.000741013
18.246195943,-0.051550705,-0.310522288,0.076988809,0.300036967,0.049524728,-0.597128093,0.027271712,0.216326907,-0.206319794,-0.100726306,-0.043625057,0.089220807,1.580089808,-38.969711304,116.836952209,-217.748474121,94.933944702,364.465179443,0.031296059,5.298048496,0.994843066,-1.031386614,-0.006218060,0.002016820
18.266264930,-0.050964337,-0.306467533,0.073132500,0.296856493,0.048583150,-0.593638539,0.032240901,0.225874647,-0.215920091,-0.173913553,-0.045734335,0.116977572,-20.529102325,-1017.024475098,2999.216552734,-5245.300292969,2592.523437500,11830.841796875,0.013695394,5.299049377,1.031384230,-1.010714769,-0.006406317,0.002428456
18.286325843,-0.050347358,-0.302218556,0.068926089,0.293204546,0.047628410,-0.590077996,0.033998694,0.234437481,-0.229643479,-0.205955446,-0.047475468,0.129328430,-35.839210510,-535.145019531,1467.088012695,-2013.310913086,1003.294128418,4363.310058594,-0.009347782,5.260179043,1.112931252,-0.974792659,-0.006988081,0.002238320
18.306471140,-0.049260356,-0.294599712,0.062548712,0.284626544,0.046181049,-0.584560156,0.025592599,0.190321475,-0.136219323,-0.222088978,-0.034339942,0.112141781,-379.611267090,-435.576324463,-159.598510742,5508.859863281,461.879455566,4593.405273438,-0.081071630,4.889848709,0.997804046,-0.817439079,-0.014562693,0.000781625
18.326545491,-0.048910130,-0.290856481,0.058755197,0.284088314,0.045333210,-0.582181573,0.020698249,0.198416546,-0.180678800,-0.085856877,-0.038051646,0.077844836,-28.773897171,-2296.424316406,6033.711425781,-7298.080078125,2167.906494141,4234.834960938,0.000999884,4.913708210,1.143707514,-0.959428966,-0.007646813,0.000813587
18.346702753,-0.048460670,-0.287008911,0.054921065,0.282271624,0.044428505,-0.578842819,0.025051832,0.216340706,-0.218222484,-0.101899937,-0.042090692,0.097932495,34.794792175,-972.361267090,2969.645019531,-5591.634277344,2400.357910156,10263.680664062,0.027178358,5.027032852,1.028921127,-0.999820471,-0.005688835,0.002189968
18.366892699,-0.047924399,-0.282952935,0.050867379,0.279039234,0.043518897,-0.575039268,0.029397847,0.225795209,-0.226637438,-0.176544562,-0.044057351,0.127817243,-45.437202454,-1016.723754883,2985.423339844,-5017.997558594,2471.877197266,12463.281250000,0.006514050,5.014990330,1.072858810,-0.974855483,-0.005984827,0.002625942
18.387037460,-0.047370840,-0.278704703,0.046461429,0.275424480,0.042589173,-0.571154058,0.030522382,0.234369770,-0.240664184,-0.203931242,-0.046023559,0.141085446,-109.617744446,-1475.562988281,4026.816162109,-5297.101074219,2665.798828125,12723.490234375,-0.011363154,4.973087311,1.153693795,-0.939555764,-0.006388964,0.002427522
18.407249077,-0.046401680,-0.271146417,0.039822675,0.266997874,0.041179352,-0.565139353,0.022573285,0.187635273,-0.141289711,-0.217078850,-0.033419281,0.122225098,-377.833038330,-475.871673584,-121.491989136,5773.402832031,488.318939209,5130.791015625,-0.070917651,4.617268562,1.032476783,-0.787106276,-0.013627057,0.000867218
18.427433576,-0.046090674,-0.267421365,0.035869192,0.266587615,0.040353421,-0.562550604,0.018594742,0.197394252,-0.189220399,-0.079844944,-0.037001237,0.084904432,2.623393297,-1731.093994141,4594.800292969,-5629.114257812,1617.438110352,3434.090087891,0.006861667,4.641136169,1.182626605,-0.932659388,-0.006768069,0.000878662
18.447497045,-0.045669470,-0.263587803,0.031913441,0.264693350,0.039482579,-0.558919847,0.023348032,0.215961993,-0.226150274,-0.104449503,-0.040442750,0.106710933,25.820196152,-1011.934204102,3147.135009766,-6035.034179688,2611.909423828,12257.460937500,0.023247615,4.747756958,1.062835217,-0.967263222,-0.005148894,0.002362721
18.467648373,-0.045175388,-0.259551704,0.027758138,0.261382967,0.038608868,-0.554810166,0.027000612,0.224604517,-0.232254088,-0.180121332,-0.042205401,0.138762653,-82.852188110,-1141.237426758,3313.000732422,-5319.187988281,2718.771484375,15024.166992188,0.000647970,4.720666409,1.112445116,-0.936934590,-0.005581595,0.002818486
18.487800424,-0.044676527,-0.255339295,0.023265477,0.257813901,0.037711762,-0.550629973,0.027541833,0.232399389,-0.245545894,-0.201284230,-0.044221722,0.152336776,-120.677207947,-1461.076538086,3941.180175781,-4905.606933594,2590.890625000,13403.220703125,-0.012078652,4.674015522,1.190595388,-0.902741969,-0.005823847,0.002590046
18.507946955,-0.043805499,-0.247903347,0.016538428,0.249637768,0.036352247,-0.544168472,0.020048687,0.183530554,-0.142342806,-0.209509656,-0.032185618,0.131269649,-367.158660889,-504.865447998,-60.101966858,5730.767578125,499.575805664,5449.427246094,-0.061900102,4.333507538,1.064005494,-0.759558439,-0.012752570,0.000942612
18.528094550,-0.043526020,-0.244234741,0.012531896,0.249321431,0.035556339,-0.541394114,0.016916418,0.194569379,-0.192772582,-0.074249536,-0.035554349,0.091258600,20.279056549,-1443.680541992,3861.701904297,-4797.344726562,1365.990234375,3119.961425781,0.011843575,4.356957436,1.212624431,-0.905603290,-0.005972703,0.000933189
18.548258597,-0.043127827,-0.240461975,0.008570210,0.247333840,0.034729157,-0.537510872,0.021923868,0.212946445,-0.227607593,-0.107723065,-0.038302060,0.114443198,3.391325235,-578.742858887,1827.437988281,-3588.699462891,1611.267211914,8210.530273438,0.019337688,4.454667091,1.089986324,-0.933380008,-0.004711595,0.002505929
18.568321162,-0.042670622,-0.236481562,0.004387825,0.243996486,0.033892192,-0.533110201,0.024938079,0.221247032,-0.233167797,-0.181889191,-0.040104080,0.148579463,-66.413101196,-683.158142090,1959.614746094,-3026.250244141,1616.115844727,9618.609375000,-0.002610361,4.419169426,1.148527980,-0.900718570,-0.005100549,0.003000505
18.588465099,-0.042215437,-0.232351542,-0.000088292,0.240463182,0.033033475,-0.528651297,0.025161199,0.228041187,-0.245240659,-0.198441043,-0.042106226,0.163014829,-86.663230896,-936.359619141,2492.128662109,-2937.964111328,1689.548095703,9404.104492188,-0.011288694,4.371969700,1.220309258,-0.866788685,-0.005242864,0.002751964
18.608523868,-0.041420635,-0.225108728,-0.006762159,0.232549801,0.031734500,-0.521781445,0.018026818,0.177779019,-0.140266642,-0.201498330,-0.030734496,0.139559612,-365.779541016,-543.805053711,22.866537094,5652.528320312,515.701843262,5760.417480469,-0.054418616,4.048997879,1.095547795,-0.733661830,-0.011952889,0.001006003
18.628672817,-0.041164160,-0.221536368,-0.010735736,0.232277036,0.030973263,-0.518840671,0.015716920,0.189811066,-0.192339152,-0.070320949,-0.033844750,0.097016372,20.226905823,-762.413513184,2054.485351562,-2596.449707031,749.637268066,1818.399169922,0.015979743,4.075293541,1.238273263,-0.877677083,-0.005222404,0.000978264
18.648830643,-0.040781319,-0.217863739,-0.014624125,0.230171621,0.030193806,-0.514725089,0.020913256,0.207645938,-0.224417016,-0.112574749,-0.035905417,0.121490106,-20.572471619,-766.774719238,2463.875000000,-4997.409667969,2377.441162109,13019.339843750,0.015374693,4.166382790,1.116986752,-0.898435831,-0.004318714,0.002634773
18.668980895,-0.040354583,-0.213987276,-0.018740300,0.226801410,0.029399211,-0.510067225,0.023250449,0.215227559,-0.228960916,-0.183834955,-0.037723392,0.157498226,-137.043731689,-1089.726318359,3077.763671875,-4540.803222656,2612.410400391,16595.080078125,-0.005105739,4.124942780,1.184131622,-0.863288045,-0.004654726,0.003160451
18.689182491,-0.039932482,-0.209979132,-0.023130011,0.223324880,0.028580289,-0.505344927,0.023380309,0.221440092,-0.240834206,-0.195058733,-0.039766338,0.172715157,-129.366638184,-1265.481201172,3332.540039062,-3754.941894531,2379.942138672,14025.110351562,-0.009677399,4.084387779,1.251331568,-0.831768692,-0.004607866,0.002903176
18.709356833,-0.039192036,-0.202986166,-0.029639201,0.215631232,0.027347112,-0.498079389,0.016482824,0.170808136,-0.135823309,-0.194585696,-0.029187046,0.147587299,-371.451354980,-584.251586914,120.283248901,5529.695800781,535.993408203,6083.242675781,-0.048874676,3.781682730,1.133490682,-0.707486510,-0.011223390,0.001068145
18.729415951,-0.038948786,-0.199531525,-0.033529267,0.215352833,0.026619470,-0.494966239,0.015072967,0.184008628,-0.189496547,-0.068707071,-0.032066666,0.102757588,79.199615479,-1952.492797852,5319.315429688,-6900.226562500,2060.641113281,5264.980468750,0.019135926,3.816039801,1.268271565,-0.848269403,-0.004442558,0.001029558
18.749477771,-0.038573135,-0.195991501,-0.037265569,0.213074267,0.025892418,-0.490637153,0.020321583,0.200539514,-0.216935113,-0.120039843,-0.033341460,0.128464386,-64.829078674,-730.626220703,2397.707031250,-5043.950683594,2635.529052734,15441.329101562,0.010177014,3.899725199,1.149558187,-0.860180855,-0.004024942,0.002751568
18.769629537,-0.038171615,-0.192257002,-0.041233744,0.209679738,0.025143899,-0.485764205,0.021894827,0.207041472,-0.220034778,-0.185592517,-0.035153732,0.165481225,-4.752341747,-30.230102539,83.796173096,-116.180938721,74.141853333,496.798522949,-0.007389349,3.853466272,1.225893259,-0.823556721,-0.004239762,0.003284641
18.789789297,-0.037773795,-0.188414231,-0.045441125,0.206274912,0.024371384,-0.480827689,0.022080284,0.212484285,-0.231227070,-0.190884545,-0.037074804,0.180819958,-160.935058594,-1384.935180664,3610.211425781,-3867.372070312,2779.895996094,17113.285156250,-0.008587043,3.821732521,1.285880923,-0.795487344,-0.004021603,0.003015569
18.809937320,-0.037075650,-0.181733489,-0.051638246,0.198841095,0.023214230,-0.473246038,0.015184422,0.162609786,-0.128307030,-0.186376899,-0.027432626,0.153986618,-361.873931885,-593.298767090,219.567626953,5092.540527344,531.484008789,6053.953613281,-0.044443130,3.537401676,1.177348256,-0.681404889,-0.010540457,0.001115166
18.830015780,-0.036839228,-0.178434640,-0.055340160,0.198519140,0.022528145,-0.470000446,0.014762327,0.176332295,-0.181570008,-0.068097785,-0.029883318,0.107326761,89.386085510,-1608.898315430,4440.738769531,-5934.883300781,1876.541381836,4983.766601562,0.020814646,3.578641415,1.297707081,-0.816396117,-0.003745887,0.001064846
18.850169671,-0.036467027,-0.175052419,-0.058856525,0.196099371,0.021856088,-0.465489209,0.019939093,0.191778988,-0.204971924,-0.126691386,-0.030536937,0.134110332,-62.628147125,-333.688690186,1128.806884766,-2485.050292969,1435.956054688,8888.071289062,0.004753802,3.655433416,1.186784863,-0.821428239,-0.003766537,0.002847118
18.870315312,-0.036084261,-0.171478674,-0.062617175,0.192702070,0.021152640,-0.460410178,0.020930419,0.197853953,-0.207868770,-0.186258376,-0.032483894,0.172593087,-178.684951782,-938.952758789,2571.895996094,-3385.962158203,2431.409179688,16968.945312500,-0.008805956,3.609121323,1.270021200,-0.784539402,-0.003746626,0.003410544
18.890372210,-0.035431925,-0.165152073,-0.068380021,0.185559005,0.020076010,-0.452593565,0.014030731,0.153081611,-0.117598489,-0.175328135,-0.025349781,0.159434572,-224.619400024,-357.869628906,109.043762207,3147.449951172,344.025390625,3861.250732422,-0.039357424,3.321153879,1.192837834,-0.662405491,-0.009950020,0.001153053
18.910434811,-0.035198726,-0.162041411,-0.071821429,0.185232222,0.019435735,-0.449309766,0.014599804,0.166733608,-0.169274837,-0.065997250,-0.027482321,0.109345481,107.470993042,-1553.111572266,4348.336914062,-6071.254394531,2017.041625977,5174.771972656,0.022207016,3.372134447,1.302362323,-0.794157028,-0.003249429,0.001023180
18.930495781,-0.034830570,-0.158833921,-0.075091168,0.182738647,0.018815262,-0.444706142,0.019576024,0.181875914,-0.190942720,-0.130405620,-0.027896626,0.136306778,-127.149459839,-410.358581543,1437.812500000,-3369.116455078,2088.418701172,13345.072265625,0.001364009,3.445889473,1.202560186,-0.794141710,-0.003611455,0.002880919
18.950642395,-0.034461889,-0.155444756,-0.078599073,0.179349959,0.018156890,-0.439516187,0.020226061,0.187495485,-0.193620875,-0.185672760,-0.029904939,0.176295534,-158.691192627,-711.839355469,1924.022705078,-2428.245605469,1972.098022461,14169.494140625,-0.008749368,3.402510166,1.289346457,-0.755897522,-0.003385671,0.003486321
18.970786645,-0.034084637,-0.151987612,-0.082270361,0.176044911,0.017482724,-0.434269130,0.020926340,0.191540346,-0.202582926,-0.184634537,-0.031375743,0.192824557,-177.377700806,-1043.692749023,2677.526855469,-2620.699707031,2543.375000000,16605.080078125,-0.008480188,3.389311314,1.337526798,-0.732362747,-0.003085166,0.003186651
18.990935134,-0.033436242,-0.145975098,-0.087634057,0.169064298,0.016474484,-0.426251441,0.013459332,0.145929426,-0.109389424,-0.171432555,-0.024046132,0.162823394,-361.965026855,-610.664978027,365.605285645,4527.287597656,555.681884766,6140.014648438,-0.037911214,3.136898994,1.253188372,-0.635865390,-0.009374145,0.001169207
19.011096412,-0.033192903,-0.143018365,-0.090816498,0.168571383,0.015874557,-0.422822386,0.015178429,0.159327582,-0.158029735,-0.070979208,-0.025221985,0.113741107,107.402366638,-1290.494384766,3686.292236328,-5311.239746094,1962.549316406,5416.312011719,0.020447856,3.192631245,1.340228319,-0.757140160,-0.002632793,0.001106491
19.031112536,-0.032820351,-0.139972702,-0.093792938,0.165924206,0.015305866,-0.418058962,0.019623695,0.172682226,-0.174361125,-0.138319939,-0.025169490,0.142032266,-190.062088013,-339.072418213,1236.847656250,-2985.764892578,2155.154785156,14386.848632812,-0.005733544,3.256735325,1.251590610,-0.751756728,-0.003450226,0.002968470
19.051260293,-0.032460876,-0.136765331,-0.096980602,0.162552789,0.014694029,-0.412737280,0.019837195,0.177273601,-0.175505251,-0.185058758,-0.027095731,0.182043970,-215.015182495,-794.506469727,2118.921386719,-2445.684326172,2417.047851562,17639.072265625,-0.010691370,3.212247372,1.337696671,-0.714866877,-0.002905418,0.003550290
19.071323970,-0.032084499,-0.133513406,-0.100276113,0.159317538,0.014075680,-0.407375425,0.020817209,0.180388734,-0.182267353,-0.180628031,-0.028114509,0.197765872,-202.971008301,-890.498718262,2275.862548828,-2084.368164062,2499.921630859,16488.316406250,-0.010990614,3.203947067,1.375673294,-0.695292175,-0.002668041,0.003221879
19.091383501,-0.031454716,-0.127836540,-0.105038002,0.152643412,0.013149720,-0.399214864,0.012747803,0.138177618,-0.096070692,-0.160937399,-0.022181723,0.165701076,-253.197341919,-427.476013184,302.911712646,2964.922851562,406.524353027,4299.263183594,-0.035305664,2.952021122,1.297707200,-0.609960079,-0.008739953,0.001179297
19.111445382,-0.031200320,-0.125061557,-0.107825793,0.152051687,0.012604818,-0.395732522,0.015715050,0.150394991,-0.139321893,-0.072216071,-0.022243746,0.115870290,59.796646118,-655.941467285,1925.026977539,-2918.700927734,1213.058227539,3361.376708984,0.017653916,3.006802797,1.358905792,-0.722721756,-0.002182127,0.001107788
19.131516995,-0.030830750,-0.122194953,-0.110409558,0.149358913,0.012094832,-0.390908688,0.019324545,0.162318856,-0.151687816,-0.140888542,-0.022074541,0.144274026,-162.887268066,-171.175262451,655.038391113,-1653.868896484,1395.027221680,9557.020507812,-0.011155462,3.054377317,1.281719804,-0.713795960,-0.003354168,0.002981636
19.151580101,-0.030478356,-0.119180456,-0.113191850,0.146087125,0.011535470,-0.385511756,0.019567048,0.166505098,-0.152783841,-0.179998711,-0.023806022,0.184704423,-158.137588501,-478.993255615,1265.328002930,-1366.436767578,1666.669555664,12165.442382812,-0.010962812,3.008895874,1.361987829,-0.679983735,-0.002384904,0.003584380
19.171741085,-0.030101020,-0.116143279,-0.116025791,0.142946213,0.010980081,-0.380086243,0.020739704,0.168690607,-0.157212749,-0.174972326,-0.024440773,0.200660318,-174.344665527,-529.501892090,1341.954711914,-1143.676879883,1771.692749023,11758.533203125,-0.013553237,3.000196457,1.388752937,-0.663368464,-0.002366003,0.003240183
19.191906440,-0.029715583,-0.113114193,-0.118799418,0.139740705,0.010426264,-0.374685675,0.021166807,0.168829292,-0.155134425,-0.178436279,-0.024743771,0.201268554,-279.666687012,-703.032104492,1823.259277344,-1652.091186523,2559.119140625,15895.479492188,-0.016833503,3.002690315,1.401788712,-0.656497538,-0.002521751,0.002969874
19.212048564,-0.029093061,-0.107734643,-0.122824065,0.133335799,0.009586071,-0.366322458,0.012311801,0.131684586,-0.079712868,-0.149699807,-0.020176159,0.169380307,-161.460540771,-260.900512695,200.903808594,1750.977539062,270.670135498,2810.499511719,-0.033123005,2.731436014,1.333135486,-0.580215931,-0.008053474,0.001250471
19.232251247,-0.028817713,-0.105143733,-0.125099152,0.132610574,0.009106155,-0.362764508,0.016711436,0.141458526,-0.114432439,-0.074898072,-0.018549809,0.119437665,63.090660095,-819.031921387,2497.107910156,-4056.731689453,2011.107666016,5616.733398438,0.013034438,2.780769348,1.362697124,-0.684329987,-0.001741624,0.001124160
19.252313291,-0.028450079,-0.102453224,-0.127195820,0.129895285,0.008656573,-0.357867479,0.019121710,0.151939929,-0.123267680,-0.142802522,-0.018618587,0.147314265,-133.097671509,-78.736503601,319.098022461,-848.842529297,886.863769531,6113.518066406,-0.016034875,2.807152271,1.298448443,-0.673490107,-0.003146488,0.002987000
19.272468944,-0.028097652,-0.099649251,-0.129433885,0.126732022,0.008162203,-0.352416515,0.019636158,0.154895037,-0.122772932,-0.173820987,-0.019702662,0.187542707,-178.398193359,-391.773223877,1006.218261719,-942.310546875,1670.474121094,11982.359375000,-0.011738662,2.755396605,1.365059018,-0.642516732,-0.001830053,0.003589038
19.292555903,-0.027716190,-0.096842408,-0.131681263,0.123724557,0.007678254,-0.346944928,0.020798473,0.156033427,-0.124906383,-0.167755738,-0.020040106,0.202919513,-201.395034790,-384.282470703,958.709045410,-739.326293945,1634.097900391,10674.935546875,-0.016380869,2.742620230,1.379980206,-0.630902350,-0.002028805,0.003224414
19.312729723,-0.027113620,-0.091904342,-0.134749830,0.117977105,0.006927736,-0.339163005,0.013015832,0.123013340,-0.058417685,-0.144719630,-0.020020403,0.126822740,-329.608215332,-539.691467285,572.153564453,2716.961669922,432.850250244,4217.603027344,-0.028745215,2.478107691,1.309101224,-0.578000605,-0.007959045,0.000884065
19.332815583,-0.026830582,-0.089477323,-0.136586592,0.117079832,0.006522115,-0.335239828,0.017248021,0.132958815,-0.092385575,-0.078857936,-0.015873104,0.117701277,13.212881088,-707.663330078,2168.602783203,-3653.510253906,2101.341064453,10536.727539062,0.010592034,2.515198231,1.317303896,-0.660939813,-0.001754119,0.001940684
19.352902400,-0.026468769,-0.086993463,-0.138196483,0.114367507,0.006136999,-0.330183178,0.018739391,0.140289754,-0.095950454,-0.142284840,-0.015087188,0.158788905,-393.742492676,-128.297790527,511.643829346,-1477.034057617,2156.812744141,16767.113281250,-0.016625833,2.531373501,1.259190202,-0.648353219,-0.003125482,0.003291987
19.373053647,-0.026113443,-0.084413663,-0.139948606,0.111356504,0.005701993,-0.324782193,0.019737827,0.142403170,-0.095463634,-0.166624725,-0.015510475,0.191796243,-8.572107315,-13.963565826,34.715190887,-30.273639679,71.249549866,483.608215332,-0.010806555,2.484743834,1.319775820,-0.623626471,-0.001468790,0.003434100
19.393125036,-0.025531473,-0.079809643,-0.142388105,0.105945550,0.005037688,-0.316575050,0.010775025,0.114171006,-0.045235548,-0.121250309,-0.015952475,0.166854396,-385.525421143,-557.160766602,394.775909424,3630.151611328,808.044372559,6417.348632812,-0.020621788,2.226833582,1.247217059,-0.568448484,-0.006740726,0.001148158
19.413183950,-0.025223568,-0.077623419,-0.143746600,0.105044238,0.004689523,-0.313093811,0.017835950,0.120534554,-0.068367451,-0.076470740,-0.011136208,0.116708852,-1.808928967,-15.686406136,51.025550842,-102.726432800,69.268424988,174.970001221,0.008274133,2.274189711,1.241910219,-0.652886987,-0.001524048,0.001010902
19.433267958,-0.024878338,-0.075338006,-0.145000517,0.102405570,0.004333302,-0.308280408,0.017992111,0.128466338,-0.074163310,-0.139796779,-0.012755914,0.144726664,-299.635040283,-74.641723633,293.302062988,-951.326721191,1563.143798828,10333.127929688,-0.014651868,2.284175396,1.205808520,-0.638310850,-0.002683659,0.002900313
19.453330102,-0.024517749,-0.072989576,-0.146338955,0.099464968,0.003957774,-0.302903980,0.019872593,0.129810944,-0.073240273,-0.161676943,-0.012022594,0.185407475,-247.366165161,-272.273529053,632.052185059,-457.847442627,1780.417114258,11950.980468750,-0.010348018,2.248537064,1.257183671,-0.612560987,-0.001184983,0.003491615
19.473391217,-0.024139348,-0.070664681,-0.147644296,0.096620522,0.003584258,-0.297529519,0.020351600,0.129378006,-0.072852179,-0.158623174,-0.012729323,0.200356469,-259.231475830,-222.473648071,506.300659180,-299.422637939,1536.268188477,9387.153320312,-0.016681548,2.246829033,1.266595602,-0.604247332,-0.001608202,0.003097742
19.493449845,-0.023556454,-0.066467643,-0.149377093,0.091331817,0.002989425,-0.289428860,0.010837352,0.105317555,-0.031214656,-0.115903281,-0.014325640,0.164225116,-198.713180542,-283.697082520,225.489471436,1705.080078125,470.882598877,3236.472167969,-0.016760338,2.002505302,1.209562063,-0.559392512,-0.006062040,0.001104899
19.513510942,-0.023226509,-0.064513527,-0.150269672,0.090221211,0.002711612,-0.285964310,0.018482612,0.108551420,-0.045436691,-0.082856625,-0.007315444,0.116304316,-134.539596558,-234.898437500,796.274108887,-1813.786499023,1632.553588867,4141.309082031,0.001750556,2.053881407,1.184242845,-0.631673753,-0.001756332,0.000987279
19.533595892,-0.022889564,-0.062462293,-0.151097313,0.087606177,0.002394482,-0.281216502,0.017723825,0.114937440,-0.049063407,-0.140074521,-0.009529886,0.143780738,-368.809570312,-53.548042297,208.825698853,-769.773376465,1808.643676758,11257.404296875,-0.014438175,2.062370539,1.165105700,-0.618168056,-0.002224038,0.002831463
19.553680122,-0.022519452,-0.060374312,-0.151959211,0.084739201,0.002083611,-0.275931031,0.020015029,0.115514882,-0.047182847,-0.157468751,-0.007716100,0.183172196,-367.056732178,-233.716415405,493.563812256,-202.216827393,2134.898193359,13586.378906250,-0.013804171,2.037934303,1.207005978,-0.594672203,-0.001074828,0.003368148
19.573834420,-0.022143424,-0.058318153,-0.152764335,0.081950381,0.001762394,-0.270659626,0.020103153,0.114471391,-0.045116071,-0.155528188,-0.008629221,0.197058812,-268.236633301,-136.862701416,285.621917725,-79.194892883,1400.239624023,7972.803710938,-0.018255079,2.042570829,1.215335846,-0.587628603,-0.001289726,0.002976112
19.593915419,-0.021564795,-0.054553661,-0.153736487,0.076945283,0.001239978,-0.262712628,0.010614667,0.095694982,-0.015258706,-0.106728703,-0.012341130,0.160910100,-385.976745605,-509.068847656,403.848480225,3057.418945312,1113.581665039,6280.859375000,-0.013303364,1.811554909,1.165453911,-0.551461279,-0.005215974,0.001062836
19.614005081,-0.021218210,-0.052827682,-0.154154316,0.075669490,0.001037100,-0.259314001,0.018610081,0.096567422,-0.021531977,-0.087031782,-0.003261606,0.114395306,-342.883483887,-144.860977173,563.945739746,-1688.335937500,2197.307128906,5382.536132812,-0.005920635,1.862044334,1.124593377,-0.612132311,-0.002173184,0.000909880
19.634158667,-0.020890743,-0.051004771,-0.154544935,0.073119372,0.000758313,-0.254675448,0.017410623,0.101788633,-0.023504239,-0.137934431,-0.005827790,0.141091496,-551.522705078,-25.303894043,116.392387390,-656.800476074,2610.931396484,14838.529296875,-0.014462988,1.866904259,1.119174480,-0.599699616,-0.001653983,0.002725622
19.654309350,-0.020515691,-0.049165562,-0.154924616,0.070353359,0.000511269,-0.249512494,0.019736970,0.101861350,-0.020812906,-0.151746929,-0.003307043,0.179380104,-541.089904785,-169.948684692,288.359985352,136.461730957,2533.299316406,15177.972656250,-0.018422145,1.850722909,1.150714755,-0.578781426,-0.001090536,0.003214864
19.674369323,-0.020143183,-0.047361180,-0.155229345,0.067641258,0.000241911,-0.244372576,0.019721255,0.100490391,-0.017358568,-0.151185006,-0.004133127,0.192576855,-13.505911827,-3.368952751,5.532827377,4.555555344,62.807525635,327.777008057,-0.020251151,1.857977867,1.156832099,-0.572927237,-0.000952744,0.002831273
19.694430685,-0.019573519,-0.043998599,-0.155430973,0.062987581,-0.000210578,-0.236675695,0.010450712,0.086934559,0.001073652,-0.095977724,-0.010014573,0.155672714,-345.475280762,-411.214294434,326.980224609,2470.634765625,1236.979614258,5480.654296875,-0.010317082,1.631279945,1.108816028,-0.546487927,-0.004304023,0.000985712
19.714514336,-0.019220173,-0.042479374,-0.155380279,0.061579600,-0.000340985,-0.233379826,0.018043336,0.085687689,0.002122608,-0.089079231,0.000558580,0.110885181,-471.948760986,16.135545731,51.017417908,-766.627014160,1896.774047852,4472.719726562,-0.013290013,1.675341964,1.052141428,-0.595562041,-0.002782803,0.000807165
19.734600242,-0.018899841,-0.040866710,-0.155335665,0.059140880,-0.000577143,-0.228892207,0.017093141,0.089699037,0.001842451,-0.133304566,-0.001424517,0.137003168,-162.468032837,6.118905544,-15.004251480,-69.394897461,730.069458008,3726.927001953,-0.014978534,1.673674583,1.057066321,-0.585268080,-0.001124709,0.002584115
19.754743738,-0.018530205,-0.039255865,-0.155241519,0.056516670,-0.000767880,-0.223913148,0.018816428,0.089316919,0.005132340,-0.143752486,0.000955502,0.173583105,-749.596801758,-83.365020752,14.312290192,564.102844238,2893.095703125,16139.359375000,-0.022325795,1.660385370,1.076784730,-0.567258656,-0.001177792,0.003009037
19.774884461,-0.018162254,-0.037682600,-0.155056804,0.053922381,-0.000981684,-0.218965545,0.019059671,0.087663189,0.009733749,-0.144457385,0.000819085,0.185735032,-638.203735352,-38.735431671,-46.420719147,508.953369141,2595.919189453,12262.688476562,-0.022422122,1.666021824,1.078458667,-0.562864542,-0.000761748,0.002627519
19.795023710,-0.017603867,-0.034681294,-0.154509574,0.049654301,-0.001371118,-0.211553603,0.010321211,0.079189144,0.017100181,-0.085016586,-0.007272279,0.149528846,-333.047210693,-336.185668945,267.147979736,1995.958618164,1429.717285156,4949.193359375,-0.007854166,1.440278053,1.030403495,-0.546322584,-0.003385810,0.000909590
19.815176820,-0.017253384,-0.033345863,-0.154014230,0.048137750,-0.001437227,-0.208369777,0.016860610,0.076017275,0.024543252,-0.089638680,0.004004036,0.106840909,-643.435302734,147.504577637,-386.109558105,11.846546173,1793.567138672,4077.868164062,-0.018951328,1.475805163,0.958970010,-0.583982468,-0.003453862,0.000696807
19.835233716,-0.016935281,-0.031925313,-0.153550729,0.045829169,-0.001623628,-0.204046324,0.016713241,0.078691110,0.026092522,-0.127615795,0.003712920,0.132478356,-718.749633789,72.252265930,-242.193023682,133.335159302,2895.479492188,13233.607421875,-0.016499311,1.467722058,0.971781850,-0.576481879,-0.000802309,0.002410394
19.855440193,-0.016578894,-0.030521270,-0.153010905,0.043359224,-0.001771073,-0.199275389,0.017463636,0.077935144,0.029601980,-0.135134935,0.005116533,0.166850090,-906.072631836,15.677611351,-284.953125000,971.332092285,3004.218017578,15315.638671875,-0.024535142,1.455420136,0.980609775,-0.561412930,-0.001182868,0.002771808
19.875620524,-0.016215030,-0.029158751,-0.152365431,0.040889502,-0.001927269,-0.194540277,0.018062545,0.075985461,0.035126332,-0.137150005,0.006023964,0.177806348,-908.486511230,60.969467163,-371.862457275,1008.845153809,3125.734375000,13348.625000000,-0.024978679,1.458508492,0.977161825,-0.558184743,-0.000810348,0.002384349
19.895705200,-0.015671510,-0.026499741,-0.151128381,0.037117530,-0.002304679,-0.187872723,0.010766840,0.072640441,0.030937778,-0.075823814,-0.009615798,0.109166808,-395.240722656,-263.127777100,185.003234863,1579.321533203,1703.871337891,3783.510742188,-0.007220098,1.236013174,0.925085664,-0.553325474,-0.002792837,0.000631997
19.915842039,-0.015333566,-0.025334582,-0.150214344,0.035444982,-0.002278341,-0.184512913,0.015682044,0.067079678,0.045340750,-0.091514684,0.006021068,0.103050910,-885.896728516,279.624725342,-885.570068359,1025.485351562,1734.991577148,7521.364746094,-0.022911411,1.257755518,0.843873262,-0.576172233,-0.004303618,0.001280261
19.935987541,-0.015020779,-0.024099093,-0.149365053,0.033299528,-0.002402385,-0.180264190,0.015979778,0.068083845,0.048610527,-0.120803140,0.008913031,0.136520952,-839.418823242,107.973709106,-403.284851074,501.150146484,2856.687744141,13101.737304688,-0.018393897,1.244776011,0.864166021,-0.573514760,-0.000893671,0.002421617
19.956141338,-0.014681011,-0.022891961,-0.148417532,0.030985344,-0.002514695,-0.175764680,0.015856288,0.067130968,0.051894724,-0.126418337,0.009236297,0.161523178,-954.042480469,106.628799438,-539.141784668,1239.868774414,2772.981689453,12445.128906250,-0.024984587,1.236059904,0.862060785,-0.561644316,-0.001269108,0.002387560
19.976199101,-0.014159043,-0.020522390,-0.146658853,0.027575640,-0.002791405,-0.169046357,0.009599176,0.065261513,0.043106005,-0.063187405,-0.000973939,0.134562850,-366.297607422,-239.932754517,208.399673462,1120.128662109,1879.489990234,3975.561279297,-0.003060238,1.020658135,0.813881397,-0.563993275,-0.001911079,0.000697805
19.996377609,-0.013844186,-0.019501610,-0.145480290,0.025952723,-0.002773108,-0.166179150,0.013027610,0.059354629,0.058606714,-0.085178405,0.008713341,0.094922863,-959.588439941,365.859252930,-1188.671875000,1513.573486328,1598.700317383,3143.806152344,-0.021511849,1.041377664,0.721844673,-0.580468118,-0.004636209,0.000421359
20.016442033,-0.013529821,-0.018428756,-0.144352064,0.023924142,-0.002845798,-0.162257433,0.014771682,0.059011087,0.064067818,-0.114225082,0.013784506,0.119476832,-798.448547363,126.936508179,-489.882507324,691.324829102,2217.521484375,8705.838867188,-0.020506907,1.029257298,0.745496929,-0.578060865,-0.001375902,0.001961727
20.036587305,-0.013210213,-0.017391372,-0.143131733,0.021762010,-0.002939584,-0.157951400,0.014235103,0.057672326,0.067138813,-0.118309826,0.013007271,0.149930120,-334.833526611,50.648326874,-229.421844482,469.491424561,906.360778809,3794.655761719,-0.023727771,1.024703860,0.742665291,-0.568005502,-0.001067234,0.002264797
20.056749096,-0.012868386,-0.016404605,-0.141789168,0.019534972,-0.003004815,-0.153695092,0.014690870,0.055186246,0.073281415,-0.122438118,0.014484115,0.158783391,-1100.593383789,207.376449585,-834.740722656,1591.902587891,2704.224365234,9817.726562500,-0.027435509,1.028379679,0.733386099,-0.565178871,-0.001510815,0.001854599
20.076893874,-0.012350673,-0.014369240,-0.139481395,0.016350884,-0.003239644,-0.147365615,0.009483186,0.057520017,0.055202860,-0.057600498,0.002445759,0.125289261,-422.401733398,-186.494369507,162.476867676,750.493041992,2047.733154297,3370.364013672,-0.003431655,0.820297837,0.691873074,-0.573779583,-0.001400064,0.000576182
20.097058840,-0.012059202,-0.013515045,-0.137994930,0.014646856,-0.003195295,-0.144641176,0.010925125,0.050501790,0.073765762,-0.084366359,0.010322431,0.089010924,-661.805114746,291.378509521,-982.557434082,1469.169189453,891.173095703,1693.749145508,-0.021382725,0.836500764,0.592484593,-0.580149710,-0.005071908,0.000321740
20.117204834,-0.011748347,-0.012626130,-0.136559978,0.012734002,-0.003205312,-0.140950814,0.013090075,0.048708234,0.081318341,-0.108582601,0.018237062,0.112317748,-355.336791992,65.017776489,-251.721725464,394.902343750,759.622680664,2896.040771484,-0.024206446,0.824446440,0.619496524,-0.580501497,-0.002283006,0.001684271
20.137267781,-0.011445344,-0.011776331,-0.135032520,0.010713821,-0.003272373,-0.136926368,0.012468537,0.047283411,0.084097311,-0.110590518,0.017219868,0.139501303,-776.963745117,157.404876709,-639.354614258,1207.469116211,1866.330810547,7028.095703125,-0.024139887,0.823940694,0.612842083,-0.572907805,-0.001222069,0.001943600
20.157415328,-0.011122905,-0.010977126,-0.133382082,0.008616360,-0.003305862,-0.132968858,0.012411310,0.044808306,0.090051882,-0.114491306,0.017799882,0.146499529,-506.276306152,118.633369446,-451.119384766,821.135070801,1057.040161133,3517.883300781,-0.028254423,0.826939821,0.600778341,-0.570242882,-0.001985428,0.001542070
20.177483346,-0.010620540,-0.009257977,-0.130603269,0.005780630,-0.003484965,-0.127093688,0.008974672,0.050147809,0.065659672,-0.049880020,0.005978741,0.114852220,-429.230712891,-124.012245178,124.876823425,289.907257080,1913.711181641,2450.127441406,-0.004197420,0.627713025,0.562142074,-0.586462140,-0.001129446,0.000443091
20.197542078,-0.010360789,-0.008549543,-0.128874943,0.004066952,-0.003429643,-0.124572165,0.008624990,0.042714983,0.085513540,-0.079840854,0.011123418,0.081087023,-1054.613403320,531.012451172,-1832.153442383,2986.744628906,1204.634277344,2030.840332031,-0.019377533,0.636366785,0.457058102,-0.583287120,-0.005317417,0.000199747
20.217604247,-0.010063028,-0.007826873,-0.127186134,0.002302101,-0.003383520,-0.121162675,0.010792223,0.039509226,0.095240228,-0.100488447,0.021034934,0.102685578,-1410.355590820,294.399291992,-1136.292114258,1885.152221680,2264.883056641,8757.142578125,-0.026721479,0.623345494,0.483866006,-0.586038291,-0.003429035,0.001387994
20.237675265,-0.009778683,-0.007142440,-0.125416547,0.000465203,-0.003420599,-0.117462188,0.010514922,0.038086265,0.097558834,-0.100744814,0.020610884,0.127153486,-1348.665161133,323.011505127,-1246.689697266,2246.586425781,2809.569335938,9732.402343750,-0.024390610,0.623688221,0.474584430,-0.581262529,-0.001648752,0.001617413
20.257743714,-0.009480990,-0.006509589,-0.123519741,-0.001478893,-0.003432477,-0.113824882,0.010044785,0.035649829,0.103297323,-0.105022155,0.019993261,0.132844388,-459.139343262,127.113677979,-468.297668457,829.733703613,831.466064453,2536.783691406,-0.027825397,0.626305878,0.459272593,-0.578674078,-0.002409306,0.001247803
20.277810136,-0.009000708,-0.005074016,-0.120370507,-0.003954394,-0.003557131,-0.108431436,0.008321420,0.043364126,0.074055053,-0.042390268,0.008799218,0.104085781,-549.977172852,-97.119659424,117.799179077,-58.463951111,2147.892089844,2161.598144531,-0.005418509,0.435347557,0.423433542,-0.601509869,-0.001137112,0.000315899
20.297949061,-0.008773470,-0.004493684,-0.118461654,-0.005642131,-0.003498923,-0.106117845,0.006607350,0.035841867,0.094139785,-0.073934734,0.011321357,0.073095702,-1080.674682617,614.487792969,-2158.152099609,3719.101562500,1104.984008789,1566.881225586,-0.016488595,0.437434971,0.315496206,-0.590087652,-0.005362850,0.000099124
20.318083276,-0.008494381,-0.003921870,-0.116567917,-0.007271701,-0.003410014,-0.102982655,0.008396132,0.031278335,0.106093414,-0.092431977,0.022090657,0.093029700,-1140.373291016,272.634796143,-1046.031860352,1797.089965820,1369.430786133,5560.242675781,-0.027914172,0.425855577,0.340373009,-0.594447613,-0.004477461,0.001121967
20.338230979,-0.008226643,-0.003385568,-0.114609659,-0.008936616,-0.003415042,-0.099588610,0.008675861,0.029826779,0.108104981,-0.091576703,0.022811214,0.115421347,-1359.510375977,362.061248779,-1359.814819336,2382.684814453,2396.466796875,7815.209960938,-0.025057424,0.427725941,0.330932707,-0.592233241,-0.002230915,0.001322783
20.358383665,-0.007954028,-0.002900543,-0.112525359,-0.010729126,-0.003412585,-0.096261963,0.008010894,0.027516359,0.113316901,-0.095693626,0.021077707,0.120142132,-1417.545166016,444.744140625,-1611.682006836,2821.930419922,2283.518066406,6304.756347656,-0.027023787,0.430504262,0.313403457,-0.589616537,-0.002682578,0.000989471
20.378532734,-0.007498752,-0.001724291,-0.109090120,-0.012886506,-0.003488242,-0.091330417,0.007732367,0.037004225,0.080682881,-0.036266062,0.010528672,0.094304375,-644.151855469,-62.282867432,98.608871460,-397.258087158,2148.780517578,1711.815185547,-0.007207120,0.250215948,0.281122148,-0.617811501,-0.001293987,0.000205195
20.398619927,-0.007302004,-0.001257512,-0.107055731,-0.014528026,-0.003430205,-0.089221425,0.005074084,0.029707685,0.100025080,-0.067605004,0.010925181,0.065948732,-1015.830810547,641.694824219,-2286.033447266,4100.890136719,983.471923828,1085.336791992,-0.013706985,0.246840060,0.172896221,-0.599427700,-0.005250072,0.000018267
20.418742459,-0.007046904,-0.000818708,-0.105016261,-0.016019300,-0.003314501,-0.086376809,0.006249863,0.024094643,0.113512136,-0.083847173,0.021385340,0.083692215,-1488.930297852,405.226196289,-1546.446777344,2725.900146484,1368.106201172,5845.543945312,-0.027847856,0.235915333,0.194116846,-0.605046213,-0.005225107,0.000882712
20.438884728,-0.006797511,-0.000411513,-0.102931261,-0.017508622,-0.003289757,-0.083307996,0.007058645,0.022633076,0.115203336,-0.082146578,0.023204027,0.103752896,-1610.624511719,463.980163574,-1715.910522461,2958.594726562,2385.471923828,7386.597656250,-0.025662161,0.237870976,0.184809789,-0.605273843,-0.002838993,0.001048786
20.459032009,-0.006550970,-0.000053409,-0.100728124,-0.019135371,-0.003275348,-0.080309667,0.006435922,0.020531511,0.119616710,-0.085720621,0.020797020,0.107695200,-63.965320587,22.067388535,-79.329521179,138.235946655,93.328620911,230.359512329,-0.026114553,0.239760995,0.165598422,-0.602801383,-0.002867618,0.000761941
20.479181041,-0.006128927,0.000892874,-0.097114421,-0.020982834,-0.003309271,-0.075869076,0.007260504,0.031165633,0.085010640,-0.030714020,0.010830343,0.084895916,-95.047866821,-3.806677580,9.080302238,-87.333076477,272.345397949,174.502502441,-0.008879928,0.070428766,0.136036336,-0.635107160,-0.001551931,0.000115205
20.499244646,-0.005961926,0.001262648,-0.095021479,-0.022540031,-0.003251045,-0.073978089,0.004030598,0.024373861,0.102692649,-0.060271200,0.009816556,0.059239641,-1058.061035156,729.944213867,-2634.725097656,4868.682128906,1002.065246582,828.310424805,-0.011042288,0.061599929,0.030629659,-0.611482024,-0.005089317,-0.000039065
20.519386057,-0.005734392,0.001585257,-0.092897564,-0.023893690,-0.003120965,-0.071432300,0.004560326,0.017922651,0.117318168,-0.074798584,0.019334130,0.074725136,-1701.456176758,528.133605957,-2006.164916992,3606.195800781,1231.864501953,5542.704589844,-0.026751723,0.052339908,0.046549678,-0.617634952,-0.005680577,0.000685022
20.539524718,-0.005505215,0.001879931,-0.090746313,-0.025213156,-0.003071493,-0.068687670,0.005817910,0.016373038,0.118940420,-0.072967663,0.021986129,0.092812084,-635.668212891,195.881134033,-718.376708984,1228.648071289,794.450012207,2379.107666016,-0.025983207,0.054624256,0.038428109,-0.619969189,-0.003379848,0.000823410
20.559689917,-0.005284679,0.002129253,-0.088490672,-0.026669757,-0.003046516,-0.066014834,0.005424012,0.014524743,0.122395270,-0.075788461,0.019305095,0.096383229,-37.988506317,14.130739212,-50.638580322,88.138061523,50.886737823,113.719795227,-0.025172170,0.055950854,0.018909579,-0.617739618,-0.003011022,0.000584221
20.579746733,-0.004901710,0.002869492,-0.084799901,-0.028235909,-0.003046373,-0.062064271,0.007026885,0.025736308,0.087106541,-0.026078612,0.009868585,0.076393813,-794.699218750,2.114207983,33.035297394,-885.904663086,2003.150390625,1112.614746094,-0.009935826,-0.100252286,-0.007812449,-0.652644932,-0.001896008,0.000057908
20.599888095,-0.004763294,0.003156276,-0.082711726,-0.029680576,-0.002986727,-0.060397528,0.003470171,0.019690374,0.102394044,-0.052639723,0.008097018,0.053174235,-915.403625488,691.473999023,-2523.882324219,4769.460937500,848.137878418,561.552673340,-0.008347520,-0.113990620,-0.107432880,-0.625533521,-0.005000282,-0.000066959
20.620035758,-0.004564721,0.003377282,-0.080560803,-0.030906089,-0.002850771,-0.058147654,0.003399017,0.012615590,0.117786102,-0.065852597,0.016459828,0.066361770,-1497.646972656,534.675170898,-2022.433837891,3699.181152344,859.985961914,4235.138671875,-0.024780987,-0.120217748,-0.097636268,-0.631348133,-0.005971058,0.000536587
20.640177832,-0.004357393,0.003574561,-0.078402065,-0.032063551,-0.002783309,-0.055721592,0.005007857,0.010958774,0.119446807,-0.064241573,0.019577064,0.082723044,-1315.617309570,436.443908691,-1591.281738281,2714.135986328,1394.014770508,4216.126464844,-0.025613321,-0.117320970,-0.103744172,-0.635529399,-0.003872497,0.000655370
20.660323029,-0.004162877,0.003731529,-0.076156266,-0.033351697,-0.002749332,-0.053368505,0.004922809,0.009399839,0.121874921,-0.066255741,0.016874220,0.086043477,-1345.112792969,541.473693848,-1936.293457031,3373.630859375,1660.455932617,3536.579833984,-0.023744134,-0.116105080,-0.122385129,-0.633592486,-0.003222602,0.000460505
20.680484281,-0.003824238,0.004289840,-0.072489545,-0.034664061,-0.002721539,-0.049907342,0.006954395,0.020747054,0.086917154,-0.022223838,0.008072242,0.068339705,-668.674560547,27.950010300,-9.222805977,-870.134277344,1524.489257812,854.574340820,-0.009737882,-0.257690310,-0.146296322,-0.669627249,-0.002399502,0.000038509
20.700567540,-0.003712447,0.004502098,-0.070451051,-0.035992607,-0.002657632,-0.048450831,0.003175711,0.015401267,0.099959314,-0.045751836,0.006242922,0.047536138,-831.557312012,708.171142578,-2606.910644531,5020.536621094,710.913879395,514.316955566,-0.005518206,-0.273658156,-0.237595364,-0.640256763,-0.005119395,-0.000057765
20.720650343,-0.003542565,0.004638537,-0.068335943,-0.037082057,-0.002522776,-0.046490986,0.002663265,0.008178820,0.115043007,-0.056910664,0.013429836,0.058650050,-1425.416137695,584.507812500,-2201.629638672,4079.563720703,628.919921875,3730.557617188,-0.022003539,-0.277475923,-0.232845828,-0.645830691,-0.006193579,0.000438262
20.740709795,-0.003359181,0.004754965,-0.066227697,-0.038085572,-0.002445575,-0.044383470,0.004497326,0.006501129,0.116637118,-0.055716228,0.016522709,0.072992355,-1428.595214844,523.455627441,-1896.153442383,3235.886962891,1283.838378906,4156.243164062,-0.023977306,-0.274177074,-0.237902775,-0.651239276,-0.004347508,0.000533116
20.760851152,-0.003191514,0.004837500,-0.064053275,-0.039205700,-0.002404380,-0.042350143,0.004679919,0.005238382,0.118085347,-0.057046015,0.013946464,0.075852863,-1272.103149414,566.303527832,-2019.451538086,3526.780029297,1434.431274414,3147.880126953,-0.021263327,-0.273531854,-0.254796803,-0.649711013,-0.003591241,0.000380353
20.780994113,-0.002901009,0.005239814,-0.060505942,-0.040290110,-0.002353345,-0.039368637,0.006800135,0.016280105,0.084487565,-0.018913502,0.006153640,0.060255993,-668.856506348,57.200321198,-49.745273590,-1044.273803711,1403.948852539,957.234924316,-0.008170236,-0.399299979,-0.275882542,-0.685491025,-0.003072127,0.000051706
20.801147277,-0.002814691,0.005391022,-0.058570702,-0.041482467,-0.002285873,-0.038122125,0.002884811,0.011746312,0.095018953,-0.038954515,0.004624759,0.041725986,-666.196105957,667.212951660,-2471.802734375,4832.468750000,485.435485840,504.282714844,-0.002277520,-0.417141438,-0.357160568,-0.655508697,-0.005401368,-0.000028741
20.821299479,-0.002672476,0.005457900,-0.056541648,-0.042444482,-0.002156446,-0.036439989,0.002051880,0.004565369,0.109520629,-0.048363890,0.010752865,0.050901882,-1181.719482422,562.602355957,-2112.015136719,3964.477783203,356.031463623,3002.299316406,-0.018616498,-0.417874485,-0.357183456,-0.660197377,-0.006421032,0.000369350
20.841447750,-0.002513068,0.005506601,-0.054527529,-0.043310452,-0.002075142,-0.034629658,0.004042486,0.002798317,0.111320302,-0.047923818,0.013617823,0.063538812,-1415.026000977,583.121093750,-2099.551025391,3598.963134766,1055.164550781,3938.631347656,-0.021550467,-0.413077652,-0.361000061,-0.666319311,-0.004824229,0.000449129
20.861606136,-0.002371286,0.005527274,-0.052465525,-0.044278093,-0.002028638,-0.032889646,0.004441704,0.001757085,0.112088934,-0.048888281,0.011276275,0.066136427,-930.047607422,467.450592041,-1660.512329102,2910.681152344,942.340026855,2311.320068359,-0.018193146,-0.411720097,-0.375120372,-0.665144682,-0.004061198,0.000334376
20.881777869,-0.002114650,0.005816496,-0.049171116,-0.045099795,-0.001990550,-0.030475097,0.008714499,0.012441078,0.079224326,-0.012154513,0.002390200,0.043982994,-345.043304443,-40.118041992,288.014190674,-1572.357543945,1249.538452148,848.641357422,-0.002560243,-0.525865138,-0.380422384,-0.700716674,-0.002891843,0.000095381
20.901932159,-0.002071638,0.005901729,-0.047339935,-0.046188284,-0.001911780,-0.029336425,0.002405819,0.008486982,0.088111788,-0.030975902,0.001066206,0.036543258,-14.946915627,26.909358978,-97.941658020,191.244949341,5.187540531,72.556396484,0.004942186,-0.536134481,-0.468666643,-0.669928074,-0.005999930,0.000283781
20.922089894,-0.001953940,0.005910971,-0.045430250,-0.047050577,-0.001767695,-0.027875986,0.001021441,0.001497245,0.102409340,-0.041682918,0.008502415,0.046180755,-28.855913162,16.041538239,-59.807548523,113.053359985,-1.284524798,82.274909973,-0.015470283,-0.536792934,-0.467860430,-0.673950553,-0.007215126,0.000381959
20.942253032,-0.001813962,0.005908603,-0.043556474,-0.047781531,-0.001684129,-0.026360398,0.003569874,-0.000088777,0.103741758,-0.040773004,0.011838193,0.055028748,-1091.997558594,494.335723877,-1775.100341797,3059.431640625,623.668273926,2734.295654297,-0.019134294,-0.532225907,-0.468854249,-0.680475891,-0.005346256,0.000332891
20.962410011,-0.001616806,0.006104687,-0.040484842,-0.048490938,-0.001645793,-0.024188168,0.005700570,0.009784546,0.073782973,-0.013290036,0.003244822,0.045406044,-362.156463623,78.475990295,-105.642753601,-853.786560059,812.263549805,812.929016113,-0.002450562,-0.624613047,-0.486467004,-0.710923553,-0.004041376,0.000088083
20.982556809,-0.001569777,0.006168814,-0.038841475,-0.049421310,-0.001573998,-0.023296390,0.001804382,0.006296536,0.080847815,-0.027800443,0.002611746,0.030576363,-13.759163857,19.168130875,-72.060501099,144.043014526,4.046104908,14.287814140,0.002789201,-0.640843451,-0.546723008,-0.682992876,-0.006056186,0.000004995
21.002712044,-0.001471071,0.006146527,-0.037098512,-0.050147664,-0.001461834,-0.022081511,0.001037554,-0.000162970,0.092996873,-0.033904329,0.007308620,0.037048105,-749.866149902,446.208679199,-1676.645751953,3198.517578125,43.477729797,1851.433349609,-0.012548367,-0.635855019,-0.551285982,-0.686218441,-0.006709190,0.000264567
21.022859421,-0.001356172,0.006107622,-0.035376146,-0.050785992,-0.001387757,-0.020776371,0.003125368,-0.001945615,0.094867945,-0.034734763,0.009225689,0.046693068,-40.922119141,21.124435425,-75.616622925,130.702941895,21.310455322,112.616889954,-0.015401371,-0.627498865,-0.553346694,-0.692250669,-0.005483033,0.000330929
21.043034369,-0.001261168,0.006050271,-0.033636369,-0.051496230,-0.001338869,-0.019535519,0.003590229,-0.002696432,0.094752878,-0.035508756,0.007316191,0.048522793,-809.544189453,523.262817383,-1850.405517578,3259.309814453,652.158569336,2200.441406250,-0.011287556,-0.623831391,-0.561411500,-0.691587090,-0.004935469,0.000268379
21.063230998,-0.001101894,0.006130185,-0.030821742,-0.052092291,-0.001254601,-0.017749982,0.004965038,0.006277008,0.067732707,-0.011968384,0.002967873,0.037621982,-6.594301224,2.006257772,-2.578843594,-19.515783310,10.940950394,17.407621384,-0.001611449,-0.700519741,-0.572201371,-0.720871687,-0.004940382,0.000090139
21.083292782,-0.001070743,0.006156041,-0.029354053,-0.052898619,-0.001189280,-0.017018216,0.001324652,0.003792360,0.072393812,-0.023362027,0.002657994,0.025340334,-286.016510010,489.011627197,-1835.717529297,3689.974609375,33.837539673,403.100769043,0.004092792,-0.716246545,-0.622284174,-0.694812238,-0.006199459,0.000025168
21.103355403,-0.000993180,0.006104335,-0.027799135,-0.053510670,-0.001095148,-0.016032493,0.000562626,-0.001784965,0.082544208,-0.027392639,0.005943683,0.030324087,-663.369995117,442.674377441,-1655.841308594,3178.170654297,0.692913651,1607.455078125,-0.009986213,-0.711247981,-0.628438056,-0.697353721,-0.006648558,0.000211176
21.123501466,-0.000901209,0.006041243,-0.026272142,-0.054034933,-0.001028383,-0.014981744,0.002541664,-0.003256991,0.083964735,-0.028240588,0.007240693,0.037994966,-32.552139282,19.006427765,-67.484634399,116.829528809,13.658400536,88.246345520,-0.012416210,-0.703834057,-0.630666316,-0.703213811,-0.005741469,0.000263913
21.143654586,-0.000829518,0.005966324,-0.024741812,-0.054616135,-0.000979954,-0.013988934,0.002914968,-0.003741479,0.083406329,-0.028851144,0.005731814,0.039234672,-643.080139160,480.991607666,-1690.730102539,2983.025634766,437.863433838,1827.134521484,-0.008179376,-0.701335549,-0.636905074,-0.702841818,-0.005356885,0.000224171
21.163792920,-0.000709817,0.005992549,-0.022277100,-0.055070110,-0.000896007,-0.012567807,0.003990632,0.004284861,0.059461657,-0.009510494,0.002496465,0.030118212,-118.822563171,50.672283173,-69.641326904,-427.046142578,175.094833374,368.005615234,-0.000295415,-0.765925467,-0.646259665,-0.728780329,-0.005372620,0.000083131
21.183939195,-0.000691955,0.006001420,-0.021012837,-0.055732321,-0.000837475,-0.011990962,0.000746565,0.002454624,0.062513582,-0.018341495,0.002364616,0.020070395,-218.772613525,438.963806152,-1653.156616211,3338.996826172,-19.583528519,340.661254883,0.004709648,-0.781723559,-0.687007427,-0.705933809,-0.006311605,0.000024593
21.204092287,-0.000633256,0.005940583,-0.019669633,-0.056226820,-0.000758515,-0.011212540,0.000148055,-0.002333915,0.070945621,-0.021014687,0.004787618,0.023942012,-565.899108887,412.737030029,-1544.946411133,2983.359863281,-32.670677185,1318.395141602,-0.007647238,-0.777489185,-0.694340885,-0.707835674,-0.006612064,0.000160116
21.224247713,-0.000563136,0.005870321,-0.018354718,-0.056641340,-0.000700314,-0.010385521,0.001927801,-0.003635188,0.072157755,-0.022014437,0.005648116,0.030080613,-634.550598145,414.536743164,-1467.838623047,2547.838134766,210.121597290,1709.673461914,-0.009386977,-0.771335423,-0.696867704,-0.713284135,-0.005935185,0.000207744
21.244397610,-0.000512157,0.005793729,-0.017049853,-0.057095375,-0.000655267,-0.009611499,0.002194108,-0.003924871,0.071237206,-0.022494778,0.004476697,0.030908134,-510.718750000,435.453369141,-1526.606689453,2686.915039062,289.063171387,1516.872558594,-0.005327727,-0.770440459,-0.701588750,-0.713419616,-0.005674549,0.000181807
21.264454506,-0.000426720,0.005792913,-0.014958980,-0.057420447,-0.000577410,-0.008513567,0.003042363,0.002969665,0.050533500,-0.007059853,0.002102376,0.023361376,-56.488666534,31.467443466,-46.825462341,-239.540573120,72.501190186,193.823425293,0.000839163,-0.824599624,-0.710096180,-0.735597491,-0.005683182,0.000068697
21.284537556,-0.000419034,0.005794270,-0.013904835,-0.057943173,-0.000527305,-0.008073472,0.000281577,0.001651665,0.052275352,-0.013769585,0.002058217,0.015383711,-152.052993774,351.194213867,-1331.765625000,2692.632812500,-41.765300751,248.257965088,0.005094640,-0.839939117,-0.742457807,-0.716427922,-0.006363337,0.000019833
21.304719964,-0.000376961,0.005736523,-0.012787987,-0.058322798,-0.000463483,-0.007481402,-0.000149875,-0.002283868,0.058806200,-0.015330071,0.003758181,0.018244842,-465.125335693,364.166717529,-1369.996582031,2649.583251953,-46.836090088,1034.069824219,-0.005206982,-0.837304771,-0.749998152,-0.717977822,-0.006554910,0.000115244
21.324863260,-0.000326697,0.005670603,-0.011699052,-0.058635816,-0.000414717,-0.006855445,0.001344090,-0.003401859,0.059651695,-0.016354427,0.004293615,0.022895128,-477.718170166,345.167999268,-1225.897338867,2126.146728516,120.867347717,1274.553466797,-0.006250538,-0.832831621,-0.752801657,-0.722747564,-0.006077128,0.000155857
21.345033709,-0.000293128,0.005601365,-0.010629100,-0.058975529,-0.000374945,-0.006274876,0.001499340,-0.003597635,0.058499422,-0.016787326,0.003441159,0.023376318,-344.248626709,329.510772705,-1159.431030273,2029.819702148,156.122909546,1054.416015625,-0.002712378,-0.833161294,-0.756325662,-0.723198950,-0.005911927,0.000139409
21.365183391,-0.000235675,0.005586454,-0.008925254,-0.059195954,-0.000307365,-0.005457928,0.002199730,0.001976770,0.041212015,-0.004984050,0.001735218,0.017435007,-101.586044312,68.486907959,-111.951911926,-493.631530762,112.498245239,369.361572266,0.001817746,-0.876483560,-0.763450027,-0.741303504,-0.005895901,0.000052534
21.385364637,-0.000235101,0.005581956,-0.008078685,-0.059596740,-0.000266343,-0.005133457,-0.000051371,0.000978164,0.042077776,-0.010069625,0.001725934,0.011363221,-108.457817078,282.722747803,-1086.003540039,2193.124267578,-47.214244843,180.964187622,0.005290606,-0.889560223,-0.788036287,-0.725757420,-0.006378182,0.000014613
21.405427222,-0.000206618,0.005528857,-0.007186265,-0.059879247,-0.000216417,-0.004698593,-0.000339220,-0.002183910,0.046899967,-0.010901786,0.002877702,0.013424255,-358.564910889,296.210784912,-1125.781494141,2174.157470703,-47.558059692,756.105834961,-0.002971575,-0.887307286,-0.794493675,-0.726976275,-0.006497059,0.000079134
21.425571697,-0.000172712,0.005470434,-0.006326323,-0.060103070,-0.000177498,-0.004245278,0.000872491,-0.003043084,0.047143318,-0.011717292,0.003176514,0.016759807,-350.758209229,274.578948975,-981.734497070,1684.342651367,67.001388550,922.810485840,-0.003434043,-0.883888423,-0.796699584,-0.731121182,-0.006167400,0.000111067
21.445671033,-0.000152883,0.005410344,-0.005490145,-0.060348976,-0.000144562,-0.003830350,0.000923380,-0.003161929,0.045781549,-0.012119402,0.002567527,0.016879831,-225.708831787,240.520401001,-854.501770020,1481.535766602,80.648353577,703.908325195,-0.000489972,-0.884415984,-0.799000621,-0.731516182,-0.006070347,0.000099665
21.465751902,-0.000139624,0.005444159,-0.004302003,-0.060562048,-0.000094953,-0.003386700,-0.000278957,0.000401745,0.033339765,-0.007479965,0.001317950,0.008394618,-76.652427673,218.039398193,-857.529113770,1732.214477539,-52.077167511,102.757064819,0.005434521,-0.925819755,-0.818224430,-0.732580662,-0.006397353,0.000005480
21.485820887,-0.000119586,0.005393147,-0.003597669,-0.060777087,-0.000054987,-0.003063351,-0.000411597,-0.002209208,0.036956046,-0.008067893,0.002239243,0.009922127,-292.288787842,245.704879761,-949.173645020,1823.729614258,-50.899662018,574.645812988,-0.001315031,-0.922130048,-0.822890759,-0.733511031,-0.006468984,0.000053288
21.505895677,-0.000096396,0.005336456,-0.002922556,-0.060948841,-0.000024065,-0.002727668,0.000561413,-0.002981730,0.036993004,-0.008942060,0.002431132,0.012447248,-264.937042236,218.409347534,-792.754333496,1350.477661133,39.537532806,690.455932617,-0.001450896,-0.917437434,-0.823711514,-0.736658871,-0.006214900,0.000081520
21.525968205,-0.000084501,0.005278303,-0.002273022,-0.061135914,0.000002430,-0.002424085,0.000571850,-0.003111652,0.035631441,-0.009323383,0.001964806,0.012457695,-172.267593384,195.629913330,-705.524658203,1208.987060547,51.645244598,543.814575195,0.000841311,-0.915984511,-0.824136198,-0.736907542,-0.006148712,0.000073130
21.546097110,-0.000061538,0.005232388,-0.001259985,-0.061252646,0.000046252,-0.002006647,0.001047922,0.000070893,0.024432203,-0.003006510,0.001075982,0.008955732,-51.168216705,42.209823608,-85.432006836,-303.565979004,43.483161926,184.955642700,0.002814751,-0.935321152,-0.825585127,-0.747070611,-0.006121572,0.000025358
21.566221761,-0.000066531,0.005211413,-0.000774172,-0.061481014,0.000070686,-0.001845704,-0.000281174,-0.000496160,0.024246801,-0.005777431,0.001066440,0.005693438,-47.584865570,155.782211304,-621.153991699,1237.386108398,-34.383213043,78.305641174,0.004873474,-0.940464020,-0.837030768,-0.737693906,-0.006354776,0.000006201
21.586390358,-0.000055200,0.005161816,-0.000272275,-0.061636101,0.000098523,-0.001633288,-0.000404304,-0.002318958,0.026367234,-0.005894314,0.001563111,0.006601340,-189.512710571,166.905456543,-654.287597656,1245.881958008,-33.399250031,354.871765137,0.000059605,-0.936102986,-0.839251578,-0.738158047,-0.006400658,0.000032242
21.606458730,-0.000041635,0.005108994,0.000201283,-0.061757535,0.000120817,-0.001416642,0.000281548,-0.002825052,0.025988363,-0.006414833,0.001649935,0.008132044,-6.130846024,5.340910435,-19.620504379,32.801414490,0.640353858,15.195763588,-0.000038455,-0.930854857,-0.838826418,-0.740325749,-0.006251917,0.000049271
21.626558622,-0.000036169,0.005056863,0.000647592,-0.061887112,0.000139956,-0.001225043,0.000282058,-0.002837772,0.024568157,-0.006621243,0.001342739,0.007985702,-39.485393524,48.456954956,-177.008911133,295.769256592,9.369580269,122.441444397,0.001562221,-0.928203583,-0.837875664,-0.740423262,-0.006211922,0.000044367
21.646638915,-0.000031779,0.005003875,0.001069390,-0.062010542,0.000160149,-0.001054198,0.000085318,-0.002855003,0.023095746,-0.006099500,0.001171894,0.007088704,-102.130752563,128.634689331,-471.979553223,795.471130371,4.089192867,257.951110840,0.001547345,-0.925844848,-0.837693572,-0.740375280,-0.006271272,0.000029211
21.666830450,-0.000019998,0.004947777,0.001706587,-0.062098194,0.000189580,-0.000818452,0.000577957,-0.000712943,0.015274533,-0.002468896,0.000732012,0.005057313,-27.648242950,27.709091187,-64.728797913,-181.111465454,24.690507889,106.134277344,0.002512512,-0.933870316,-0.836885750,-0.746297181,-0.006187617,0.000014873
21.687001114,-0.000025080,0.004923631,0.001998123,-0.062240157,0.000204303,-0.000732026,-0.000247274,-0.000972050,0.014657963,-0.003920521,0.000662596,0.003146895,-19.793262482,85.153625488,-348.149566650,679.038208008,-18.542781830,36.025039673,0.003790847,-0.935575664,-0.842191637,-0.740532339,-0.006319256,0.000003423
21.707175321,-0.000020217,0.004883889,0.002290258,-0.062333632,0.000220732,-0.000621132,-0.000313459,-0.001969448,0.015406223,-0.003726353,0.000901253,0.003497636,-103.178703308,93.774261475,-376.265441895,699.505554199,-21.203924179,170.935195923,0.000885014,-0.931468368,-0.842530429,-0.740730405,-0.006349196,0.000013202
21.727366198,-0.000014232,0.004843858,0.002557004,-0.062405050,0.000233705,-0.000511507,0.000095641,-0.002180780,0.014709873,-0.003926038,0.000924541,0.004200046,-88.671218872,80.731063843,-303.307312012,484.820037842,6.294814587,203.654998779,0.000869441,-0.926965177,-0.841319203,-0.741926134,-0.006268655,0.000022388
21.747431971,-0.000013049,0.004805623,0.002799965,-0.062479910,0.000244536,-0.000418276,0.000088969,-0.002114379,0.013450555,-0.003975447,0.000737043,0.003993602,-51.216850281,69.244911194,-260.635803223,414.614562988,10.901921272,156.676177979,0.001788737,-0.924087822,-0.839699626,-0.741836786,-0.006246308,0.000020368
21.767495778,-0.000009243,0.004755700,0.003156694,-0.062543303,0.000261429,-0.000298485,0.000266041,-0.000954349,0.008500564,-0.001819328,0.000402223,0.002591453,-13.542196274,13.375817299,-39.000373840,-101.215286255,9.190960884,40.607280731,0.002114418,-0.924895644,-0.837109089,-0.744543552,-0.006237348,0.000005204
21.787662685,-0.000012525,0.004732806,0.003312114,-0.062626570,0.000269740,-0.000256490,-0.000156035,-0.001085200,0.007851458,-0.002577215,0.000374303,0.001556496,-8.528913498,45.522335052,-196.169342041,367.938598633,-12.325092316,11.730405807,0.002768910,-0.923874080,-0.838797271,-0.741303265,-0.006301701,0.000000669
21.807833136,-0.000010620,0.004701989,0.003461797,-0.062682636,0.000278376,-0.000204116,-0.000184416,-0.001599377,0.007929904,-0.002430345,0.000478029,0.001673564,-51.662857056,46.974990845,-198.787017822,355.531982422,-11.624185562,78.057731628,0.001205213,-0.919763088,-0.837797523,-0.741237521,-0.006311112,0.000004977
21.828014991,-0.000008081,0.004671586,0.003592005,-0.062725551,0.000284928,-0.000154590,0.000038227,-0.001683564,0.007240402,-0.002486284,0.000465700,0.001955443,-39.381511688,35.546577454,-141.632125854,209.588104248,2.935050726,85.294204712,0.001165058,-0.915453017,-0.835962713,-0.741711676,-0.006268858,0.000009204
21.848163167,-0.000007083,0.004625384,0.003771428,-0.062779471,0.000293177,-0.000096580,0.000128278,-0.001098186,0.004232603,-0.001603243,0.000196015,0.001275838,-2.747925997,4.564565659,-20.837907791,-54.705394745,5.616825104,16.898788452,0.001765595,-0.911458254,-0.831849694,-0.742494702,-0.006249913,0.000002704
21.868242621,-0.000008653,0.004602631,0.003844330,-0.062830433,0.000297532,-0.000078177,-0.000077911,-0.001179804,0.003696704,-0.001891561,0.000181715,0.000709605,-2.559506416,19.014549255,-91.166954041,161.648101807,-7.239312649,-1.424342990,0.001909526,-0.908496141,-0.831400692,-0.740712225,-0.006288765,-0.000000757
21.888413661,-0.000007592,0.004576372,0.003909781,-0.062867172,0.000301712,-0.000056200,-0.000072862,-0.001414851,0.003491804,-0.001796352,0.000229285,0.000718542,-10.247223854,8.741313934,-40.795978546,67.300697327,-2.794153452,13.093202591,0.001090153,-0.904088736,-0.829617798,-0.740496039,-0.006290044,0.000001179
21.908580865,-0.000006315,0.004550737,0.003961693,-0.062897474,0.000304579,-0.000036903,0.000038955,-0.001433309,0.002931272,-0.001811207,0.000209023,0.000802207,-15.339483261,13.062252045,-58.899616241,73.648475647,1.700309396,32.413955688,0.001036897,-0.899674714,-0.827395976,-0.740481436,-0.006267144,0.000003334
21.928755605,-0.000006149,0.004526201,0.004001396,-0.062927760,0.000306656,-0.000023358,0.000041190,-0.001380584,0.002267782,-0.001772702,0.000141380,0.000670055,-4.712711334,8.300753593,-40.511066437,45.142837524,2.504763842,18.615467072,0.001179927,-0.895694911,-0.825083137,-0.740118921,-0.006261969,0.000002758
21.948816997,-0.000005208,0.004480839,0.004046011,-0.062978044,0.000309775,-0.000009683,0.000049563,-0.001222781,0.000960958,-0.001430278,0.000068196,0.000298078,-0.632534981,0.758964360,-10.550013542,-12.347142220,-0.166025296,-0.388254523,0.000937636,-0.888112783,-0.820784867,-0.739544690,-0.006268137,-0.000000199
21.968905566,-0.000005004,0.004458598,0.004057641,-0.063007012,0.000310898,-0.000006261,0.000018230,-0.001224954,0.000601546,-0.001465815,0.000054695,0.000155930,0.333823472,2.526772261,-18.804363251,22.710838318,-1.412927151,-1.684765458,0.000865832,-0.884034276,-0.818841815,-0.738844812,-0.006272011,-0.000000268
21.989073444,-0.000004288,0.004436068,0.004063694,-0.063032314,0.000311753,-0.000003253,0.000023059,-0.001250641,0.000338865,-0.001410417,0.000048775,0.000120536,-2.284283161,1.459814191,-12.896620750,12.239774704,-0.798057675,2.068009853,0.000608862,-0.879689693,-0.816637456,-0.738445938,-0.006271016,-0.000000043
